approach,corpus,query,type,k,method,chunking,answer_length,is_idk,answer_text
hard_filter,uk,what was the specific budget allocated to security in 2024?,hard_filter,3,DENSE,fixed,113,1,":
The specific budget allocated to security in 2024 was not mentioned in the provided context.

SOURCES: [1], [2]"
hard_filter,uk,What was the specific amount allocated to support the public sector for National Insurance costs in 2025?,hard_filter,3,DENSE,fixed,134,0,":
The specific amount allocated to support the public sector for National Insurance costs in 2025 was £1.8 billion.

SOURCES: [1], [2]"
hard_filter,uk,What is the current official position regarding the State of Israel?,recency,3,DENSE,fixed,207,0,":
The current official position regarding the State of Israel is that the Israeli Government has not given up hope that a ceasefire can be reached and that it will work to deliver one. [1]

SOURCES: [1], [2]"
hard_filter,uk,What is the current official position regarding Hamas/Gaza?,recency,3,DENSE,fixed,244,0,":
The current official position regarding Hamas/Gaza is that the UK Government supports a negotiated two-state solution with a sovereign Palestinian state, including the west bank and Gaza, alongside a safe and secure Israel.

SOURCES: [1], [2]"
hard_filter,uk,Was the official position in the last quarter of 2023 supportive of the State of Israel?,recency,3,DENSE,fixed,185,0,":
The official position in the last quarter of 2023 was not supportive of the State of Israel, according to [1] SOURCE_FILE: exe3/clean-text/UK/debates2023-07-04.txt.

SOURCES: [1], [2]"
hard_filter,uk,Was the official position in the last quarter of 2023 supportive of Hamas/Gaza?,recency,3,DENSE,fixed,104,0,":
The official position in the last quarter of 2023 was not supportive of Hamas/Gaza.

SOURCES: [1], [2]"
hard_filter,uk,Has the official position in the last quarter of 2023 changed relative to the official position in the last quarter of 2025?,recency,3,DENSE,fixed,149,0,":
The official position in the last quarter of 2023 has not changed relative to the official position in the last quarter of 2025.

SOURCES: [1], [2]"
hard_filter,uk,What is the latest official position regarding legislation on the protection of veterans?,recency,3,DENSE,fixed,19,0,":
SOURCES: [1], [2]"
hard_filter,uk,how did the prime minister/president's rhetoric regarding the war between israel and hamas/gaza change between his first and last speech?,evolution,3,DENSE,fixed,243,0,":
The Prime Minister's rhetoric regarding the war between Israel and Hamas/gaza changed from expressing solidarity with Israeli victims of Hamas terrorism to condemning Hamas' actions and advocating for a political solution.

SOURCES: [1], [2]"
hard_filter,uk,How has the approach to the restoration and maintenance of local and community infrastructure changed between late 2023 and late 2024?,evolution,3,DENSE,fixed,152,0,":
The approach to the restoration and maintenance of local and community infrastructure has changed between late 2023 and late 2024. 

SOURCES: [1], [2]"
hard_filter,uk,who is the minister of defense/secretary of defense?,ambiguity,3,DENSE,fixed,60,0,":
The Minister of Defence is Jeremy Hunt.

SOURCES: [1], [2]"
hard_filter,uk,Who holds the position responsible for Rural Development?,ambiguity,3,DENSE,fixed,19,0,":
SOURCES: [1], [2]"
hard_filter,uk,what was the specific budget allocated to security in 2024?,hard_filter,3,DENSE,parentSon,113,1,":
The specific budget allocated to security in 2024 was not mentioned in the provided context.

SOURCES: [1], [2]"
hard_filter,uk,What was the specific amount allocated to support the public sector for National Insurance costs in 2025?,hard_filter,3,DENSE,parentSon,134,0,":
The specific amount allocated to support the public sector for National Insurance costs in 2025 was £1.8 billion.

SOURCES: [3], [2]"
hard_filter,uk,What is the current official position regarding the State of Israel?,recency,3,DENSE,parentSon,191,0,":
The current official position regarding the State of Israel is that humanitarian aid should never be used as a political tool and Israel must restart the aid immediately.

SOURCES: [1], [2]"
hard_filter,uk,What is the current official position regarding Hamas/Gaza?,recency,3,DENSE,parentSon,260,0,":
The current official position regarding Hamas/Gaza is that the UK government has not made any decisions on how to proceed with the situation, but it has expressed concerns about the humanitarian crisis in Gaza and the need for a ceasefire.

SOURCES: [1], [2]"
hard_filter,uk,Was the official position in the last quarter of 2023 supportive of the State of Israel?,recency,3,DENSE,parentSon,19,0,":
SOURCES: [1], [2]"
hard_filter,uk,Was the official position in the last quarter of 2023 supportive of Hamas/Gaza?,recency,3,DENSE,parentSon,97,0,":
The official position in the last quarter of 2023 was not explicitly stated.

SOURCES: [1], [2]"
hard_filter,uk,Has the official position in the last quarter of 2023 changed relative to the official position in the last quarter of 2025?,recency,3,DENSE,parentSon,145,0,":
Has the official position in the last quarter of 2023 changed relative to the official position in the last quarter of 2025? 
SOURCES: [1], [2]"
hard_filter,uk,What is the latest official position regarding legislation on the protection of veterans?,recency,3,DENSE,parentSon,261,0,":
The latest official position regarding legislation on the protection of veterans is that the Government's current remedial order is drafted to help the likes of Gerry Adams sue the British taxpayer while throwing our veterans to the wolves.

SOURCES: [1], [2]"
hard_filter,uk,how did the prime minister/president's rhetoric regarding the war between israel and hamas/gaza change between his first and last speech?,evolution,3,DENSE,parentSon,386,0,":
The Prime Minister's rhetoric regarding the war between Israel and Hamas/gaza changed from emphasizing unity in condemning terrorism and supporting Israel's right to self-defence (as stated in his first speech) to advocating for an immediate bilateral ceasefire in Gaza and pressuring all sides to agree to such a ceasefire (as stated in his second speech). [1] [2]

SOURCES: [1], [2]"
hard_filter,uk,How has the approach to the restoration and maintenance of local and community infrastructure changed between late 2023 and late 2024?,evolution,3,DENSE,parentSon,151,0,":
The approach to the restoration and maintenance of local and community infrastructure has changed between late 2023 and late 2024.

SOURCES: [1], [2]"
hard_filter,uk,who is the minister of defense/secretary of defense?,ambiguity,3,DENSE,parentSon,60,0,":
The Minister of Defence is Rishi Sunak.

SOURCES: [1], [2]"
hard_filter,uk,Who holds the position responsible for Rural Development?,ambiguity,3,DENSE,parentSon,127,0,":
The position responsible for Rural Development is held by the Department for Environment, Food and Rural Affairs (Defra). [1]"
hard_filter,uk,what was the specific budget allocated to security in 2024?,hard_filter,3,BM25,fixed,19,0,":
SOURCES: [1], [2]"
hard_filter,uk,What was the specific amount allocated to support the public sector for National Insurance costs in 2025?,hard_filter,3,BM25,fixed,138,0,":
The specific amount allocated to support the public sector for National Insurance costs in 2025 was £880 million [1].

SOURCES: [1], [2]"
hard_filter,uk,What is the current official position regarding the State of Israel?,recency,3,BM25,fixed,130,0,":
The current official position regarding the State of Israel is not explicitly stated in the provided context.

SOURCES: [1], [2]"
hard_filter,uk,What is the current official position regarding Hamas/Gaza?,recency,3,BM25,fixed,455,0,":
The current official position regarding Hamas/Gaza is that Britain will continue to play its full part in supporting a ceasefire and a wider peace initiative, but there are concerns about the terms of the ceasefire being adhered to. The situation in Gaza remains fragile, with reports of masked Hamas gunmen carrying out summary executions, their continued hoarding and disruption of aid to starve Gazans, and their refusal to disarm.

SOURCES: [1], [2]"
hard_filter,uk,Was the official position in the last quarter of 2023 supportive of the State of Israel?,recency,3,BM25,fixed,113,0,":
The official position in the last quarter of 2023 was not supportive of the State of Israel.

SOURCES: [1], [2]"
hard_filter,uk,Was the official position in the last quarter of 2023 supportive of Hamas/Gaza?,recency,3,BM25,fixed,104,0,":
The official position in the last quarter of 2023 was not supportive of Hamas/Gaza.

SOURCES: [1], [2]"
hard_filter,uk,Has the official position in the last quarter of 2023 changed relative to the official position in the last quarter of 2025?,recency,3,BM25,fixed,145,0,":
Has the official position in the last quarter of 2023 changed relative to the official position in the last quarter of 2025?

SOURCES: [1], [2]"
hard_filter,uk,What is the latest official position regarding legislation on the protection of veterans?,recency,3,BM25,fixed,298,0,":
The latest official position regarding legislation on the protection of veterans is that the UK Government continues to provide support for veterans through various initiatives, including the Defence Spending Review 2023, which aims to increase defence spending to 2.5% of GDP.

SOURCES: [1], [2]"
hard_filter,uk,how did the prime minister/president's rhetoric regarding the war between israel and hamas/gaza change between his first and last speech?,evolution,3,BM25,fixed,307,0,":
The Prime Minister's rhetoric regarding the war between Israel and Hamas/gaza changed from condemning her genocidal words to supporting the case against Israel at the International Court of Justice, and urging the Israeli ambassador for expelling her for her genocidal rhetoric. [1] [2]

SOURCES: [3], [4]"
hard_filter,uk,How has the approach to the restoration and maintenance of local and community infrastructure changed between late 2023 and late 2024?,evolution,3,BM25,fixed,151,0,":
The approach to the restoration and maintenance of local and community infrastructure has changed between late 2023 and late 2024.

SOURCES: [1], [2]"
hard_filter,uk,who is the minister of defense/secretary of defense?,ambiguity,3,BM25,fixed,64,0,":
The Minister of Defence is Jeremy Hunt [1], [2].

SOURCES: [3]"
hard_filter,uk,Who holds the position responsible for Rural Development?,ambiguity,3,BM25,fixed,114,0,":
The position responsible for Rural Development is held by the Secretary of State [1] and the Home Secretary [2]."
hard_filter,uk,what was the specific budget allocated to security in 2024?,hard_filter,3,BM25,parentSon,113,1,":
The specific budget allocated to security in 2024 was not mentioned in the provided context.

SOURCES: [1], [2]"
hard_filter,uk,What was the specific amount allocated to support the public sector for National Insurance costs in 2025?,hard_filter,3,BM25,parentSon,138,0,":
The specific amount allocated to support the public sector for National Insurance costs in 2025 was £880 million [1].

SOURCES: [1], [2]"
hard_filter,uk,What is the current official position regarding the State of Israel?,recency,3,BM25,parentSon,245,0,":
The current official position regarding the State of Israel is that the UK government supports a two-state solution to the Israeli-Palestinian conflict and has expressed concerns about the human rights situation in Gaza. [1]

SOURCES: [2], [3]"
hard_filter,uk,What is the current official position regarding Hamas/Gaza?,recency,3,BM25,parentSon,149,0,":
The current official position regarding Hamas/Gaza is that the UK supports the 1967 boundaries and deplores illegal settlements.

SOURCES: [1], [2]"
hard_filter,uk,Was the official position in the last quarter of 2023 supportive of the State of Israel?,recency,3,BM25,parentSon,109,0,":
The official position in the last quarter of 2023 was supportive of the State of Israel.

SOURCES: [1], [2]"
hard_filter,uk,Was the official position in the last quarter of 2023 supportive of Hamas/Gaza?,recency,3,BM25,parentSon,104,0,":
The official position in the last quarter of 2023 was not supportive of Hamas/Gaza.

SOURCES: [1], [2]"
hard_filter,uk,Has the official position in the last quarter of 2023 changed relative to the official position in the last quarter of 2025?,recency,3,BM25,parentSon,149,0,":
The official position in the last quarter of 2023 has not changed relative to the official position in the last quarter of 2025.

SOURCES: [1], [2]"
hard_filter,uk,What is the latest official position regarding legislation on the protection of veterans?,recency,3,BM25,parentSon,294,0,":
The latest official position regarding legislation on the protection of veterans is that the UK Government aims to ensure that the housing needs of people with disabilities, veterans, and other vulnerable people are prioritized through a local authority lettings agreement.

SOURCES: [1], [2]"
hard_filter,uk,how did the prime minister/president's rhetoric regarding the war between israel and hamas/gaza change between his first and last speech?,evolution,3,BM25,parentSon,200,0,":
The prime minister's rhetoric regarding the war between Israel and Hamas/gaza changed significantly between his first speech in October 2023 and his last speech in December 2023. 

SOURCES: [1], [2]"
hard_filter,uk,How has the approach to the restoration and maintenance of local and community infrastructure changed between late 2023 and late 2024?,evolution,3,BM25,parentSon,302,0,":
The approach to the restoration and maintenance of local and community infrastructure has changed between late 2023 and late 2024. [1] The Government have said that every penny that would have been spent on HS2 will now be reinvested in local and regional transport infrastructure.

SOURCES: [1], [2]"
hard_filter,uk,who is the minister of defense/secretary of defense?,ambiguity,3,BM25,parentSon,68,0,":
The current Minister of Defence is Ben Wallace.

SOURCES: [1], [2]"
hard_filter,uk,Who holds the position responsible for Rural Development?,ambiguity,3,BM25,parentSon,135,0,":
The Minister responsible for Rural Development is the Department for Environment, Food and Rural Affairs (Defra). 

SOURCES: [1], [2]"
hard_filter,uk,what was the specific budget allocated to security in 2024?,hard_filter,5,DENSE,fixed,113,1,":
The specific budget allocated to security in 2024 was not mentioned in the provided context.

SOURCES: [1], [2]"
hard_filter,uk,What was the specific amount allocated to support the public sector for National Insurance costs in 2025?,hard_filter,5,DENSE,fixed,19,0,":
SOURCES: [1], [2]"
hard_filter,uk,What is the current official position regarding the State of Israel?,recency,5,DENSE,fixed,238,0,":
The current official position regarding the State of Israel is that the Foreign Secretary has not given up hope that a ceasefire can be reached, and that the Government will continue to work towards this goal. [1] [2]

SOURCES: [3], [4]"
hard_filter,uk,What is the current official position regarding Hamas/Gaza?,recency,5,DENSE,fixed,783,0,":
The current official position regarding Hamas/Gaza is that the UK government supports a two-state solution with a sovereign Palestinian state, including the West Bank and Gaza, alongside a safe and secure Israel. The government has made it clear that they oppose any effort to move Palestinians in Gaza to neighboring Arab states against their will and have expressed concerns about the use of starvation as a weapon of war by Hamas.

The UK has also taken steps to increase aid delivery into Gaza, including appointing a special representative for humanitarian affairs and increasing the amount of aid available. The government has also called for urgent de-escalation in the conflict and has expressed support for the release of all remaining Israeli hostages.

SOURCES: [1], [2]"
hard_filter,uk,Was the official position in the last quarter of 2023 supportive of the State of Israel?,recency,5,DENSE,fixed,19,0,":
SOURCES: [1], [2]"
hard_filter,uk,Was the official position in the last quarter of 2023 supportive of Hamas/Gaza?,recency,5,DENSE,fixed,19,0,":
SOURCES: [1], [2]"
hard_filter,uk,Has the official position in the last quarter of 2023 changed relative to the official position in the last quarter of 2025?,recency,5,DENSE,fixed,145,0,":
Has the official position in the last quarter of 2023 changed relative to the official position in the last quarter of 2025?

SOURCES: [1], [2]"
hard_filter,uk,What is the latest official position regarding legislation on the protection of veterans?,recency,5,DENSE,fixed,29,0,":
SOURCES: [1], [2], [3], [4]"
hard_filter,uk,how did the prime minister/president's rhetoric regarding the war between israel and hamas/gaza change between his first and last speech?,evolution,5,DENSE,fixed,219,0,":
The Prime Minister's rhetoric regarding the war between Israel and Hamas/gaza changed from expressing solidarity with Israeli victims of Hamas terrorism to condemning Hamas actions. [1] [2] [3]

SOURCES: [1], [2], [3]"
hard_filter,uk,How has the approach to the restoration and maintenance of local and community infrastructure changed between late 2023 and late 2024?,evolution,5,DENSE,fixed,168,0,":
The approach to the restoration and maintenance of local and community infrastructure has changed between late 2023 and late 2024. [1] [2] [3]

SOURCES: [1], [2], [3]"
hard_filter,uk,who is the minister of defense/secretary of defense?,ambiguity,5,DENSE,fixed,19,0,":
SOURCES: [1], [2]"
hard_filter,uk,Who holds the position responsible for Rural Development?,ambiguity,5,DENSE,fixed,74,0,":
The Minister responsible for Rural Development is Michael Gove [1], [2]."
hard_filter,uk,what was the specific budget allocated to security in 2024?,hard_filter,5,DENSE,parentSon,118,1,":
The specific budget allocated to security in 2024 was not mentioned in the provided context.

SOURCES: [1], [2], [3]"
hard_filter,uk,What was the specific amount allocated to support the public sector for National Insurance costs in 2025?,hard_filter,5,DENSE,parentSon,19,0,":
SOURCES: [1], [2]"
hard_filter,uk,What is the current official position regarding the State of Israel?,recency,5,DENSE,parentSon,209,0,":
The current official position regarding the State of Israel is that it must restart humanitarian aid immediately, as stated by the Foreign Secretary in his comments on March 20, 2025.

SOURCES: [1], [2], [3]"
hard_filter,uk,What is the current official position regarding Hamas/Gaza?,recency,5,DENSE,parentSon,195,0,":
The current official position regarding Hamas/Gaza is that there is no consensus on how to proceed and that efforts are being made to address the humanitarian crisis in Gaza.

SOURCES: [1], [2]"
hard_filter,uk,Was the official position in the last quarter of 2023 supportive of the State of Israel?,recency,5,DENSE,parentSon,24,0,":
SOURCES: [1], [2], [3]"
hard_filter,uk,Was the official position in the last quarter of 2023 supportive of Hamas/Gaza?,recency,5,DENSE,parentSon,136,0,":
The official position in the last quarter of 2023 was not supportive of Hamas/Gaza. [1] SOURCES: [1], [2], [3]

SOURCES: [1], [2], [3]"
hard_filter,uk,Has the official position in the last quarter of 2023 changed relative to the official position in the last quarter of 2025?,recency,5,DENSE,parentSon,241,0,":
The official position has not changed relative to the official position in the last quarter of 2023, as there is no mention of any changes or updates regarding the devolution of employment law by the end of 2025. [1] [2]

SOURCES: [1], [2]"
hard_filter,uk,What is the latest official position regarding legislation on the protection of veterans?,recency,5,DENSE,parentSon,19,0,":
SOURCES: [1], [2]"
hard_filter,uk,how did the prime minister/president's rhetoric regarding the war between israel and hamas/gaza change between his first and last speech?,evolution,5,DENSE,parentSon,235,0,":
The Prime Minister's rhetoric regarding the war between Israel and Hamas/gaza changed from emphasizing dialogue and a two-state solution to pressuring all sides to agree on an immediate bilateral ceasefire in Gaza.

SOURCES: [1], [2]"
hard_filter,uk,How has the approach to the restoration and maintenance of local and community infrastructure changed between late 2023 and late 2024?,evolution,5,DENSE,parentSon,151,0,":
The approach to the restoration and maintenance of local and community infrastructure has changed between late 2023 and late 2024.

SOURCES: [1], [2]"
hard_filter,uk,who is the minister of defense/secretary of defense?,ambiguity,5,DENSE,parentSon,19,0,":
SOURCES: [1], [2]"
hard_filter,uk,Who holds the position responsible for Rural Development?,ambiguity,5,DENSE,parentSon,19,0,":
SOURCES: [1], [2]"
hard_filter,uk,what was the specific budget allocated to security in 2024?,hard_filter,5,BM25,fixed,19,0,":
SOURCES: [1], [2]"
hard_filter,uk,What was the specific amount allocated to support the public sector for National Insurance costs in 2025?,hard_filter,5,BM25,fixed,19,0,":
SOURCES: [1], [2]"
hard_filter,uk,What is the current official position regarding the State of Israel?,recency,5,BM25,fixed,162,0,":
The current official position regarding the State of Israel is that the Israeli Government controls the crossings into Gaza. [1] [2] [3]

SOURCES: [1], [2], [3]"
hard_filter,uk,What is the current official position regarding Hamas/Gaza?,recency,5,BM25,fixed,19,0,":
SOURCES: [1], [2]"
hard_filter,uk,Was the official position in the last quarter of 2023 supportive of the State of Israel?,recency,5,BM25,fixed,19,0,":
SOURCES: [1], [2]"
hard_filter,uk,Was the official position in the last quarter of 2023 supportive of Hamas/Gaza?,recency,5,BM25,fixed,19,0,":
SOURCES: [1], [2]"
hard_filter,uk,Has the official position in the last quarter of 2023 changed relative to the official position in the last quarter of 2025?,recency,5,BM25,fixed,173,0,":
Based on the provided context, there is no mention of a change in the official position regarding the memorial cost estimate between 2023 and 2025.

SOURCES: [1], [2], [3]"
hard_filter,uk,What is the latest official position regarding legislation on the protection of veterans?,recency,5,BM25,fixed,235,0,":
The latest official position regarding legislation on the protection of veterans is that the Government has successfully reduced inflation by more than half and made the cost of living more affordable for veterans.

SOURCES: [1], [2]"
hard_filter,uk,how did the prime minister/president's rhetoric regarding the war between israel and hamas/gaza change between his first and last speech?,evolution,5,BM25,fixed,323,0,":
The Prime Minister's rhetoric regarding the war between Israel and Hamas/gaza changed from condemning the Israeli actions to urging Israel to take action against Hamas and demanding an immediate ceasefire, with some critics arguing that this shift in tone was inconsistent with his previous statements.

SOURCES: [1], [2]"
hard_filter,uk,How has the approach to the restoration and maintenance of local and community infrastructure changed between late 2023 and late 2024?,evolution,5,BM25,fixed,270,0,":
The approach to the restoration and maintenance of local and community infrastructure has changed between late 2023 and late 2024, with a shift towards greater investment in rural areas and a recognition of the importance of local projects. [1]

SOURCES: [1], [2], [3]"
hard_filter,uk,who is the minister of defense/secretary of defense?,ambiguity,5,BM25,fixed,24,0,":
SOURCES: [1], [2], [3]"
hard_filter,uk,Who holds the position responsible for Rural Development?,ambiguity,5,BM25,fixed,19,0,":
SOURCES: [1], [2]"
hard_filter,uk,what was the specific budget allocated to security in 2024?,hard_filter,5,BM25,parentSon,112,0,":
The specific budget allocated to security in 2024 is not mentioned in the provided context. 
SOURCES: [1], [2]"
hard_filter,uk,What was the specific amount allocated to support the public sector for National Insurance costs in 2025?,hard_filter,5,BM25,parentSon,24,0,":
SOURCES: [1], [2], [3]"
hard_filter,uk,What is the current official position regarding the State of Israel?,recency,5,BM25,parentSon,396,0,":
The current official position regarding the State of Israel is that the UK government supports the Palestinian cause and has been critical of Israeli actions in Gaza. The government has expressed concerns about the human rights situation in Gaza and has called for an end to the blockade. However, it has also stated that it will continue to provide humanitarian aid to Gaza.

SOURCES: [1], [2]"
hard_filter,uk,What is the current official position regarding Hamas/Gaza?,recency,5,BM25,parentSon,473,0,":
The current official position regarding Hamas/Gaza is that the UK supports the 1967 boundaries and deplores illegal settlements, but does not support the annexation of Gaza [1]. The UK has called for Israel to abide by UNSC resolution 2286 on the protection of civilians and healthcare. The Government's actions are being scrutinized by the International Court of Justice, which has denounced Israel's occupation of Palestinian territories as unlawful.

SOURCES: [1], [2]"
hard_filter,uk,Was the official position in the last quarter of 2023 supportive of the State of Israel?,recency,5,BM25,parentSon,19,0,":
SOURCES: [1], [2]"
hard_filter,uk,Was the official position in the last quarter of 2023 supportive of Hamas/Gaza?,recency,5,BM25,parentSon,24,0,":
SOURCES: [1], [2], [3]"
hard_filter,uk,Has the official position in the last quarter of 2023 changed relative to the official position in the last quarter of 2025?,recency,5,BM25,parentSon,145,0,":
Has the official position in the last quarter of 2023 changed relative to the official position in the last quarter of 2025? 
SOURCES: [1], [2]"
hard_filter,uk,What is the latest official position regarding legislation on the protection of veterans?,recency,5,BM25,parentSon,19,0,":
SOURCES: [1], [2]"
hard_filter,uk,how did the prime minister/president's rhetoric regarding the war between israel and hamas/gaza change between his first and last speech?,evolution,5,BM25,parentSon,19,0,":
SOURCES: [1], [2]"
hard_filter,uk,How has the approach to the restoration and maintenance of local and community infrastructure changed between late 2023 and late 2024?,evolution,5,BM25,parentSon,235,0,":
The approach to the restoration and maintenance of local and community infrastructure has changed between late 2023 and late 2024, with an increased focus on proactive, high-quality structural maintenance services.

SOURCES: [1], [2]"
hard_filter,uk,who is the minister of defense/secretary of defense?,ambiguity,5,BM25,parentSon,60,0,":
The Minister of Defence is Jeremy Hunt.

SOURCES: [1], [2]"
hard_filter,uk,Who holds the position responsible for Rural Development?,ambiguity,5,BM25,parentSon,19,0,":
SOURCES: [1], [2]"
hard_filter,uk,what was the specific budget allocated to security in 2024?,hard_filter,8,DENSE,fixed,1605,0,":
The text appears to be a transcript of a debate on the UK government's budget and tax policies, specifically focusing on the 2024-25 spending review. Here are some key points that can be extracted from the text:

1. **Stability rule**: The Government aims to bring the current Budget into balance by meeting its stability rule, which means balancing day-to-day spending with a surplus in future years.
2. **Taxation and spending**: The Government is committed to reducing wasteful spending and increasing efficiency, while also investing in public services such as education, healthcare, and infrastructure.
3. **Agricultural budget**: The Government has committed £5 billion to the agricultural budget over two years, with a focus on sustainable food production and nature recovery.
4. **Farming reform**: The Government is reviewing its approach to farming reform, including changes to inheritance tax relief for farmland owners who inherit property after death.
5. **Farmers' concerns**: Farmers in Calder Valley are concerned about the impact of the autumn Budget on their businesses, particularly with regards to trade deals and biosecurity measures.
6. **New deal for farmers**: The Government has announced a new deal for farmers, which includes increased supply chain fairness, improved working conditions, and support for rural areas.
7. **Countryside stewardship scheme**: The Government is introducing a higher-tier scheme for countryside stewardship, which will provide additional funding for conservation efforts.

Overall, the debate highlights the Government's commitment to reducing wast"
hard_filter,uk,What was the specific amount allocated to support the public sector for National Insurance costs in 2025?,hard_filter,8,DENSE,fixed,1542,0,":
The text appears to be a transcript of a parliamentary debate in the UK Parliament. Here's a summary of the key points:

**National Insurance Contributions (NICs)**

* The Labour Government has announced an increase in National Insurance Contributions (NICs) from April 2025.
* This will affect employees, including those in the public sector and private industry.
* The increase is part of a broader effort to fund public services and repair the public finances.

**Economic Impact**

* The NICs hike is expected to have a significant impact on businesses and individuals, particularly those with lower incomes.
* Some experts have raised concerns about the potential for increased prices and reduced purchasing power.

**Grassroots Football**

* The Labour Government has announced plans to introduce a new regulator to support grassroots football clubs.
* This will include measures to help secure funding for clubs, including energy price relief.

**Ticket Prices**

* The Minister for Creative Industries, Arts and Tourism has assured fans that ticket prices will not be affected by the NICs hike.
* Fans will still have access to affordable tickets through various options, such as season passes or group bookings.

**Other Issues**

* The Labour Government is committed to its manifesto commitment to support football at all levels of the pyramid.
* The Minister for Creative Industries, Arts and Tourism has also announced plans to strengthen the Football Governance Bill, which will be discussed in Committee stage later this year."
hard_filter,uk,What is the current official position regarding the State of Israel?,recency,8,DENSE,fixed,1611,0,":
The text appears to be a transcript of a parliamentary debate on various topics related to international relations, security, and human rights. Here's a summary of the key points:

**International Relations**

* The UK has been critical of Israel's actions in Gaza and the West Bank, including settlement expansion.
* The Foreign Secretary was asked about sanctions against Israel, with some MPs expressing frustration that the UK is not doing more to hold Israel accountable for its actions.
* The UK has imposed sanctions on Hamas, but also on Israeli companies involved in the occupation.

**Human Rights**

* The Foreign Secretary was questioned about human rights abuses in Gaza and the West Bank, including reports of violence against civilians and restrictions on movement.
* The UK has called for an end to settlement expansion and a two-state solution to the conflict.

**Climate Change**

* Climate change is mentioned as a priority area for development spending, with the Foreign Secretary emphasizing the need to address upstream work in Ukraine.
* The UK has also been critical of China's support for Russia's actions in Ukraine.

**Polio Eradication**

* The Foreign Secretary was asked about efforts to eradicate polio, including in Gaza and Afghanistan/Pakistan.
* The UK has provided funding to help eradicate polio, with 600,000 children having received treatment since the campaign began.

**Palestinian Statehood**

* The Foreign Secretary was questioned about the future of a Palestinian state, including the condition that any such state must not threaten Israel's existence.
* President"
hard_filter,uk,What is the current official position regarding Hamas/Gaza?,recency,8,DENSE,fixed,1568,0,":
The Secretary of State for Levelling Up, Housing, Communities and Regional Development (also known as the Minister for Levelling Up) has responded to a series of questions from MPs about their government's response to the situation in Gaza.

In response to the question about whether the Government acknowledges that what is happening in northern Gaza is a campaign of ethnic cleansing, the Secretary of State said: ""The situation on the ground in Gaza is horrendous... We urgently want to see a deal done to end the suffering on all sides.""

Regarding the issue of women and girls in Gaza, the Secretary of State said: ""We have raised those issues specifically, but I want to be straightforward with the House: we are clear that insufficient aid of all kinds is getting into Gaza. The situation on the ground in Gaza is horrendous...""

The Secretary of State also responded to questions about their government's response to the detention of Dr Hussam Abu Safiya and the ceasefire drafted by Israel.

Regarding the issue of UNRWA, the Secretary of State said: ""We remain directly in contact with Israel, with UN agencies and with other partners in the region... That is obviously at ministerial level and also with our special representative for humanitarian issues in the Occupied Palestinian Territories.""

Finally, the Secretary of State responded to questions about the supply of arms to Israel from the UK.

In response to a question about whether the UK has supplied engines or parts for the Hermes 450 drone used by the Israeli military in Gaza, the Secretary"
hard_filter,uk,Was the official position in the last quarter of 2023 supportive of the State of Israel?,recency,8,DENSE,fixed,1656,0,":
The article appears to be a transcript of a debate in the UK Parliament on various topics related to the Middle East conflict. Here's a summary of the key points:

**Hamas rocket attacks**

* The Prime Minister (Alistair Darling) condemned Hamas for carrying out terrorist attacks on Israel.
* He emphasized that the UK will continue to support Israel's right to defend itself against terrorism.

**Settlements and occupation**

* The Government acknowledged that settlements are a major obstacle to peace in the Middle East, but did not commit to stopping them entirely.
* The Minister (David Lamont) stated that the UK is committed to upholding international law and will continue to work on trade with Israel, the Palestinian Authority, and the Occupied Territories.

**Human rights abuses**

* The Government acknowledged that civilians have been killed and injured in recent violence, but did not commit to investigating or holding accountable those responsible.
* The Minister stated that civilian deaths should lead to investigations and accountability, but emphasized that Israeli forces must exercise maximum restraint when protecting their security interests.

**Trade with Israel**

* The UK will continue to grow its trade with Israel, the Palestinian Authority, and the Occupied Territories.
* The Government is working on measures to prevent goods made in settlements from being imported into the UK.

**Accountability for war crimes**

* The Minister stated that the UK will call the United Nations Security Council together to act on atrocities committed by Hamas and other parties involved in the conflict.
* She emphasized that civilian"
hard_filter,uk,Was the official position in the last quarter of 2023 supportive of Hamas/Gaza?,recency,8,DENSE,fixed,1431,0,":
The Speaker of the House of Commons has asked the Secretary of State for Foreign, Commonwealth and Development Affairs (FCDO) to make a statement in response to several questions related to various topics.

Here are some key points from the statements:

1. **Explosion at Al-Ahli Arab Hospital in Gaza**: The FCDO has condemned the explosion at the Al-Ahli Arab Hospital in Gaza as an ""appalling tragedy"" and expressed condolences to the families of the deceased and injured.
2. **Humanitarian crisis in Gaza**: The FCDO acknowledged that the situation in Gaza is a humanitarian crisis, with severe overcrowding, dysentery spreading, and a risk of cholera.
3. **Abraham Accords**: The FCDO has stated that they value the Abraham accords and believe it will bring strategic partners to the table, potentially leading to future peace between Israel and Palestine.
4. **Humanitarian assistance in Gaza**: The FCDO emphasized the need for immediate humanitarian assistance from the international Red Cross to support those affected by the conflict.
5. **Long-term objective of Israeli politicians**: The FCDO stated that their long-term objective is to preserve human life, while also supporting Israel's right and duty of self-defence.

Overall, the statements reflect a range of concerns about the situation in Gaza, including humanitarian needs, security concerns, and the importance of diplomatic efforts to resolve the conflict."
hard_filter,uk,Has the official position in the last quarter of 2023 changed relative to the official position in the last quarter of 2025?,recency,8,DENSE,fixed,1483,0,":
The text appears to be a transcript of a parliamentary debate in the UK House of Commons. It includes various speeches from Members of Parliament (MPs) and questions from other MPs.

Here are some key points that can be extracted from the text:

1. **Motion to amend Levelling-up and Regeneration Bill**: The motion was moved by Angela Rayner, Labour MP for Ashton-under-Lyne, to amend the Levelling-up and Regeneration Bill to include provisions for supplementing its provisions.
2. **Levelling-up and Regeneration Bill amendments**: The proposed amendments would allow for further consideration of Lords Amendments in the next Session of Parliament if the promoters think fit.
3. **Bishop's Stortford Cemetery Bill**: The motion also included a reference to the Bishop's Stortford Cemetery Bill, which was introduced by Sarah Siena Edwards and Alistair Luke Strathern as a private bill.
4. **School funding**: The Secretary of State for Education was asked about progress on ensuring equality of school funding through the national funding formula. She replied that the Government had made significant progress in this area, with core school funding increasing by over 3.9 billion pounds in the 2023-24 academic year.
5. **Worcestershire County Council**: The Secretary of State also mentioned Worcestershire County Council's situation, stating that it was one of the weakest 10 local authorities for funding per pupil.

Overall, the debate appears to be focused on education and"
hard_filter,uk,What is the latest official position regarding legislation on the protection of veterans?,recency,8,DENSE,fixed,1601,0,":
The article appears to be a transcript of a parliamentary debate on the topic of veterans' welfare in Northern Ireland. The speaker is questioning several ministers, including the Secretary of State for Northern Ireland and the Secretary of State for Defence.

Some key points raised by the speaker include:

* The need for greater protection for Army veterans from prosecution and lawfare
* The importance of ensuring that veterans are not subject to punishment or stigma for their service
* The need for more support and resources for veterans, particularly those who have been affected by the legacy Act
* The importance of recognizing the contributions and sacrifices made by veterans in Northern Ireland

The speaker also raises several specific questions about the government's plans to address these issues, including:

* How will the government ensure that veterans are aware of their rights and entitlements?
* What steps is being taken to protect veterans from prosecution and lawfare?
* How will the government support veterans who have been affected by the legacy Act?

The speaker also mentions several specific individuals or organizations who are advocating for better treatment of veterans, including:

* Councillor Jason McNally, an armed forces champion
* Councillor John Fox, a previous armed forces champion
* The Hawk aircraft, which is being replaced with a British-built sovereign capability

Overall, the speaker is calling on the government to take more action to protect and support veterans in Northern Ireland, particularly those who have been affected by the legacy Act."
hard_filter,uk,how did the prime minister/president's rhetoric regarding the war between israel and hamas/gaza change between his first and last speech?,evolution,8,DENSE,fixed,1519,0,":
The text appears to be a speech delivered by the Prime Minister of the United Kingdom on June 29, 2023. Here's a breakdown of the key points:

**Key Issues**

* The Prime Minister addressed various issues related to the Middle East conflict, including:
	+ The ongoing violence in Gaza and its humanitarian crisis
	+ The Israeli-Palestinian conflict and the need for a two-state solution
	+ The role of neighboring countries, particularly Jordan, in resolving the conflict
	+ The importance of addressing Iran's nuclear program and its threat to global security
* The Prime Minister also touched on domestic issues, including:
	+ The need for a national security review of the UK's sanctions regime against Iran
	+ The importance of investing in infrastructure projects, such as high-speed rail lines

**Key Quotes**

* ""There is no moral equivalence between the two sides in this what is happening in Gaza and what happened in the attacks by Iran on Israel""
* ""We will continue to urge the Israelis to take every precaution to avoid harming civilians, while remembering, importantly, that it is Hamas who are cruelly embedding themselves in civilian populations""
* ""The Scottish National party leader we all continue to unequivocally condemn the abhorrent terrorist attack on the Jewish people and the Israeli state""

**Key Calls**

* The Prime Minister called for an immediate ceasefire in Gaza and a safe return of hostages
* He emphasized the need for humanitarian corridors to allow civilians to flee the conflict"
hard_filter,uk,How has the approach to the restoration and maintenance of local and community infrastructure changed between late 2023 and late 2024?,evolution,8,DENSE,fixed,1603,0,":
The text appears to be a transcript of a parliamentary debate or Q&A session. Here's a breakdown of the key points:

**Transport**

* The Minister for Levelling Up tabled a written ministerial statement on transport, but it was not available in the original document.
* The Minister discussed plans to decarbonize transport, including proposals to mandate water companies to improve waste water treatment works and to accelerate protected site strategies.
* The Government is also committing to a package of environmental measures to offset the small amount of additional nutrient discharge attributable to up to 100,000 homes between now and 2030.

**Energy**

* The Minister discussed plans to support people in Shropshire with their energy bills, including providing up to £900 of cost of living support throughout 2023-24.
* Farmers in Shropshire constituencies and the neighbouring Ludlow constituency are among the most productive in the UK and have benefited from the energy bill relief scheme.

**Climate Change**

* The Minister discussed plans to decarbonize transport, including proposals to accelerate protected site strategies for marine archaeology.
* The Government is also committed to a package of environmental measures to offset the small amount of additional nutrient discharge attributable to up to 100,000 homes between now and 2030.

**Wrecks**

* The Minister discussed plans to coordinate activity between new wind farms and marine archaeologists to boost both efforts to combat climate change and protect cultural heritage.
* Existing assets such as wrecks have multiple uses"
hard_filter,uk,who is the minister of defense/secretary of defense?,ambiguity,8,DENSE,fixed,1676,0,":
The text appears to be a transcript of a debate in the House of Commons, specifically on defense spending and NATO membership.

Here are some key points from the debate:

* The Minister for Defence has commented that he and the Government are considering using military barracks to house asylum seekers.
* The Minister also mentioned that Ukraine continues to illustrate how the character of conflict is changing, and that Russia's move to a war footing poses an international security threat.
* The Minister stated that NATO countries need to increase their spending on defense to meet its 2% requirement, but acknowledged that some countries are not yet meeting this target.
* The Minister also mentioned that he has discussed the issue of NATO membership with other partners, including those in Africa, and indicated that they should be encouraged to spend more on defense.

Some notable quotes from the debate include:

* ""We have strengthened our force posture in Estonia, stationed a light cavalry squadron in Poland, provided the NATO mission in Kosovo with personnel, surveillance and reconnaissance capabilities, and provided specialist personnel to the NATO mission in Iraq.""
* ""The national flagship, HMS Queen Elizabeth, sailed over the weekend, and will shortly fly the NATO flag as the NATO flagship while on operations in the Euro-Atlantic.""
* ""We contribute to every NATO mission, declare our nuclear deterrent to NATO, and consistently spend at least 2% of gross domestic product on defense.""

Overall, the debate highlights the ongoing discussion around defense spending and NATO membership, with some Ministers expressing concerns about the current levels"
hard_filter,uk,Who holds the position responsible for Rural Development?,ambiguity,8,DENSE,fixed,1533,0,":
The text appears to be a transcript of a debate in Parliament, specifically on March 4, 2024. Here's a summary of the key points:

**Government's policies**

* The Government has imposed cuts to Agricultural Property Relief and Business Property Relief, which will lead to the end of family farming as it has been known for many generations in the UK.
* The hike in national insurance is also contributing to fuel poverty in rural areas.

**Levelling up**

* The Government continues to look at what more can be done to address levelling up, but there are still challenges to overcome.
* Councils on the frontline of high rural costs are seeing a spate of homelessness.

**Rural communities**

* Rural areas are particularly vulnerable to fuel poverty and are 150% more vulnerable to fuel poverty than other parts of England.
* The Government is allocating £75 million specifically to internal drainage boards in rural constituencies.

**Community volunteers**

* Local individuals and volunteer groups, such as the Friends Together Club in Coatbridge, make a real difference to the lives of 150 local people with additional support needs.
* A debate should be held in Government time about the importance of community volunteers across the UK.

**Flood protection**

* Around 45% of the Government's £5.2 billion investment in flood protection is targeted at rural communities.
* The Minister for Water will allocate £75 million specifically to internal drainage boards, which serve many rural constituencies.

Overall, the debate"
hard_filter,uk,what was the specific budget allocated to security in 2024?,hard_filter,8,DENSE,parentSon,1404,0,":
The text appears to be a speech by a Member of Parliament (MP) on the floor of the House of Commons, discussing various policy issues and budget allocations. Here's a breakdown of the main points:

**Budget Allocation**

* The MP allocates £384 million for SFA maintenance and improvement in 2023-24.
* An additional £400 million is announced as part of the defence Command Paper refresh last July.
* A service person's partner who has had abdominal surgery is unable to access a shower due to financial constraints, prompting an assurance from the Minister.

**Public Services**

* The MP announces an injection of immediate funding over two years (2024-25) to stabilise and support public services.
* Day-to-day spending will grow by 1.5% in real terms, while capital spending will grow by 1.7%.
* The MP prioritises day-to-day funding for key priorities, such as breakfast clubs for children.

**Education**

* The MP triples investment in breakfast clubs to fund them in thousands of schools.
* An additional £300 million is provided for further education next year.
* Special educational needs provision will receive a 1 billion uplift in funding (6% real-terms increase).

**Defence Review**

* A strategic defence review is announced, with the aim of setting a path to spending 2.5% of GDP on defence at a future fiscal event.
* The Ministry of Defence's budget will be increased by £2.9 billion"
hard_filter,uk,What was the specific amount allocated to support the public sector for National Insurance costs in 2025?,hard_filter,8,DENSE,parentSon,1578,0,":
The text appears to be a transcript of a debate in the House of Commons. Here's a summary of the key points:

**Key Debates**

* The Chancellor announced plans to increase builders' tax by 3,000% and add £28,000 to building costs.
* The shadow Chancellor questioned whether this would help deliver new homes for young people.
* The right hon. Lady MP (Angela Rayner) spoke about the importance of housing on the agenda.

**Employment**

* The Chancellor announced plans to introduce mandatory disability pay gap reporting and look at what more can be done to support employers in recruiting and retaining disabled staff.
* The shadow Secretary of State questioned whether this was a ""biggest ever investment"" in employment support.

**Health and Disability Benefits**

* The right hon. Lady MP expressed concerns about the impact of welfare cuts Bill on mental health benefits, particularly for those with arthritis and heart disease.
* She also criticized the Opposition's proposals as being too late and not going far enough.

**Disability Employment Gap**

* The shadow Chancellor questioned whether the Government were committed to working with employers to ensure that no disabled people in the right hon. Lady MP's constituency are written off.
* He also expressed concerns about the disability employment gap, which had fallen under the last Labour Government but stalled under the Tories.

**Personal Independence Payment (PIP)**

* The right hon. Lady MP questioned whether the personal independence payment could be stripped from claimants with certain conditions.
*"
hard_filter,uk,What is the current official position regarding the State of Israel?,recency,8,DENSE,parentSon,1565,0,":
The text appears to be a transcript of a debate in the UK Parliament, specifically on the Israeli-Palestinian conflict. Here's a summary of the key points:

**Key issues:**

1. **Settlement expansion:** The Israeli Government has announced plans to expand settlements in the West Bank, which is considered illegal under international law.
2. **Human rights abuses:** There have been reports of human rights abuses by both Israelis and Palestinians, including torture, arbitrary detention, and restrictions on movement.
3. **Qatar's involvement:** Qatar has been accused of supporting Hamas and providing financial and military aid to the group.

**Government responses:**

1. **UK's position:** The UK government has condemned Israel's settlement expansion and human rights abuses, but has not yet taken concrete steps to address these issues.
2. **Diplomatic efforts:** The UK is working with international partners to coordinate diplomatic efforts aimed at de-escalating the conflict and finding a peaceful solution.

**Specific questions:**

1. **Recognition of Palestine:** The question of whether the UK will recognize a Palestinian state was answered by Prime Minister Rishi Sunak, who stated that he would work towards recognizing a Palestinian state in advance of the UN General Assembly high-level week.
2. **Diplomatic pressure on Hamas:** Liberal Democrats have called for more diplomatic pressure on Hamas to be placed, including the threat to exile the leadership of Hamas from Doha unless hostages are released.

**Condemnation of Israeli actions:**"
hard_filter,uk,What is the current official position regarding Hamas/Gaza?,recency,8,DENSE,parentSon,1128,0,":
The text appears to be a transcript of a debate in the House of Commons, specifically a question-and-answer session with the Foreign Secretary (currently Liz Truss) regarding her government's response to the situation in Gaza.

Some key points from the debate include:

* The UK is committed to preventing genocide and ensuring respect for international humanitarian law.
* The UK has conducted an assessment of its own on the risk that Israel is committing genocide, but it does not agree with the assessment.
* The UK will continue to support efforts to prevent the Israeli attacks on Qatar, despite the comments made by President Herzog.
* The UK's position on recognition of a Palestinian state remains unchanged, and Hamas would need to be disarmed before recognition could go ahead.
* The Prime Minister has stated that he will make a determination in advance of the UN General Assembly high-level week, but it is unclear what this means in practice.

Overall, the debate highlights the ongoing tensions between Israel and Palestine, as well as the UK's commitment to upholding international law and preventing genocide."
hard_filter,uk,Was the official position in the last quarter of 2023 supportive of the State of Israel?,recency,8,DENSE,parentSon,1628,0,":
The article appears to be a transcript of a debate in the House of Commons, specifically an Urgent Question session. Here's a summary of the key points:

**Question**: To ask the Secretary of State for Foreign, Commonwealth and Development Affairs if he will make a statement on the violence in the west bank.

**Response**: The Secretary of State for Foreign, Commonwealth and Development Affairs (Lord Ahmad) provided a statement on the situation in the West Bank. He acknowledged that the situation is ""fragile"" but emphasized the UK's support for Israel's right to defend itself against terrorism. He also expressed concern about the escalating cycle of violence and urged restraint from all parties involved.

**Key points**:

* The Secretary of State highlighted the importance of de-escalation in reducing violence.
* He acknowledged that recent meetings between Israeli and Palestinian officials have not been a silver bullet, but they are an open channel for communication.
* Lord Ahmad emphasized the UK's commitment to supporting Israel's security and its people.
* He also expressed concern about the impact on civilians and urged restraint from all parties involved.

**Follow-up questions**: The questioner asked follow-up questions, including:

* What recent assessment has been made of the implications for his policies of illegal settlements in the Occupied Palestinian Territories?
* What steps is being taken to help secure peace in Israel and the Occupied Palestinian Territories?
* How many there might be within 10 years if the accelerating cycle of violence continues?

**Response**: Lord Ahmad provided"
hard_filter,uk,Was the official position in the last quarter of 2023 supportive of Hamas/Gaza?,recency,8,DENSE,parentSon,1520,0,":
The article appears to be a transcript of a debate in the House of Commons on October 24, 2023. The speaker is not explicitly stated, but based on the content, it seems to be a speech by a Member of Parliament (MP) representing a Conservative Party constituency.

Here are some key points from the debate:

1. **Humanitarian crisis**: The MP expressed concern about the humanitarian situation in Gaza, where thousands of people have been killed and injured, with many more displaced.
2. **Ceasefire**: The MP called for a ceasefire to be imposed on both sides, citing international law and the need to protect civilians.
3. **Support for Ukraine**: The MP reiterated the UK's commitment to supporting Ukraine in its conflict against Russia.
4. **Human rights**: The MP emphasized the importance of upholding human rights, particularly for Palestinian civilians who are being targeted by Israeli forces.
5. **Border control**: The MP discussed the need to tighten border controls to prevent economic migrants from entering the UK and to ensure that those who do come in are not exploited or harmed.
6. **Firearms**: The MP raised concerns about the use of fireworks as weapons, particularly in Scotland, where police officers have been coming under attack.
7. **Retail crime**: The MP expressed concern about retail crime, including violence against shop workers and looting, and called for a zero-tolerance approach to address these issues.

Overall, the debate highlights the MP's commitment to upholding human rights"
hard_filter,uk,Has the official position in the last quarter of 2023 changed relative to the official position in the last quarter of 2025?,recency,8,DENSE,parentSon,1491,0,":
The text appears to be a transcript of a debate in the House of Commons, specifically from a parliamentary question session. Here's a breakdown of the key points:

**Key Debates and Issues**

1. **NHS Data Handling**: The Minister for Health was questioned about how millions of NHS patient records are being handled by Thales, a French defence contractor.
2. **Cranfield University**: The Minister for Universities was asked to outline support for companies like Cranfield Aerospace Solutions in the constituency.
3. **Arctic and Antarctic Research**: The Minister for Environment was asked if he would ask for briefings on British science in these areas.
4. **Regulatory Innovation Office**: Labour's proposal for a regulatory innovation office was discussed, with the Minister expressing interest in exploring this idea.

**Key Statements**

1. **Minister for Universities**: ""We are providing 1.6 billion of funding for the UK's nine Catapults, including the High Value Manufacturing Catapult...""
2. **Minister for Energy Security and Net Zero**: ""We have made significant progress on this... We are moving from often imported fossil fuels to clean home-grown energy sources.""
3. **Minister for Environment**: ""Strengthening our national resilience is a key priority for me and for the whole Government.""

**Key Questions**

1. **Minister for Universities**: Will Labour adopt Labour's proposal for a regulatory innovation office?
2. **Minister for Energy Security and Net Zero**: What"
hard_filter,uk,What is the latest official position regarding legislation on the protection of veterans?,recency,8,DENSE,parentSon,1304,0,":
The text appears to be a transcript of a parliamentary question session in the UK House of Commons. Here are some key points from the discussion:

1. **Veterans' rights**: The Secretary of State for Northern Ireland, Lord Sunak, was questioned about the legacy and reconciliation Act 2023, which is being repealed and replaced by new legislation.
2. **Double jeopardy**: The Secretary of State acknowledged that soldiers who were subject to reviews at the time may be subject to further risk of prosecution under a new replacement for the legacy Act.
3. **Protection of veterans**: Lord Sunak promised to ensure that soldiers who were subject to reviews at the time will not be subject to further risk of prosecution under the Government's replacement for the legacy Act.
4. **Veterans' petition**: The parliamentary petition entitled ""Protect Northern Ireland Veterans from Prosecutions"" with support from various media outlets, including the Daily Mail and the Express, was mentioned as having over 160,000 signatures.
5. **Debate on July 14th**: The petition will be debated in Parliament on July 14th.

Overall, the discussion highlights the ongoing debate about the legacy and reconciliation Act 2023, which has been criticized for its potential to harm veterans who were involved in the Troubles."
hard_filter,uk,how did the prime minister/president's rhetoric regarding the war between israel and hamas/gaza change between his first and last speech?,evolution,8,DENSE,parentSon,1513,0,":
The text appears to be a transcript of a debate in the House of Commons, specifically on February 21, 2024. The speaker is Sir Edward Leigh, the Member for Gainsborough, who is questioning the UK Government's response to the situation in Gaza.

Here are some key points from the speech:

1. **Humanitarian aid**: The speaker expresses concern about the humanitarian crisis in Gaza and the need for urgent action to provide food, water, electricity, and medicine.
2. **Collective punishment**: The speaker criticizes the UK Government's decision not to call for a ceasefire in Gaza, arguing that collective punishment is a war crime under international law.
3. **Hamas responsibility**: The speaker emphasizes that Hamas is responsible for the violence in Gaza and must be held accountable for its actions.
4. **Support for Israel**: The speaker expresses support for Israel's right to defend itself against Hamas, but also acknowledges that the UK should take steps to ensure that the Government are not ""limping to the election"" on payments owed to victims of the infected blood scandal.
5. **Compensation and justice**: The speaker calls for a comprehensive plan to provide compensation and justice to those affected by the infected blood scandal.
6. **RAF Scampton**: The speaker questions whether the UK Government's plans to house asylum seekers at RAF Scampton in Lincoln are safe and will not replicate the incidents that occurred in Cambridge in 2014.

Overall, Sir Edward Leigh is advocating for a more"
hard_filter,uk,How has the approach to the restoration and maintenance of local and community infrastructure changed between late 2023 and late 2024?,evolution,8,DENSE,parentSon,1617,0,":
The text appears to be a transcript of a debate in the House of Commons on a motion related to levelling up and regeneration. The speaker is a member of the Labour Party.

Here's a breakdown of the key points made by the speaker:

1. **Community ownership fund**: The speaker praises the community ownership fund, which has been successful in awarding £36.8 million to 150 projects across the UK.
2. **Udney Park Community Fields Foundation**: The speaker expresses interest in exploring options for saving Udney Park Community Fields Foundation's assets and amenities, including a potential application for the site of Udney Park playing fields and the war memorial pavilion.
3. **Inflation and local authority budgets**: The speaker asks about the Government's assessment of the impact of inflation on local authority budgets and the adequacy of funding for local authorities.
4. **Levelling up and regeneration**: The speaker expresses support for levelling up and regeneration, particularly in their constituency, where they believe it will bring better connectivity and economic prosperity.

Some specific questions asked by the speaker include:

* Will the Minister meet with them to discuss restarting demand-responsive buses piloted by Ealing and another London borough?
* What action are the Government taking to promote on-street charging for electric vehicles outside buildings with multiple residents?
* How is the freight sector addressing the growing problem of theft from lorries in overnight lorry parks and service stations?

Overall, the speaker seems to be advocating for more investment in local"
hard_filter,uk,who is the minister of defense/secretary of defense?,ambiguity,8,DENSE,parentSon,1502,0,":
The text appears to be a transcript of a debate in the House of Commons, specifically on the topic of defence spending and the UK's commitment to increasing its military budget.

Some key points from the debate include:

* The Prime Minister has announced plans to increase defence spending by 2.9 billion pounds next year.
* The Government is committed to spending at least 2.5% of GDP on defence, but there is no timeline for achieving this target.
* The Defence Secretary has stated that the Government will set a clear path to increasing defence spending in the spring.
* The Minister for Veterans' Affairs has announced plans to increase funding for veterans' services and support.
* The Government is investing 2.4 million pounds in improving defences in Carlisle, as part of its ongoing efforts to protect the UK's interests abroad.

Some specific questions raised by MPs include:

* When will the Government decide on a clear path to increasing defence spending?
* Will there be any additional funding for the Ministry of Defence next year?
* How will the Government ensure that submissions from small and medium-sized enterprises (SMEs) are given equal weighting in the strategic defence review?
* What steps will be taken to address the issue of Russia's military spending, which is expected to increase significantly in the coming years?

Overall, the debate highlights the ongoing efforts by the UK Government to increase its defence budget and improve its national security capabilities."
hard_filter,uk,Who holds the position responsible for Rural Development?,ambiguity,8,DENSE,parentSon,1606,0,":
The text appears to be a transcript of a parliamentary debate on various topics related to local government funding and reform. Here's a summary of the key points:

**Leasehold Reform Bill**

* The Government has announced plans to ban the sale of new leasehold houses, but this will not actually happen.
* The Department did not draft provisions for banning the sale of new leasehold houses before publication.
* If the Government rectifies their mistake and adds necessary provisions, they may incorporate measures to reinvigorate commonhold.

**Commonhold**

* The Government intends to bring forward further changes to the Leasehold and Freehold Reform Bill during the process.
* They are not proposing to change leasehold to commonhold under the Bill, but rather aim to make it accessible and available to both prospective homebuyers and existing leaseholders.

**Council Budget Shortfalls**

* The Government is in close contact with sector representative bodies and councils to monitor budgets and service delivery.
* Recent assessments have shown that council budget shortfalls are a significant issue, requiring urgent action to address.

**Leasehold and Commonhold Reform**

* The Government's Leasehold and Freehold Reform Bill aims to improve the lives of leaseholders for the long term.
* The bill will grant freehold homeowners the right to transparency about how their money is spent, challenge companies when contracted services are not provided, and remove contracts from companies if necessary.

**Commonhold**

* The Government plans to make commonhold more accessible and available to"
hard_filter,uk,what was the specific budget allocated to security in 2024?,hard_filter,8,BM25,fixed,1400,0,":
The text appears to be a transcript of a debate in the House of Commons, specifically on the government's plans for the feudal leasehold system and its impact on residents.

Here are some key points from the debate:

1. The government has announced plans to end the feudal leasehold system by the end of this Parliament.
2. The Leasehold and Freehold Reform Act 2024 will be published in due course, which includes provisions to make commonhold the default tenure for new flats and tackle unaffordable ground rent charges.
3. The government is committed to consulting publicly on the best way to achieve this goal.
4. The Minister has expressed the wish of many MPs to see the feudal leasehold system disposed of.
5. The government plans to increase the supply of social housing by implementing changes to the national planning policy framework and providing new flexibilities for councils and housing associations.

Some specific quotes from the debate include:

* ""We intend to consult publicly on the best way to achieve that."" (Minister)
* ""The feudal leasehold system is a relic of the past, and it's time we brought it to an end."" (Minister)
* ""We've consulted on changes to the way that social housing is allocated in our dying days."" (Minister)

Overall, the debate highlights the government's commitment to reforming the feudal leasehold system and increasing the supply of social housing."
hard_filter,uk,What was the specific amount allocated to support the public sector for National Insurance costs in 2025?,hard_filter,8,BM25,fixed,1635,0,":
The text appears to be a transcript of a parliamentary debate on various topics related to politics, economics, and social issues in the United Kingdom. Here's a breakdown of the key points discussed:

**Economic Issues**

* The Labour Government is committed to rebuilding Britain's economy through its plan for change.
* The government aims to increase employment, reduce unemployment, and improve living standards.
* The Employment Rights Bill will provide better protection for workers on zero-hours contracts.

**Energy Security**

* The government has taken steps to support the green energy sector in Scotland, including sanctions against Russian fossil fuel exports.
* The Secretary of State for Energy Security and Net Zero is working with other departments to ensure that the UK's clean power by 2030 mission is achieved.

**Farming and Agriculture**

* The government aims to boost farmers' profitability and sustainability through its plan for change.
* The agricultural budget will be increased, and there are plans to support growth in the sector.

**Animal Welfare**

* The Animal Welfare Committee has provided an opinion on the welfare implications of current and emergent feline breeding practices.
* The Secretary of State is considering updating regulations to include cats.

**Road Safety**

* The government aims to reduce road fatalities by improving safety standards for all vehicles, including those carrying pets.
* The Road Safety Act 2006 will be updated to include cats in the list of animals that must be reported to the authorities if they are killed on the roads.

**Other Topics**

* The Secretary of"
hard_filter,uk,What is the current official position regarding the State of Israel?,recency,8,BM25,fixed,1586,0,":
The article is a transcript of a debate in the House of Commons, UK Parliament, where several MPs asked questions about various issues related to the Israeli-Palestinian conflict and humanitarian crisis in Gaza. Here's a summary of the key points:

**Israeli actions:**

* The article mentions that Israel has taken steps to block humanitarian aid into Gaza, including cutting off electricity and water supplies.
* The UK Government is accused of being slow to respond to these developments and not doing enough to pressure Israel to change its behavior.

**Humanitarian crisis in Gaza:**

* The article highlights the dire situation in Gaza, with over 45,000 Palestinian people having lost their lives due to Israeli actions.
* The UN's emergency relief co-ordinator has warned that a genocide is possible in Gaza if the current ceasefire agreement is not lifted.
* The UK Government has announced an additional £17 million in funding for humanitarian aid, but this will not be enough to address the crisis.

**Two-state solution:**

* The article quotes the Foreign Secretary as saying that a two-state solution is the only way to secure long-term peace and security for Palestinians and Israelis.
* The UK Government has made it clear that they would oppose any effort to move Palestinians in Gaza to neighboring Arab states against their will.

**Calls for action:**

* Several MPs, including the shadow Foreign Secretary, have called on the UK Government to take more decisive action to pressure Israel to change its behavior.
* They argue that the current ceasefire agreement is"
hard_filter,uk,What is the current official position regarding Hamas/Gaza?,recency,8,BM25,fixed,1526,0,":
The article appears to be a transcript of a debate in the House of Commons, specifically on the issue of the Israeli-Palestinian conflict. The speaker mentions several specific events and individuals, including:

* President Herzog's visit to the UK
* The Israeli politician Fleur Hassan-Nahoum's comments about Israel's actions in Gaza
* The BBC's treatment of Hamas as a terrorist organization
* Danny Cohen's statement that the BBC is ""institutionally hostile to Israel""
* The debate over whether the Foreign Secretary should have called for an end to Hamas control and the involvement of international forces

The speaker also mentions several specific issues, including:

* The need for greater support from the Israeli Government for getting children with injuries out of Gaza
* The importance of tackling HIV/AIDS globally
* The role of the Global Fund in fighting AIDS
* The need for the UK to co-host the eighth replenishment of the Global Fund

The speaker also asks questions about various issues, including:

* What details can the Minister give us about the financing that will be given to the Global Fund?
* How does the Secretary of State ensure that when she talks to the BBC, it makes extra efforts to ensure that if it commissions documentaries, they are accurate and not using terrorists?
* Is there evidence of BBC funds reaching a proscribed terrorist organization?

Overall, the speaker is critical of various aspects of the UK's approach to the Israeli-Palestinian conflict and its treatment of Hamas."
hard_filter,uk,Was the official position in the last quarter of 2023 supportive of the State of Israel?,recency,8,BM25,fixed,1513,0,":
The text appears to be a transcript of a debate in the House of Commons on a specific topic related to the Israeli-Palestinian conflict.

Here are some key points that can be extracted from the transcript:

1. The speaker is calling for a ceasefire in Gaza and expressing concern about the humanitarian situation.
2. The Prime Minister has been in contact with Israeli leaders, including Netanyahu, and has expressed support for Israel's actions in Gaza.
3. The speaker suggests that there are moral equivalencies between Hamas and the state of Israel, and that the US should be pressuring both sides to bring an end to the conflict.
4. The speaker is calling on the UK to take a more active role in promoting a ceasefire and protecting civilians in Gaza.
5. The Under-Secretary of State for Foreign Affairs has been briefed on the situation and has expressed support for the idea of a ceasefire, but also emphasized the need for caution and restraint.

Some specific quotes from the transcript include:

* ""Protecting Palestinian civilians in Gaza is both a moral responsibility and a strategic imperative.""
* ""You replace a tactical victory with a strategic defeat""
* ""We know that regional escalation is a real threat. What will the Secretary of State be doing to work with Arab states and the US to apply pressure on the warring parties to bring an end to this war so that we do not see other countries, including our own and the US, becoming engulfed in a wider regional conflict?""
* ""To make it absolutely"
hard_filter,uk,Was the official position in the last quarter of 2023 supportive of Hamas/Gaza?,recency,8,BM25,fixed,1532,0,":
The text appears to be a speech delivered by the UK's Foreign Secretary, James Cleverly, in response to a debate in the House of Commons regarding the conflict in Gaza.

Here are some key points from the speech:

1. **Condolences for hostages**: The Foreign Secretary expresses condolences to the families of the hostages held by Hamas and promises that the UK will do everything it can to ensure their safe release.
2. **Call for a ceasefire**: Cleverly urges the UN Security Council to take action to bring an end to the conflict, calling on all parties to respect each other's sovereignty and territorial integrity.
3. **War crimes allegations**: The Foreign Secretary mentions that Hamas has been accused of war crimes, including the use of civilians as human shields and the targeting of hospitals and schools.
4. **Concerns about Palestinian civilians**: Cleverly expresses concerns about the safety of Palestinian civilians, who are caught in the middle of the conflict and lack access to basic necessities like food and water.
5. **Need for a de-escalation**: The Foreign Secretary emphasizes that a ceasefire is necessary to prevent further bloodshed and suffering, and that it is essential to find a way out of this conflict quickly.

Some specific quotes from the speech include:

* ""We will continue to support British nationals as best we can, until they have been evacuated from that area.""
* ""Information is incomplete, our access is severely limited... We will continue to support British nationals as best we can,"
hard_filter,uk,Has the official position in the last quarter of 2023 changed relative to the official position in the last quarter of 2025?,recency,8,BM25,fixed,1294,0,":
The article appears to be from a parliamentary debate on a specific topic. Here's a summary of the main points:

**Topic:** The UK government's plans for a new middle east envoy and its response to the conflict between Ukraine and Russia.

**Key points:**

* The Minister for Foreign Affairs has called for a new middle east envoy, but the position remains unclear.
* The UK state condemns and is opposed to the settlements in the Gaza Strip.
* The Minister acknowledges that the decision to take one of the UK's most respected contributions to the world was ""strategic"" and had ""deadly consequences"".
* The Court of Appeal has ruled that the national disability strategy is lawful, allowing the government to implement it.

**Economic issues:**

* The Chancellor tells over-50s to get off the golf course and the DWP Secretary tells them to literally get on their bike.
* Economic inactivity remains a problem in the UK, with the number of people off work due to long-term sickness hitting an all-time high last month.

**Other topics:**

* The Minister welcomes the decision by the Court of Appeal that the national disability strategy is lawful and will implement individual commitments around it.
* Labour has a plan to transform mental health in the country, paid for by increased taxes."
hard_filter,uk,What is the latest official position regarding legislation on the protection of veterans?,recency,8,BM25,fixed,1587,0,":
The text appears to be a transcript of a parliamentary debate on various topics related to veterans' affairs and international relations. Here's a summary of the key points:

**Veterans' Affairs**

* The Minister for Veterans' Affairs is asked about the progress of legislation to exonerate sub-postmasters with criminal convictions relating to the Post Office Horizon system.
* The Minister confirms that the Government plans to bring forward legislative proposals within weeks to overturn the convictions, and expresses hope that they will be passed quickly.

**Rafah**

* The Minister is asked about Israel's position on a potential military incursion into Gaza, and whether it would facilitate humanitarian access in the south.
* The Minister acknowledges that entry points for humanitarian aid must be reopened quickly, but notes that Israel has not yet seen a credible plan to protect civilians.

**Ceasefire Negotiations**

* The Minister is asked about the consequences of ceasefire negotiations appearing to go backwards, and whether they will be able to prevent further escalation in the conflict.
* The Minister expresses concern about the risks of an offensive in Rafah, but notes that the United States, European Union, and UN Security Council have all warned against it.

**Other Topics**

* The Minister is asked about the Government's position on a potential aid convoy for Gaza via vital land routes, sea, and air.
* The Minister expresses support for the idea of flooding Gaza with aid to alleviate suffering, but notes that Israel must meet its commitments to do so."
hard_filter,uk,how did the prime minister/president's rhetoric regarding the war between israel and hamas/gaza change between his first and last speech?,evolution,8,BM25,fixed,1630,0,":
The article appears to be a transcript of a debate in the UK Parliament, specifically a House of Commons debate on the Israeli-Palestinian conflict. The speaker is a member of the opposition party, and they are questioning the government's handling of the situation.

Some key points from the debate include:

* The speaker criticizes the government for not doing enough to protect Palestinian civilians and for using excessive force against Hamas militants.
* They question the government's decision to allow aid into Gaza, citing concerns about the safety of British nationals and the potential for further violence.
* The speaker emphasizes the need for a diplomatic solution, suggesting that the government should work with other countries to pressure Israel to change its policies.
* They criticize the Israeli government for its treatment of Palestinian journalists, calling it ""wholly indiscriminate"" and saying that 57 have been killed since October 7th.

Some specific quotes from the debate include:

* ""The central policy of the Israeli Government seems more about protecting the political skin and life of the current Israeli Prime Minister than even saving the lives of the remaining Israeli hostages and saving the lives of Palestinians.""
* ""We must not let them win in that endeavour, and we must work to bring peace between the Palestinian people and the Israelis.""
* ""The Office for Conflict, Stabilisation and Mediation's mass atrocity prevention hub has been used to risk assess Israel's actions in Gaza. This is a critical component of our approach to preventing atrocities.""

Overall, the speaker is calling"
hard_filter,uk,How has the approach to the restoration and maintenance of local and community infrastructure changed between late 2023 and late 2024?,evolution,8,BM25,fixed,1607,0,":
The text appears to be a transcript of a House of Commons debate on a Bill related to defibrillators in new housing developments. Here's a breakdown of the key points:

**Introduction**

* The Speaker of the House introduces the Bill and sets out its purpose.
* The Bill aims to increase cardiac arrest survival rates by requiring developers to provide funding for automated external defibrillator (AED) maintenance.

**Background**

* The debate is set against the backdrop of a 1998 Belfast/Good Friday agreement, which has been in place for nearly 30 years and has not delivered satisfactory outcomes.
* The current mechanisms for addressing legacy matters work only for a small number of people, while established criminal justice processes are increasingly unlikely to deliver desired outcomes.

**Bill**

* The Bill requires developers to provide funding for AED maintenance in new housing developments with more than 10 dwellings.
* It also introduces a conditional immunity model, which would give family members a role in deciding whether immunity should be granted.

**Lords Amendments**

* The Speaker of the House agrees to disagree with Lords amendments 44D-44J, which were proposed to modify the Bill's provisions.

**Key Points**

* The Bill aims to improve cardiac arrest survival rates by providing AEDs in new housing developments.
* Conditional immunity risks undermining the effectiveness of the Bill and its information recovery process.
* The Bill requires developers to provide funding for AED maintenance and introduces a conditional immunity model, which would give family members"
hard_filter,uk,who is the minister of defense/secretary of defense?,ambiguity,8,BM25,fixed,1601,0,":
The text appears to be a speech delivered by David Cameron, the then-Prime Minister of the United Kingdom, on September 15, 2015. Here's a summary of his key points:

**Foreign Secretary Appointment**

Cameron announced that Lord Cameron would be appointed as Foreign Secretary, replacing Philip Hammond.

**China Relations**

The Prime Minister emphasized the importance of maintaining good relations with China and addressing concerns about national security. He stated that the UK will take a long-term, strategic approach to China, rooted in its national interest.

**Signals from China**

Cameron denied any ""signals"" from China that would suggest the UK is considering taking action against it. However, he acknowledged that the UK has been cautious and measured in its approach to China.

**FIRS (Foreign Intelligence Reform and Security Services Act)**

The Prime Minister emphasized the importance of FIRS, a new law aimed at strengthening national security by improving intelligence gathering and sharing capabilities.

**Embassy in London**

Cameron denied any plans to build a new embassy in London. However, he acknowledged that China's application for planning permission is going through an independent process.

**National Security**

The Prime Minister expressed concern about the espionage threat posed to the UK and emphasized the need for continued cooperation with the US on counter-terrorism efforts.

**Committee on Sensitive Spending**

Cameron hinted at the possibility of creating a Committee to review sensitive spending, including extradition arrangements with Hong Kong."
hard_filter,uk,Who holds the position responsible for Rural Development?,ambiguity,8,BM25,fixed,1542,0,":
The text appears to be a transcript of a debate on a specific topic related to the UK government's policies and actions. Here's a breakdown of the key points:

**Main Issues:**

1. **Israel's commitment to international humanitarian law**: The speaker questions whether the UK Government will take action to prohibit further arms sales to Israel, pending a resolution of the situation in Gaza.
2. **UK-Israel relations**: The speaker expresses concerns about the impact of recent events and government decisions on the relationship between the UK and its Middle Eastern partners.
3. **Water pollution**: The speaker criticizes Thames Water's actions and calls for increased regulation and enforcement to prevent water pollution from all sources, including agricultural runoff.

**Specific Questions:**

1. **Private schools closures**: The speaker asks about the number of private schools that closed between 2010 and 2024, excluding those in England.
2. **Defence procurement system assessment**: The speaker requests an update on the effectiveness of the defence procurement system, particularly regarding arms exports to Israel.

**Tributes:**

1. **Deidre Brock's predecessor**: The speaker pays tribute to Deidre Brock, who represented the constituency for nine years and was the first woman to do so.
2. **Mark Lazarowicz's legacy**: The speaker expresses gratitude for Mark Lazarowicz's efforts in addressing water pollution issues.

**Other Points:**

1. **River Wye action plan**: The speaker mentions a joint effort between the UK"
hard_filter,uk,what was the specific budget allocated to security in 2024?,hard_filter,8,BM25,parentSon,1346,0,":
The text appears to be a speech delivered by a Member of Parliament (MP) during a debate on education and skills policy in the House of Commons. The MP discusses various topics related to education, including:

1. Funding for local authorities: The MP expresses concern about the financial pressures faced by local councils due to austerity measures.
2. SEND funding: The MP questions the Government's approach to addressing the issue of special educational needs and disabilities (SEND) in schools.
3. Apprenticeships: The MP discusses the importance of apprenticeships in the economy and social mobility, and expresses support for Labour's plans to expand degree-level apprenticeships.
4. Agricultural college investment: The MP asks whether the Government will invest in agricultural degree apprenticeships, working with universities and colleges.

Some specific points made by the MP include:

* The need for clarity on thresholds for council tax caps
* The importance of investing in local government finance
* The potential benefits of expanding degree-level apprenticeships
* The need to support people from all backgrounds in accessing education and employment opportunities

Overall, the speech reflects the MP's concerns about the state of local government finances and their commitment to supporting education and skills development."
hard_filter,uk,What was the specific amount allocated to support the public sector for National Insurance costs in 2025?,hard_filter,8,BM25,parentSon,1591,0,":
The debate was about the impact of increased employer national insurance contributions on economic growth. The Minister for Education, Skills and Business, Jeremy Hunt, responded to several questions from Members of Parliament (MPs) regarding this issue.

Firstly, he acknowledged that schools face a double blow of underfunded national insurance increases and unfunded teacher pay rises, which represent massive cuts to school budgets. He stated that the Government is committed to making sure that people are on the right apprenticeship courses and have access to specialist mental health professionals in every school.

Regarding the issue of funding for mental health support, Jeremy Hunt assured MPs that the Department will deliver on its commitment to make sure that it reaches every child. He mentioned that the Department has received a wide range of representations regarding level 7 apprenticeships and plans to communicate its decision going forward.

Finally, he acknowledged that there is a need to address the issue of addictive algorithms serving up harmful content, which are fuelling the children's mental health crisis. He stated that the Government will work with their counterparts in the Department for Science, Innovation and Technology to support the Liberal Democrats' amendment to the Data (Use and Access) Bill.

Overall, Jeremy Hunt emphasized the importance of making sure that people have access to the right apprenticeship courses and specialist mental health professionals, as well as addressing the issue of addictive algorithms serving up harmful content."
hard_filter,uk,What is the current official position regarding the State of Israel?,recency,8,BM25,parentSon,1560,0,":
The transcript appears to be from a parliamentary debate on the UK's policy towards Israel-Palestine. Here are some key points that can be extracted:

**Government's stance:**

* The Government welcomes the Arab initiative for a reconstruction of Gaza and the safe return of Palestinians who have been displaced.
* They oppose annexation of either the West Bank or Gaza, which is currently being pursued by Israel.

**Plan B:**

* There is no plan B in Israel-Palestine; there is only one route, which is widely understood by our allies in the region and beyond, and it must be a two-state solution.
* The Government will work with its allies to achieve this goal.

**Opposition to annexation:**

* The Government has expressed opposition to Israeli plans for annexation of the West Bank or Gaza.
* They have stated that they will not support any plan that does not involve compliance with international humanitarian law.

**Support for Palestinian rights:**

* The Government supports the right of Palestinians to self-determination and statehood.
* They recognize the importance of a two-state solution, which would allow for the establishment of an independent Palestinian state alongside Israel.

**Criticism from opposition MPs:**

* Some opposition MPs have criticized the Government's stance on annexation and its failure to take a stronger stance against Israeli settlement expansion.
* Others have questioned the Government's commitment to supporting Palestinian rights and its willingness to work with Arab nations towards a reconstruction of Gaza."
hard_filter,uk,What is the current official position regarding Hamas/Gaza?,recency,8,BM25,parentSon,1549,0,":
The text appears to be a transcript of an urgent question session in the House of Commons, where several MPs asked questions about various issues related to the conflict in Gaza. Here's a summary of the key points:

1. **Humanitarian aid**: The UK is committed to providing humanitarian aid to Gaza, but Israel must not block it from entering the territory.
2. **Ceasefire agreement**: The ceasefire agreement in Gaza, brokered by President Trump, needs to hold and become a lasting peace after two years of suffering.
3. **Phase 2 of the peace plan**: The UK is working with partners to support the implementation of phase 2 of the peace plan, which includes disarmament of Hamas, establishment of a Palestinian committee as transitional government, and pathway to two states living side by side.
4. **Disarmament of Hamas**: The UK urges Israel to lift restrictions on humanitarian aid and allow for more crossings into Gaza to deliver lifesaving supplies.
5. **Accountability for international law**: The UK is working with the US and other countries to hold Israeli leadership accountable for violations of international law, including breaches in the ceasefire agreement.

Some specific questions asked by MPs include:

* What steps will be taken to ensure that sufficient humanitarian aid can get through to end the famine swiftly?
* Will Israel's restrictions on humanitarian aid be lifted, and if so, what measures will be put in place to prevent this from happening?
* How will the UK ensure that the ceasefire agreement holds and becomes"
hard_filter,uk,Was the official position in the last quarter of 2023 supportive of the State of Israel?,recency,8,BM25,parentSon,1412,0,":
The text appears to be a speech delivered by a Member of Parliament (MP) in the House of Commons. Here's a breakdown of the key points:

**Main issues:**

1. Israel's actions in Jenin and other parts of Palestine.
2. The UK's policy on settlements and occupation.
3. The Israeli government's response to criticism, including blocking peaceful protests.

**Specific examples:**

1. A 17-year-old Palestinian boy was shot by Israeli forces, killing a 15-year-old boy who was just 15 years old at the time of his death.
2. Israel has been accused of war crimes under international law for its actions in Jenin and other parts of Palestine.

**Calls to action:**

1. The UK Government should condemn Israel's actions and call on it to respect humanitarian law.
2. The UK should support a two-state solution, which is endorsed by the UN Security Council resolution 2334.
3. The UK should provide funding for Palestinian children who need access to medicinal cannabis.

**Personal story:**

1. A constituent (Teagan Appleby) has been in intensive care due to epilepsy and needs access to medicinal cannabis.
2. Her mother, Emma, is heartbroken and wants action from the Government on this issue.

**Calls for accountability:**

1. The Department of Health should meet with MPs to discuss Teagan's case and provide funding for her treatment.
2. The UK Government should take a stronger stance against Israel's actions"
hard_filter,uk,Was the official position in the last quarter of 2023 supportive of Hamas/Gaza?,recency,8,BM25,parentSon,1504,0,":
The text appears to be a transcript of a debate in the UK Parliament, specifically on November 14, 2023. Here's a summary of the main points:

**Key issues:**

1. **Ceasefire:** The debate centered around the need for an immediate and unconditional ceasefire in Gaza.
2. **Fuel crisis:** The Minister of State mentioned that fuel is desperately needed in Gaza, but there was no mention of efforts to address this issue.
3. **Humanitarian access:** The debate highlighted the importance of ensuring full humanitarian access to Gaza, including the release of hostages.

**Specific questions:**

1. **Foreign Secretary's response:** The Minister of State refused to answer a question about whether he had been made aware that Israel had breached international humanitarian law in its response to atrocities on October 7.
2. **Representations to Israeli Government:** The Minister of State claimed that he had not made any representations to the Israeli Government, but it is unclear what these representations were or how they were received.

**Calls for action:**

1. **Support for a ceasefire:** The debate emphasized the need for an immediate and unconditional ceasefire in Gaza.
2. **Addressing fuel crisis:** The Minister of State mentioned that efforts are being made to address the fuel crisis, but it is unclear what these efforts entail or how they will be implemented.

**Other points:**

1. **Two-state solution:** The debate touched on the idea of a two-state solution in the region, with some"
hard_filter,uk,Has the official position in the last quarter of 2023 changed relative to the official position in the last quarter of 2025?,recency,8,BM25,parentSon,1540,0,":
The text appears to be a transcript of a parliamentary debate on various topics related to politics, government policies, and international relations.

Here are some key points that can be extracted from the transcript:

1. **Leasehold Reform Bill**: The Government's Leasehold and Freehold Reform Bill aims to ban the sale of new leasehold houses, but it does not contain provisions to ban the sale of existing leases.
2. **Ukraine**: The Prime Minister has expressed support for Ukraine and is working with allies to provide military aid and support.
3. **Hydrogen Industry**: The Government plans to promote the hydrogen economy, including production, demand, networks, and storage, and will award contracts for this in 2023.
4. **Biodiesel**: The Government's decision to award inward processing relief to biodiesel producers has been criticized as making it difficult for UK industry to support itself.
5. **Farmland**: The Prime Minister has promised not to lose swathes of best farmland to solar farms, but the industry is concerned about the impact of large-scale solar projects on planning policy and guidance.
6. **Planning Policy**: The Government's planning policy encourages large-scale solar projects to be located on previously developed or lower-value land, while requiring developers to justify using such land and design their projects to avoid impacts.

Overall, the transcript suggests that the Government is taking steps to address various issues related to politics, government policies, and international relations."
hard_filter,uk,What is the latest official position regarding legislation on the protection of veterans?,recency,8,BM25,parentSon,1249,0,":
The text appears to be a speech delivered by a Member of Parliament (MP) in the House of Commons. The MP is discussing various topics related to their constituency, including prisons, renewable energy, economic growth, and trade agreements.

Some specific points made in the speech include:

* The MP criticizes the Conservative government's record on prisons, stating that they are failing to build enough prison spaces and are instead relying on pop-up cells.
* They highlight the importance of investing in clean, cheaper, and reliable renewable energy technologies such as tidal power.
* The MP expresses frustration with the lack of progress on addressing climate change, despite being labeled an ""emergency"" by the Secretary of State.
* They suggest that devolving the apprenticeship levy to the Northern Ireland Assembly could help promote economic growth and provide more opportunities for young people.
* The MP criticizes the Northern Ireland protocol and Windsor framework, stating that they have damaged manufacturing in the region and are not being removed from customs.

Overall, the speech is a passionate and emotive address to the House of Commons, with the MP using strong language to express their concerns about various issues."
hard_filter,uk,how did the prime minister/president's rhetoric regarding the war between israel and hamas/gaza change between his first and last speech?,evolution,8,BM25,parentSon,1514,0,":
The text appears to be a transcript of an urgent question session in the House of Commons, where several Members of Parliament (MPs) asked questions about various issues related to international relations, humanitarian crises, and domestic politics.

Here are some key points that can be extracted from the text:

1. **Hamas and Gaza**: The MPs discussed the situation in Gaza, including reports of Israeli strikes on Palestinian civilians, which led to an estimated 100 deaths.
2. **International Court of Justice**: The Foreign Secretary was questioned about the South African application to the International Court of Justice, with some MPs expressing concerns that it might be ""meritless, counterproductive and completely without any basis in fact.""
3. **Genocide allegations**: The MP who raised the question asked if the Israeli ambassador's comments on genocide were an ""inversion of the truth"" and whether she should be expelled from the UK.
4. **Banking hub for Totnes**: The MP who raised this issue asked the Prime Minister to back her campaign to secure a banking hub in Totnes, which has been closed by Link due to lack of demand.
5. **Rafah situation**: The MPs discussed reports of Israeli strikes on Gaza and the death toll, with some expressing concerns about the humanitarian crisis.

Some notable quotes from the text include:

* ""We echo the Americans in calling for urgent de-escalation and for all parties to keep the commitments they have made in the ceasefire agreement.""
* ""The immediacy"
hard_filter,uk,How has the approach to the restoration and maintenance of local and community infrastructure changed between late 2023 and late 2024?,evolution,8,BM25,parentSon,1675,0,":
The text appears to be a transcript of a debate in the House of Commons, specifically on the topic of rail modernization and the role of the government in supporting the industry.

Some key points made by various members of Parliament (MPs) include:

* The need for more reliable and affordable train journeys
* The importance of providing better customer experience, including staff at stations to help passengers with information and make them feel welcome
* The provision of cost of living support to families in England, including 90 billion pounds being provided to disadvantaged families through the Student Premium scheme
* The introduction of higher technical qualifications at more than 140 providers across the UK, including 172 new qualifications for higher technical training
* The establishment of a new shield commemorating the late colleague Sir David Amess, who was a dedicated constituency MP and advocate for Southend-on-Sea

Some notable quotes from MPs include:

* ""Let's use his Beatles analogy to say that we're all in this together"" - referring to the need for cooperation between different stakeholders
* ""We are revolutionising our skills offering by introducing 172 higher technical qualifications at more than 140 providers..."" - highlighting the government's commitment to supporting the construction industry and providing new training opportunities.
* ""The Church will focus on providing more clergy to rural areas"" - emphasizing the importance of addressing the needs of rural communities.

Overall, the debate highlights the need for a range of support measures to address the challenges facing the rail industry, including improved customer"
hard_filter,uk,who is the minister of defense/secretary of defense?,ambiguity,8,BM25,parentSon,1686,0,":
The transcript appears to be from a parliamentary debate, likely in the House of Commons or House of Lords. Here's a summary of the key points:

**Foreign Secretary's Statement**

* The Foreign Secretary announced that the UK is taking steps to improve its diplomacy and development work.
* He highlighted the importance of British diplomacy and development work in Israel and Gaza, where humanitarian crises are ongoing.
* The Foreign Secretary also mentioned the need for victims of rape and child sex abuse to have access to justice.

**Transport Secretary's Statement**

* The Transport Secretary announced that a new Bus Services Bill will give transport authorities control over local services.
* He confirmed plans to bring back public ownership of South Western Railway, which has been privatized since 2003.
* The Secretary also mentioned the need for investment in road maintenance and repair.

**Other Topics**

* A question was asked about the Transport Secretary's departmental responsibilities. The Secretary replied that they are responsible for transport policy and delivery.
* Another question was asked about bus services in Cambridgeshire and Peterborough, where there have been delays and concerns over the award letter and increased costs.
* The Secretary of State for Education also made a statement on their departmental responsibilities.

**Other Questions**

* A question was asked about the Transport Secretary's plans to invest in road maintenance and repair. The Secretary replied that they are committed to investing in these areas.
* Another question was asked about the Transport Secretary's plans to bring back public ownership of South Western Railway"
hard_filter,uk,Who holds the position responsible for Rural Development?,ambiguity,8,BM25,parentSon,1103,0,":
The text appears to be a speech delivered by a Member of Parliament (MP) in the House of Commons. The MP discusses various topics, including:

1. The need for action on homelessness and poverty.
2. The issue of grooming gangs and child sexual abuse.
3. The importance of accountability and justice for victims of these crimes.

The MP also mentions specific individuals, such as Queen's Park Rovers football club fans (QPR) and the Bangladesh Caterers Association, which are mentioned in a positive light.

Some notable quotes from the speech include:

* ""I am very sorry for those remarks...""
* ""Your truly appalling experiences need to be acted on...""
* ""No stone will be left unturned.""

The MP also mentions specific policies or initiatives, such as the government's commitment to increasing funding for local councils and providing support for victims of child sexual abuse.

Overall, the speech is a passionate and emotive appeal for action on various social issues, with the MP calling for greater accountability and justice for those affected by grooming gangs and other forms of exploitation."
hard_filter,us,what was the specific budget allocated to security in 2024?,hard_filter,3,DENSE,fixed,103,0,":
The specific budget allocated to security in 2024 was not provided in the context. 
SOURCES: [1], [2]"
hard_filter,us,What was the specific amount allocated to support the public sector for National Insurance costs in 2025?,hard_filter,3,DENSE,fixed,155,0,":
The specific amount allocated to support the public sector for National Insurance costs in 2025 was not found in the provided context. 
SOURCES: [1], [2]"
hard_filter,us,What is the current official position regarding the State of Israel?,recency,3,DENSE,fixed,176,0,":
The current official position regarding the State of Israel is that it is a sovereign nation with its own government, economy, and international relations.

SOURCES: [1], [2]"
hard_filter,us,What is the current official position regarding Hamas/Gaza?,recency,3,DENSE,fixed,235,0,":
The current official position regarding Hamas/Gaza is that the United States has imposed economic sanctions on Hamas and its allies, including the Gaza Strip, in response to their actions in the 2023 Gaza War [1]. 

SOURCES: [1], [2]"
hard_filter,us,Was the official position in the last quarter of 2023 supportive of the State of Israel?,recency,3,DENSE,fixed,113,0,":
The official position in the last quarter of 2023 was not supportive of the State of Israel.

SOURCES: [1], [2]"
hard_filter,us,Was the official position in the last quarter of 2023 supportive of Hamas/Gaza?,recency,3,DENSE,fixed,104,0,":
The official position in the last quarter of 2023 was not supportive of Hamas/Gaza. 
SOURCES: [1], [2]"
hard_filter,us,Has the official position in the last quarter of 2023 changed relative to the official position in the last quarter of 2025?,recency,3,DENSE,fixed,145,0,":
Has the official position in the last quarter of 2023 changed relative to the official position in the last quarter of 2025?

SOURCES: [1], [2]"
hard_filter,us,What is the latest official position regarding legislation on the protection of veterans?,recency,3,DENSE,fixed,291,0,":
The latest official position regarding legislation on the protection of veterans is that it upsets the balance struck by the original LEOSA Act and would allow more concealed weapons in parks, playgrounds, Gun-Free School Zones, and state and local government buildings.

SOURCES: [1], [2]"
hard_filter,us,how did the prime minister/president's rhetoric regarding the war between israel and hamas/gaza change between his first and last speech?,evolution,3,DENSE,fixed,173,0,":
The prime minister/president's rhetoric regarding the war between Israel and Hamas/gaza changed significantly between his first speech and last speech. 

SOURCES: [1], [2]"
hard_filter,us,How has the approach to the restoration and maintenance of local and community infrastructure changed between late 2023 and late 2024?,evolution,3,DENSE,fixed,165,0,":
The approach to the restoration and maintenance of local and community infrastructure has changed significantly between late 2023 and late 2024.

SOURCES: [1], [2]"
hard_filter,us,who is the minister of defense/secretary of defense?,ambiguity,3,DENSE,fixed,51,0,":
The Minister of Defense is Robert H. Jackson. [1]"
hard_filter,us,Who holds the position responsible for Rural Development?,ambiguity,3,DENSE,fixed,81,0,":
The person responsible for Rural Development is Mr. KENNEDY.

SOURCES: [1], [2]"
hard_filter,us,what was the specific budget allocated to security in 2024?,hard_filter,3,DENSE,parentSon,112,0,":
The specific budget allocated to security in 2024 is not mentioned in the provided context. 
SOURCES: [1], [2]"
hard_filter,us,What was the specific amount allocated to support the public sector for National Insurance costs in 2025?,hard_filter,3,DENSE,parentSon,159,1,":
The specific amount allocated to support the public sector for National Insurance costs in 2025 was not mentioned in the provided context.

SOURCES: [1], [2]"
hard_filter,us,What is the current official position regarding the State of Israel?,recency,3,DENSE,parentSon,162,0,":
The current official position regarding the State of Israel is that it is not recognized as a sovereign state by the international community.

SOURCES: [1], [2]"
hard_filter,us,What is the current official position regarding Hamas/Gaza?,recency,3,DENSE,parentSon,201,0,":
The current official position regarding Hamas/Gaza is that it is considered a terrorist organization by many countries, including the United States, Canada, and the European Union.

SOURCES: [1], [2]"
hard_filter,us,Was the official position in the last quarter of 2023 supportive of the State of Israel?,recency,3,DENSE,parentSon,274,0,":
The official position in the last quarter of 2023 was not supportive of the State of Israel, as stated in the text: ""Clearly the axis of dictatorships of Putin, the regime in Tehran, and the Chinese Communist Party, had collaborated again with the invasion from Gaza."" [1]"
hard_filter,us,Was the official position in the last quarter of 2023 supportive of Hamas/Gaza?,recency,3,DENSE,parentSon,104,0,":
The official position in the last quarter of 2023 was not supportive of Hamas/Gaza.

SOURCES: [1], [2]"
hard_filter,us,Has the official position in the last quarter of 2023 changed relative to the official position in the last quarter of 2025?,recency,3,DENSE,parentSon,145,0,":
Has the official position in the last quarter of 2023 changed relative to the official position in the last quarter of 2025?

SOURCES: [1], [2]"
hard_filter,us,What is the latest official position regarding legislation on the protection of veterans?,recency,3,DENSE,parentSon,208,0,":
The latest official position regarding legislation on the protection of veterans is that it would actually make oversight less effective and create confusion and security vulnerabilities.

SOURCES: [1], [2]"
hard_filter,us,how did the prime minister/president's rhetoric regarding the war between israel and hamas/gaza change between his first and last speech?,evolution,3,DENSE,parentSon,880,0,":
The prime minister/president's rhetoric regarding the war between Israel and Hamas/gaza changed significantly between his first speech and last speech. [1] In his first speech, he emphasized the need for a two-state solution and called for calm and restraint on both sides. However, in his subsequent speeches, particularly after the 2014 Gaza War, he shifted towards more aggressive rhetoric, including calls for Israel to take action against Hamas and the use of force to resolve the conflict.

In contrast, his last speech before the war, delivered in October 2023, was characterized by a more conciliatory tone, with references to the need for dialogue and cooperation between Israelis and Palestinians. [2] This shift in rhetoric suggests that the prime minister's views on the conflict had evolved over time, particularly after the devastating Gaza War.

SOURCES: [1], [2]"
hard_filter,us,How has the approach to the restoration and maintenance of local and community infrastructure changed between late 2023 and late 2024?,evolution,3,DENSE,parentSon,1036,0,":
The approach to the restoration and maintenance of local and community infrastructure has changed significantly between late 2023 and late 2024. [1] According to SOURCE_FILE: exe3/clean-text/US/2023-08-15.txt, SOURCE_FILE: exe3/clean-text/US/2023-11-13.txt, and SOURCE_FILE: exe3/clean-text/US/2023-09-12.txt, the approach has shifted towards greater autonomy for local jurisdictions in setting their own land-use policies. [2] This shift is reflected in the District of Columbia Board of Zoning Adjustment Home Rule Act, which would give the District of Columbia more authority to appoint members of the D.C. Board of Zoning Adjustment (Board), except when the Board is performing functions regarding an application by a foreign mission with respect to a chancery. [3] This change in approach is also evident in the work of organizations such as Latino Health Access, which has been pioneering the Promotor de Salud/Community Health Worker (CHW) model in the United States since its establishment in 1993. [4]

SOURCES: [1], [2], [3]"
hard_filter,us,who is the minister of defense/secretary of defense?,ambiguity,3,DENSE,parentSon,82,0,":
The Minister of Defense is Secretary of Defense Lloyd Austin.

SOURCES: [1], [2]"
hard_filter,us,Who holds the position responsible for Rural Development?,ambiguity,3,DENSE,parentSon,85,0,":
The position responsible for Rural Development is the Secretary of Agriculture. [1]"
hard_filter,us,what was the specific budget allocated to security in 2024?,hard_filter,3,BM25,fixed,113,1,":
The specific budget allocated to security in 2024 was not mentioned in the provided context.

SOURCES: [1], [2]"
hard_filter,us,What was the specific amount allocated to support the public sector for National Insurance costs in 2025?,hard_filter,3,BM25,fixed,159,1,":
The specific amount allocated to support the public sector for National Insurance costs in 2025 was not mentioned in the provided context.

SOURCES: [1], [2]"
hard_filter,us,What is the current official position regarding the State of Israel?,recency,3,BM25,fixed,130,0,":
The current official position regarding the State of Israel is not explicitly stated in the provided context. 
SOURCES: [1], [2]"
hard_filter,us,What is the current official position regarding Hamas/Gaza?,recency,3,BM25,fixed,19,0,":
SOURCES: [1], [2]"
hard_filter,us,Was the official position in the last quarter of 2023 supportive of the State of Israel?,recency,3,BM25,fixed,113,0,":
The official position in the last quarter of 2023 was not supportive of the State of Israel.

SOURCES: [1], [2]"
hard_filter,us,Was the official position in the last quarter of 2023 supportive of Hamas/Gaza?,recency,3,BM25,fixed,104,0,":
The official position in the last quarter of 2023 was not supportive of Hamas/Gaza.

SOURCES: [1], [2]"
hard_filter,us,Has the official position in the last quarter of 2023 changed relative to the official position in the last quarter of 2025?,recency,3,BM25,fixed,145,0,":
Has the official position in the last quarter of 2023 changed relative to the official position in the last quarter of 2025?

SOURCES: [1], [2]"
hard_filter,us,What is the latest official position regarding legislation on the protection of veterans?,recency,3,BM25,fixed,151,0,":
The latest official position regarding legislation on the protection of veterans is not explicitly stated in the provided context. 
SOURCES: [1], [2]"
hard_filter,us,how did the prime minister/president's rhetoric regarding the war between israel and hamas/gaza change between his first and last speech?,evolution,3,BM25,fixed,189,0,":
The prime minister's rhetoric regarding the war between Israel and Hamas/gaza changed from being more conciliatory to more aggressive between his first and last speech.

SOURCES: [1], [2]"
hard_filter,us,How has the approach to the restoration and maintenance of local and community infrastructure changed between late 2023 and late 2024?,evolution,3,BM25,fixed,668,0,":
The approach to the restoration and maintenance of local and community infrastructure has changed significantly between late 2023 and late 2024, with an increased focus on sustainability and environmental protection. [1] According to the text, this shift is evident in the Water Resources Development Act of 2020 (Division AA of Public Law 116-260), which authorized the U.S. Army Corps of Engineers new invasive species in alpine lakes pilot project to safeguard Lake Tahoe. Additionally, the passage of the ""Lake Tahoe Restoration Reauthorization Act of 2023"" with the entire Nevada delegation provided an additional $415 million in federal funding until 2034. [2]"
hard_filter,us,who is the minister of defense/secretary of defense?,ambiguity,3,BM25,fixed,63,0,":
The minister of defense is Kay Granger. [1] SOURCES: [2], [3]"
hard_filter,us,Who holds the position responsible for Rural Development?,ambiguity,3,BM25,fixed,128,0,":
The position responsible for Rural Development is held by Lloyd C. Caldwell, P.E., SES, US Army Corps of Engineers (Ret.). [1]"
hard_filter,us,what was the specific budget allocated to security in 2024?,hard_filter,3,BM25,parentSon,73,0,":
The specific budget allocated to security in 2024 was $2.5 billion [1]."
hard_filter,us,What was the specific amount allocated to support the public sector for National Insurance costs in 2025?,hard_filter,3,BM25,parentSon,149,0,":
The specific amount allocated to support the public sector for National Insurance costs in 2025 was not provided in the context. 
SOURCES: [1], [2]"
hard_filter,us,What is the current official position regarding the State of Israel?,recency,3,BM25,parentSon,111,0,":
The current official position regarding the State of Israel is not explicitly stated in the provided context."
hard_filter,us,What is the current official position regarding Hamas/Gaza?,recency,3,BM25,parentSon,122,0,":
The current official position regarding Hamas/Gaza is not explicitly stated in the provided context. 

SOURCES: [1], [2]"
hard_filter,us,Was the official position in the last quarter of 2023 supportive of the State of Israel?,recency,3,BM25,parentSon,113,0,":
The official position in the last quarter of 2023 was not supportive of the State of Israel.

SOURCES: [1], [2]"
hard_filter,us,Was the official position in the last quarter of 2023 supportive of Hamas/Gaza?,recency,3,BM25,parentSon,104,0,":
The official position in the last quarter of 2023 was not supportive of Hamas/Gaza.

SOURCES: [1], [2]"
hard_filter,us,Has the official position in the last quarter of 2023 changed relative to the official position in the last quarter of 2025?,recency,3,BM25,parentSon,145,0,":
Has the official position in the last quarter of 2023 changed relative to the official position in the last quarter of 2025?

SOURCES: [1], [2]"
hard_filter,us,What is the latest official position regarding legislation on the protection of veterans?,recency,3,BM25,parentSon,151,0,":
The latest official position regarding legislation on the protection of veterans is not explicitly stated in the provided context.

SOURCES: [1], [2]"
hard_filter,us,how did the prime minister/president's rhetoric regarding the war between israel and hamas/gaza change between his first and last speech?,evolution,3,BM25,parentSon,165,0,":
The prime minister/president's rhetoric regarding the war between Israel and Hamas/gaza changed significantly between his first and last speech.

SOURCES: [1], [2]"
hard_filter,us,How has the approach to the restoration and maintenance of local and community infrastructure changed between late 2023 and late 2024?,evolution,3,BM25,parentSon,165,0,":
The approach to the restoration and maintenance of local and community infrastructure has changed significantly between late 2023 and late 2024.

SOURCES: [1], [2]"
hard_filter,us,who is the minister of defense/secretary of defense?,ambiguity,3,BM25,parentSon,19,0,":
SOURCES: [1], [3]"
hard_filter,us,Who holds the position responsible for Rural Development?,ambiguity,3,BM25,parentSon,157,0,":
The position responsible for Rural Development is the Secretary of Agriculture, who is currently a member of the U.S. Department of Agriculture (USDA). [1]"
hard_filter,us,what was the specific budget allocated to security in 2024?,hard_filter,5,DENSE,fixed,19,0,":
SOURCES: [1], [2]"
hard_filter,us,What was the specific amount allocated to support the public sector for National Insurance costs in 2025?,hard_filter,5,DENSE,fixed,160,1,":
The specific amount allocated to support the public sector for National Insurance costs in 2025 was not mentioned in the provided context. 

SOURCES: [1], [2]"
hard_filter,us,What is the current official position regarding the State of Israel?,recency,5,DENSE,fixed,262,0,":
The current official position regarding the State of Israel is that it is a sovereign nation with a long and complex history, and its status is recognized by the international community as a state under various UN resolutions and agreements.

SOURCES: [1], [2]"
hard_filter,us,What is the current official position regarding Hamas/Gaza?,recency,5,DENSE,fixed,308,0,":
The current official position regarding Hamas/Gaza is that there is no clear or unified stance among governments and international organizations on the issue of Hamas. However, many countries have expressed concerns about Hamas's actions in Gaza, including rocket attacks against Israel.

SOURCES: [1], [2]"
hard_filter,us,Was the official position in the last quarter of 2023 supportive of the State of Israel?,recency,5,DENSE,fixed,24,0,":
SOURCES: [1], [2], [3]"
hard_filter,us,Was the official position in the last quarter of 2023 supportive of Hamas/Gaza?,recency,5,DENSE,fixed,19,0,":
SOURCES: [1], [2]"
hard_filter,us,Has the official position in the last quarter of 2023 changed relative to the official position in the last quarter of 2025?,recency,5,DENSE,fixed,145,0,":
Has the official position in the last quarter of 2023 changed relative to the official position in the last quarter of 2025? 
SOURCES: [1], [2]"
hard_filter,us,What is the latest official position regarding legislation on the protection of veterans?,recency,5,DENSE,fixed,24,0,":
SOURCES: [1], [2], [3]"
hard_filter,us,how did the prime minister/president's rhetoric regarding the war between israel and hamas/gaza change between his first and last speech?,evolution,5,DENSE,fixed,883,0,":
The prime minister's rhetoric regarding the war between Israel and Hamas/gaza changed significantly between his first speech and his last. Initially, he expressed support for a two-state solution and condemned Israeli actions in Gaza. However, as the conflict escalated, his tone shifted to one of criticism towards Hamas and its leaders, accusing them of being ""Nazi-like"" and demanding an immediate release of hostages.

In contrast, his final speech was more conciliatory, with some critics arguing that he toned down his rhetoric to avoid alienating Palestinian supporters. However, others pointed out that his words still carried significant weight, particularly in the context of international diplomacy.

Sources:
[1] Harel, D., Pardo, T., Sasson, T., Barak, E., & Grossman, D. (2024, July 24). We Are Israelis Calling on Congress to Disinvite Netanyahu. The New York Times."
hard_filter,us,How has the approach to the restoration and maintenance of local and community infrastructure changed between late 2023 and late 2024?,evolution,5,DENSE,fixed,1667,0,":
The approach to the restoration and maintenance of local and community infrastructure has changed significantly between late 2023 and late 2024. [1] According to the provided context, this change is attributed to the implementation of new policies and programs aimed at promoting sustainable development and reducing environmental impact.

In particular, the passage mentions the establishment of a national empowerment zone program in 2011, which was modeled after a provision enacted each year since then to exempt D.C. government agencies from federal shutdowns. This program has been expanded to include other local District of Columbia civil and criminal justice matters, such as Court Services and Offender Supervision Agency for D.C., D.C. Courts, D.C. Public Defender Service, D.C. Commission on Judicial Disabilities and Tenure, D.C. Judicial Nomination Commission and D.C. Criminal Justice Coordinating Council.

Additionally, the passage highlights the efforts of organizations like Latino Health Access, which has demonstrated an unwavering commitment to promoting health equity and creating sustainable change through its mission to partner with communities to aid through education, services, consciousness-raising, and civic participation. [2] The organization's work is also recognized for its impact on the treatment of asylum seekers in healthcare, education, employment, and housing.

Furthermore, the passage mentions the grand reopening of Kountry Kitchen Soul Food Place, a beloved Indianapolis establishment specializing in southern-style soul food, which was established by Ms. Jessie White in 1988. The restaurant has been renamed after her"
hard_filter,us,who is the minister of defense/secretary of defense?,ambiguity,5,DENSE,fixed,68,0,":
The Minister of Defense/Secretary of Defense is Robert H. Jackson."
hard_filter,us,Who holds the position responsible for Rural Development?,ambiguity,5,DENSE,fixed,150,0,":
Mr. KENNEDY. Mr. Speaker, I rise today to celebrate Dorothy Amerson-Law, who is entering a well-deserved retirement after fifty years with M&T Bank."
hard_filter,us,what was the specific budget allocated to security in 2024?,hard_filter,5,DENSE,parentSon,19,0,":
SOURCES: [1], [2]"
hard_filter,us,What was the specific amount allocated to support the public sector for National Insurance costs in 2025?,hard_filter,5,DENSE,parentSon,19,0,":
SOURCES: [1], [2]"
hard_filter,us,What is the current official position regarding the State of Israel?,recency,5,DENSE,parentSon,140,0,":
The current official position regarding the State of Israel is that it is a sovereign state recognized by the international community. [1]"
hard_filter,us,What is the current official position regarding Hamas/Gaza?,recency,5,DENSE,parentSon,284,0,":
The current official position regarding Hamas/Gaza is that it is considered a terrorist organization by many countries, including the United States, Canada, and the European Union. The US Department of State has designated Hamas as a Foreign Terrorist Organization (FTO) since 1997."
hard_filter,us,Was the official position in the last quarter of 2023 supportive of the State of Israel?,recency,5,DENSE,parentSon,24,0,":
SOURCES: [1], [2], [3]"
hard_filter,us,Was the official position in the last quarter of 2023 supportive of Hamas/Gaza?,recency,5,DENSE,parentSon,19,0,":
SOURCES: [1], [2]"
hard_filter,us,Has the official position in the last quarter of 2023 changed relative to the official position in the last quarter of 2025?,recency,5,DENSE,parentSon,238,0,":
Based on the provided context, there is no information available about the official position of the Department of Defense (DOD) regarding encampment leave in relation to pay changes by a specific date (2023 and 2025).

SOURCES: [1], [2]"
hard_filter,us,What is the latest official position regarding legislation on the protection of veterans?,recency,5,DENSE,parentSon,336,0,":
The latest official position regarding legislation on the protection of veterans is that it includes proposals such as annual reporting requirements and better alignment of definitions across federal agencies, but also creates more problems than solutions by mandating a holistic approach to studying veteran suicide data. [1] [2] [3]"
hard_filter,us,how did the prime minister/president's rhetoric regarding the war between israel and hamas/gaza change between his first and last speech?,evolution,5,DENSE,parentSon,162,0,":
The prime minister's rhetoric regarding the war between Israel and Hamas/gaza changed significantly between his first speech and last speech.

SOURCES: [1], [2]"
hard_filter,us,How has the approach to the restoration and maintenance of local and community infrastructure changed between late 2023 and late 2024?,evolution,5,DENSE,parentSon,170,0,":
The approach to the restoration and maintenance of local and community infrastructure has changed significantly between late 2023 and late 2024.

SOURCES: [1], [2], [3]"
hard_filter,us,who is the minister of defense/secretary of defense?,ambiguity,5,DENSE,parentSon,113,0,":
Based on the provided context, the minister of defense is General David Petraeus.

SOURCES: [1] [2] [3] [4] [5]"
hard_filter,us,Who holds the position responsible for Rural Development?,ambiguity,5,DENSE,parentSon,19,0,":
SOURCES: [1], [2]"
hard_filter,us,what was the specific budget allocated to security in 2024?,hard_filter,5,BM25,fixed,24,0,":
SOURCES: [1], [2], [3]"
hard_filter,us,What was the specific amount allocated to support the public sector for National Insurance costs in 2025?,hard_filter,5,BM25,fixed,19,0,":
SOURCES: [1], [2]"
hard_filter,us,What is the current official position regarding the State of Israel?,recency,5,BM25,fixed,130,0,":
The current official position regarding the State of Israel is not explicitly stated in the provided context. 
SOURCES: [1], [2]"
hard_filter,us,What is the current official position regarding Hamas/Gaza?,recency,5,BM25,fixed,19,0,":
SOURCES: [1], [2]"
hard_filter,us,Was the official position in the last quarter of 2023 supportive of the State of Israel?,recency,5,BM25,fixed,29,0,":
SOURCES: [1], [2], [3], [4]"
hard_filter,us,Was the official position in the last quarter of 2023 supportive of Hamas/Gaza?,recency,5,BM25,fixed,24,0,":
SOURCES: [1], [2], [3]"
hard_filter,us,Has the official position in the last quarter of 2023 changed relative to the official position in the last quarter of 2025?,recency,5,BM25,fixed,145,0,":
Has the official position in the last quarter of 2023 changed relative to the official position in the last quarter of 2025?

SOURCES: [1], [2]"
hard_filter,us,What is the latest official position regarding legislation on the protection of veterans?,recency,5,BM25,fixed,19,0,":
SOURCES: [1], [2]"
hard_filter,us,how did the prime minister/president's rhetoric regarding the war between israel and hamas/gaza change between his first and last speech?,evolution,5,BM25,fixed,24,0,":
SOURCES: [1], [2], [3]"
hard_filter,us,How has the approach to the restoration and maintenance of local and community infrastructure changed between late 2023 and late 2024?,evolution,5,BM25,fixed,1586,0,":
The approach to the restoration and maintenance of local and community infrastructure has changed significantly between late 2023 and late 2024, with a shift towards more collaborative and sustainable approaches.

According to [1], the Lake Tahoe Restoration Act of 2000 (Public Law 106-506) was amended in 2016 by Senator Feinstein's amendments to provide new authorities for the U.S. Forest Service to combat wildfires across the Tahoe Basin. This amendment was first employed in combating the devastating Caldor Fire in 2021 and in the recovery since.

In contrast, [2] highlights the efforts of Senator Feinstein to organize the annual Tahoe Summit, which has been a successful event that brings together stakeholders from various sectors to discuss issues related to the Lake Tahoe region's conservation and management. The summit has been held annually since 1997 and has become an important platform for collaboration and knowledge-sharing among participants.

Additionally, [3] notes that Senator Feinstein worked with Congresswoman Dina Titus (D-NV), U.S. Senator Alex Padilla (D-CA), and the author of the companion bill to Senator Feinstein's ""Lake Tahoe Restoration Act of 2015"" to authorize the U.S. Army Corps of Engineers new invasive species in alpine lakes pilot project to safeguard Lake Tahoe.

The passage of [4] highlights the importance of collaboration and partnership in addressing issues related to infrastructure restoration and maintenance, with Senator Feinstein working with various stakeholders, including the Bureau of Reclamation and Corps of Engineers"
hard_filter,us,who is the minister of defense/secretary of defense?,ambiguity,5,BM25,fixed,63,0,":
The current Minister of Defense is Robert C. Lasica [1], [2]."
hard_filter,us,Who holds the position responsible for Rural Development?,ambiguity,5,BM25,fixed,170,0,":
Based on the provided context, it appears that the position responsible for Rural Development is held by Brigadier General Cindy M. Saladin-Muhammad.

SOURCES: [1], [2]"
hard_filter,us,what was the specific budget allocated to security in 2024?,hard_filter,5,BM25,parentSon,19,0,":
SOURCES: [1], [2]"
hard_filter,us,What was the specific amount allocated to support the public sector for National Insurance costs in 2025?,hard_filter,5,BM25,parentSon,140,1,":
The specific amount allocated to support the public sector for National Insurance costs in 2025 was not mentioned in the provided context."
hard_filter,us,What is the current official position regarding the State of Israel?,recency,5,BM25,parentSon,130,0,":
The current official position regarding the State of Israel is not explicitly stated in the provided context. 
SOURCES: [1], [2]"
hard_filter,us,What is the current official position regarding Hamas/Gaza?,recency,5,BM25,parentSon,126,0,":
The current official position regarding Hamas/Gaza is not explicitly stated in the provided context. 
SOURCES: [1], [2], [3]"
hard_filter,us,Was the official position in the last quarter of 2023 supportive of the State of Israel?,recency,5,BM25,parentSon,118,0,":
The official position in the last quarter of 2023 was not supportive of the State of Israel. 
SOURCES: [1], [2], [3]"
hard_filter,us,Was the official position in the last quarter of 2023 supportive of Hamas/Gaza?,recency,5,BM25,parentSon,109,0,":
The official position in the last quarter of 2023 was not supportive of Hamas/Gaza. 
SOURCES: [1], [2], [3]"
hard_filter,us,Has the official position in the last quarter of 2023 changed relative to the official position in the last quarter of 2025?,recency,5,BM25,parentSon,137,0,":
Based on the provided context, it appears that there are no changes to the official positions in 2023 and 2025.

SOURCES: [1], [2], [3]"
hard_filter,us,What is the latest official position regarding legislation on the protection of veterans?,recency,5,BM25,parentSon,196,0,":
The latest official position regarding legislation on the protection of veterans is that it is a priority for the US government to provide support and protection for veterans.

SOURCES: [1], [2]"
hard_filter,us,how did the prime minister/president's rhetoric regarding the war between israel and hamas/gaza change between his first and last speech?,evolution,5,BM25,parentSon,210,0,":
The prime minister/president's rhetoric regarding the war between Israel and Hamas/gaza changed from being conciliatory to more aggressive and nationalist between his first and last speech.

SOURCES: [1], [2]"
hard_filter,us,How has the approach to the restoration and maintenance of local and community infrastructure changed between late 2023 and late 2024?,evolution,5,BM25,parentSon,1237,0,":
The approach to the restoration and maintenance of local and community infrastructure has changed between late 2023 and late 2024, with a focus on addressing ongoing challenges such as water scarcity, climate change, and social inequality.

According to [1], SOURCE_FILE: exe3/clean-text/US/2023-10-26.txt, the US government has taken steps to address these issues through various policies and programs. For example, Senator Dianne Feinstein's 2016 amendments to the Lake Tahoe Restoration Act provided new authorities for the U.S. Forest Service to combat wildfires across the Tahoe Basin.

In contrast, Representative Jake Ellzey's letter [4], SOURCE_FILE: exe3/clean-text/US/2023-09-13.txt, highlights the efforts of local leaders and organizations in Corsicana, Texas, to address issues such as water scarcity and social inequality. The letter also recognizes the contributions of individuals who have worked to protect Colorado's ranches, public lands, and wildlife.

Overall, it appears that there has been a shift towards more targeted and community-focused approaches to addressing infrastructure challenges, with a greater emphasis on collaboration and partnership between government agencies, local leaders, and stakeholders."
hard_filter,us,who is the minister of defense/secretary of defense?,ambiguity,5,BM25,parentSon,19,0,":
SOURCES: [1], [2]"
hard_filter,us,Who holds the position responsible for Rural Development?,ambiguity,5,BM25,parentSon,371,0,":
Mr. WILSON of South Carolina. Mr. Speaker, I congratulate Dr. Dave Olson, President and Program Manager at Savannah River Mission Completion (SRMC), upon retirement after more than 40 years of dedicated work and service. Before being named President and Program Manager, Dr. Olson served as the president of the former Savannah River Site (SRS) liquid waste contractor."
hard_filter,us,what was the specific budget allocated to security in 2024?,hard_filter,8,DENSE,fixed,1491,0,":
The text appears to be a legislative report or a press release from the U.S. Congress, specifically from the House of Representatives. It includes various bills and resolutions that were passed during the 118th Congress (2023-2024). Here's a breakdown of the content:

**Legislative Bills:**

1. **Short-term Continuing Resolution (CR)**: The report mentions that the Speaker of the House proposed a short-term CR to fund government operations, which was rejected by the Senate.
2. **Basic Housing Allowance**: A bill was introduced to increase the Basic Housing Allowance for military families and stabilize the Military Healthcare System.
3. **Securities and Exchange Commission (SEC)**: The report mentions an oversight hearing on the SEC's actions during a recent incident where a shooter attempted to assassinate President Trump.

**Resolutions:**

1. **Supporting Israel**: A resolution was passed in support of Israel, including measures to provide additional funding for its defense efforts and strengthen U.S.-Israel relations.
2. **Water Resources Development Act (WRDA)**: The report mentions that the House passed WRDA 2024, which includes two bills introduced by the author.

**Other:**

1. **Iran Sanctions**: A resolution was passed to condemn Iran's decision to file applications for arrest warrants against Prime Minister Netanyahu and Defense Minister Yoav Gallant.
2. **Antisemitism Definition**: A resolution was proposed to create a legal definition of antisemitism to"
hard_filter,us,What was the specific amount allocated to support the public sector for National Insurance costs in 2025?,hard_filter,8,DENSE,fixed,1177,0,":
The text appears to be a list of bills or resolutions introduced in Congress, along with their sponsors and summaries. Here's a breakdown of what I've extracted:

**Bills Introduced:**

1. S. 1691 - Guardrails and Growth (Committee on Banking, Housing, and Urban Affairs)
2. S. 2314 - Shark Depredation (Committee on Commerce, Science, and Transportation)
3. S. 2318 - National Strategy for Advanced Manufacturing (Committee on Commerce, Science, and Transportation)
4. S. 2351 - Lease Authorities (Committee on Commerce, Science, and Transportation)
5. S. 1440 - Over-the-Counter Monograph Drugs (Committee on Health, Education, Labor, and Pensions)
6. S. 2301 - Rural Health Care (Committee on Health, Education, Labor, and Pensions)
7. S. 1727 - Rural Healthcare (Committee on Health, Education, Labor, and Pensions)
8. S. 1728 - Employee Ownership Organizations (Committee on Health, Education, Labor, and Pensions)

**Resolutions Introduced:**

1. H.R. 1162 - Federal Government Advertising Equity Accountability Act (Committee on Appropriations)

**Other:**

* A list of bills with summaries, including:
	+ S. 1691 - Guardrails and Growth
	+ S. 2314 - Shark Depredation"
hard_filter,us,What is the current official position regarding the State of Israel?,recency,8,DENSE,fixed,1463,0,":
The text appears to be a news article or a press release from the United States House Foreign Affairs Committee. It discusses several topics related to international relations, human rights, and conflict resolution.

Here are some key points mentioned in the article:

1. The Flemington Jewish Community Center (FJCC) is celebrating its 100th anniversary as a cherished spiritual and cultural home in Hunterdon County, New Jersey.
2. A congressional hearing was held on March 13, 2025, to discuss conflict and persecution in Nigeria, specifically targeting Christians in the Middle Belt region.
3. The hearing featured testimony from Catholic Bishop Wilfred Anagbe of the Makurdi diocese in Benue State, Nina Shea, Hudson Institute's Senior Fellow and Director of its Center for Religious Freedom, and Family Research Council's President Tony Perkins.
4. Bishop Anagbe testified that Nigeria's government has not undertaken a thorough investigation into the militant Fulani herders' organization, leadership, motives, or intent in these attacks.
5. The hearing was followed by international scrutiny, with Nigeria's President, Foreign Minister, and other governmental authorities denying and deflecting the truth about their inaction to stop the Fulani aggression against defenseless Christian farming communities.

Overall, the article highlights several issues related to human rights, conflict resolution, and international relations, particularly in Africa."
hard_filter,us,What is the current official position regarding Hamas/Gaza?,recency,8,DENSE,fixed,1258,0,":
The text appears to be a list of bills or resolutions introduced by members of Congress in June 2025. Here's a breakdown of the different sections:

**Legislative Bills**

1. District of Columbia Zoning Commission Home Rule Act
2. Coast Guard Auxiliary Clearwater Flotilla 11-1's 75th Anniversary
3. Ellen Tantillo's Recognition (not specified which bill)
4. District of Columbia Zoning Commission Home Rule Act (second mention)

**Resolutions**

1. S. 1463: Quantum Cooperation Program for International Cooperation in Quantum Information Science
2. S. 1478: Memoranda of Understanding for Scientific and Technical Cooperation in Mapping Critical Minerals and Rare Earth Elements
3. S. 1579: Treatment of ASEAN, CERN, and PIF as International Organizations
4. S. 1731: Strategy on Global Basing Intentions of the People's Republic of China
5. S. 1780: Congressional Oversight of Security Assistance to Mexico
6. S-116 POSTPONEMENTS JUNE 4 2:30 p.m.: Committee on Appropriations Subcommittee on Energy and Water Development (hearing)
7. SH-219: Closed Hearings for Intelligence Matters

**Other**

1. Coast Guard Auxiliary Clearwater Flotilla 11-1's 75th Anniversary
2. Ellen Tantillo's Recognition (not specified which bill)

It appears that the bills are"
hard_filter,us,Was the official position in the last quarter of 2023 supportive of the State of Israel?,recency,8,DENSE,fixed,924,0,":
The text appears to be a list of notable individuals who have passed away or are no longer with us. Here is a breakdown of the individuals mentioned:

1. Dorothy Dougherty (1923-2023) - a loving mother and grandmother.
2. Eustace Mita (1944-present) - a prominent figure in South Jersey's luxury real estate industry.
3. Peg Perl (1950s-present) - a Chief Deputy Clerk and Recorder for Jefferson County, helping with the Uzbekistan election in 2023.
4. John ""Jack"" Harrington Costello, Jr. (1944-2023) - a successful publisher and editor of the Lowell Sun.
5. Milton Jones (1919-2023) - an East Tennesseean who served our country in the U.S. Navy and worked on the Manhattan Project.
6. Anna Ruth Atkins (1908-2023) - Milton's wife, who helped him with his work at WIVK radio.

The individuals mentioned are all notable figures in their respective fields or communities, and have made significant contributions to society."
hard_filter,us,Was the official position in the last quarter of 2023 supportive of Hamas/Gaza?,recency,8,DENSE,fixed,1190,0,":
The text appears to be a transcript of a Congressional hearing or meeting, likely related to legislation or policy discussions. The speakers mentioned are various members of Congress, including:

1. Rep. Kevin Kuster (D-NY)
2. Sen. Pappas (R-MA)
3. Rep. Casto (R-TX)
4. Rep. Webb (D-TX)

The topics discussed include:

* A bill to require retail establishments to provide employees with access to medical facilities when public restrooms are not available
* An award to a staff member, Brigadier General Michael ""Mike"" Cates of Frisco, Texas, for his service in the United States Army Veterinary Corps

Some notable mentions include:

* Rep. Kuster's support for the bill and his recognition of Officer Jeffrey Peirce's bravery during a mental health crisis
* Sen. Pappas' praise for Officer Peirce's actions and his commitment to advancing equity in education
* Rep. Casto's introduction of several bills, including the Hispanic Educational Resources and Empowerment Act (HERE Act) and the Advanced Coursework Equity Act

Overall, the transcript appears to be a mix of policy discussions, awards ceremonies, and recognition of individuals' service and contributions to their communities."
hard_filter,us,Has the official position in the last quarter of 2023 changed relative to the official position in the last quarter of 2025?,recency,8,DENSE,fixed,1573,0,":
The text appears to be a list of meetings held by the United States Congress, specifically the House of Representatives and the Senate. The meetings are related to various topics such as foreign policy, agriculture, banking, housing, and environmental issues.

Here is a breakdown of the content:

* Meetings with committee chairs:
	+ Committee on Banking, Housing, and Urban Affairs: S. 2860, to create protections for financial institutions that provide financial services to State-sanctioned marijuana businesses and service providers for such businesses.
	+ Committee on Agriculture, Nutrition, and Forestry: To hold hearings to examine foreign ownership in U.S. agriculture.
* Hearings:
	+ Committee on the Budget: To hold hearings to examine Medicare.
	+ Committee on Environment and Public Works: To hold an oversight hearing to examine the General Services Administration, focusing on examining the Federal real estate portfolio.
* Other meetings:
	+ Committee on Banking, Housing, and Urban Affairs: Subcommittee on Securities, Insurance, and Investment: To hold hearings to examine the state of flood insurance in America.

The text also mentions several individuals who were recognized for their contributions, including:

* Courtney Dauwalter, an ultrarunner and Leadville resident who achieved a remarkable feat by winning all three Hardrock 100-mile foot races in a single year.
* Peg Perl, the Chief Deputy Clerk and Recorder for Jefferson County, who was chosen by the U.S. Department of State's Office for Democratic Institutions and Human Rights to help"
hard_filter,us,What is the latest official position regarding legislation on the protection of veterans?,recency,8,DENSE,fixed,1541,0,":
The text appears to be a summary of legislative actions taken by the United States Congress in 2024. It mentions several bills that were passed or proposed during this time period, including:

1. S. 275: To improve the provision of care and services under the Veterans Community Care Program of the Department of Veterans Affairs.
2. S. 506: To require the Secretary of Veterans Affairs to carry out a pilot program to coordinate, navigate, and manage care and benefits for veterans enrolled in both the Medicare program and the system of annual patient enrollment of the Department of Veterans Affairs.
3. S. 607: To require the Secretary of Veterans Affairs to establish an integrated project team to improve the process for scheduling appointments for health care from the Department of Veterans Affairs.
4. S. 610: To expand the VetSuccess on Campus program of the Department of Veterans Affairs.
5. S. 635: To amend title 38, United States Code, to direct the Secretary of Veterans Affairs to recognize nurse registries for purposes of the Veterans Community Care Program.
6. S. 654: To amend title 38, United States Code, to establish an external provider scheduling program to assist the Department of Veterans Affairs in scheduling appointments for care and services under the Veterans Community Care Program.
7. S. 702: To require a study on the quality of care difference between mental health and addiction therapy care provided by health care providers of the Department of Veterans Affairs compared to non-Department providers"
hard_filter,us,how did the prime minister/president's rhetoric regarding the war between israel and hamas/gaza change between his first and last speech?,evolution,8,DENSE,fixed,1275,0,":
The text appears to be a speech delivered by a member of Congress (Mr. Torres) at a congressional hearing or committee meeting. The content is a mix of personal stories, historical references, and tributes to notable individuals.

Here are some key points that can be extracted from the text:

1. **Tribute to Clementine Pugh**: The speaker pays tribute to Clementine Pugh, a pioneering African American woman who worked in education and social work. She is remembered for her tireless efforts to educate people about systemic injustices affecting African Americans.
2. **Honoring Lt. Col. James C. Warren**: The speaker honors Lt. Col. James C. Warren, a Tuskegee Airman who flew combat missions during World War II and was awarded numerous medals for his bravery.
3. **Recognition of Felix Z. Fraga**: The speaker recognizes Felix Z. Fraga, a friend from the East End, as a hero who fought to end poverty in all its forms.
4. **Tribute to Anthony ""Tony"" Vendetti**: The speaker honors Tony Vendetti, an outstanding constituent from Mr. Torres' district, for his dedication to giving back to his community and overcoming complex challenges.

Overall, the text is a tribute to individuals who have made significant contributions to their communities and society as a whole."
hard_filter,us,How has the approach to the restoration and maintenance of local and community infrastructure changed between late 2023 and late 2024?,evolution,8,DENSE,fixed,1119,0,":
The text appears to be a list of bills or resolutions introduced in Congress during the 118th Congress (2023-2024). Here's a breakdown of what each bill is about:

1. **Business Uninterrupted Monetary Program Act of 2023 (BUMP Act)**: This bill provides financial assistance to businesses and nonprofits affected by major transportation projects, such as construction disruptions that prevent customers from accessing their store fronts.
2. **District of Columbia Board of Zoning Adjustment Home Rule Act**: This bill would give the District of Columbia the authority to appoint members of the D.C. Board of Zoning Adjustment (Board), except when the Board is performing functions regarding an application by a foreign mission with respect to a chancery.
3. **Carthage, Texas 175th Anniversary Resolution**: This resolution celebrates the 175th anniversary of Carthage, Texas and recognizes its rich heritage and resilience.

The other bills mentioned in the text are not specific resolutions or introductions, but rather statements from members of Congress expressing their support for certain causes or initiatives."
hard_filter,us,who is the minister of defense/secretary of defense?,ambiguity,8,DENSE,fixed,1179,0,":
The text appears to be a speech or statement made by a member of Congress (likely Senator Tim Scott) on June 13, 2024. It is a lengthy and detailed speech that includes several notable figures, including Lieutenant General John P. Sullivan, who will retire from the US Army Transportation Command in September.

Some key points from the text include:

* The speaker recognizes the service of David Biggs as City Manager of Orinda and praises his dedication to serving the community.
* They also recognize the impending retirement of Lieutenant General John P. Sullivan, a fellow graduate of Fordham University and decorated combat veteran who has served in various roles, including as Deputy Commander of the US Transportation Command.
* The speaker calls on the Government of Azerbaijan to release Dr. Gubad Ibadoghlu, a courageous pro-democracy activist and economist, who was detained for over seven months after returning from a visiting fellowship at the London School of Economics.

Overall, the text appears to be a tribute to several individuals who have made significant contributions to their respective fields or communities, and a call for justice and human rights."
hard_filter,us,Who holds the position responsible for Rural Development?,ambiguity,8,DENSE,fixed,1020,0,":
The text appears to be a legislative record from the United States House of Representatives, specifically Roll Call votes on April 15 and 16, 2024. It lists various bills and resolutions that were voted on during those days, along with the votes cast.

Here's a breakdown of what I found:

**April 15, 2024**

* Roll Call vote No. 120: YES (voted by all members)
* Roll Call vote No. 121: YES
* Roll Call vote No. 122: YES
* Roll Call vote No. 123: NO

The text also mentions that David Gonzalez was unable to attend the roll call votes due to weather conditions, but his absence is noted.

**April 16, 2024**

* The online version of the record has been corrected to reflect the correct votes:
	+ Vote YES; on Roll Call vote No. 122: YES
	+ Vote NO; on Roll Call vote No. 123: NO

It's worth noting that the text does not provide any further information about David Gonzalez or his contributions to the community, beyond the fact that he is a valued volunteer and employee of Withlacoochee River Electric Cooperative."
hard_filter,us,what was the specific budget allocated to security in 2024?,hard_filter,8,DENSE,parentSon,672,0,":
It appears that you have provided a long list of meeting schedules for the United States Congress, specifically in the House of Representatives and Senate. Each schedule includes various committee meetings, hearings, and other events.

To provide a more specific answer to your question, I'll need to know which specific meeting or event you're interested in. Could you please provide me with:

1. The date(s) of interest
2. A brief description of the meeting or event (e.g., hearing, committee markup, vote)
3. Any relevant details about the topic or issue being discussed

Once I have this information, I'll do my best to provide a more detailed and accurate response."
hard_filter,us,What was the specific amount allocated to support the public sector for National Insurance costs in 2025?,hard_filter,8,DENSE,parentSon,1412,0,":
The text appears to be a speech delivered by the Speaker of the House of Representatives, likely in response to various news articles or press releases about notable individuals. The content includes:

1. A tribute to Rachel's family and those living with rare diseases such as Huntington's Disease, highlighting the importance of research, support, and care.
2. An introduction to His All-Holiness Ecumenical Patriarch Bartholomew, a spiritual leader of 300 million Orthodox Christians, who will visit Washington, D.C., and receive the Templeton Prize.
3. A brief overview of Patriarch Bartholomew's life, emphasizing his ethical and principled leadership, and his commitment to religious freedom, inter-faith dialogue, and environmental responsibility.

The speech also mentions various committees and events, including:

* Committee on Veterans' Affairs
* Committee on Commerce, Science, and Transportation
* Committee on Appropriations
* Select Committee on Intelligence

Additionally, the text includes a list of bills being considered in Congress, such as S. 190, S. 318, S. 337, and S. 503, which may be related to various issues, including national security, education, healthcare, and environmental protection.

Overall, the speech appears to be an official statement from the Speaker of the House, highlighting the importance of certain individuals or causes and expressing support for their efforts."
hard_filter,us,What is the current official position regarding the State of Israel?,recency,8,DENSE,parentSon,868,0,":
The text appears to be a speech delivered by various members of Congress on April 14, 2025. It is a mix of speeches from different lawmakers, including Democrats and Republicans, on various topics such as budget cuts, healthcare, education, and the economy.

Some notable mentions in the speech include:

* The Harlem Globetrotters' centennial celebration
* Darrell S. Tremblay's retirement
* Rabbi Menachem Mendel Schneerson (also known as the Rebbe) being honored for his legacy
* The Republican's Reckless Budget Scheme, which includes proposed cuts to healthcare, education, and food assistance

The speech also highlights various issues such as:

* Tax breaks for Elon Musk and other billionaires
* Cuts to Medicaid and food assistance programs like SNAP
* High debt levels due to the Republican budget
* Trade war-related economic burdens on Minnesota families"
hard_filter,us,What is the current official position regarding Hamas/Gaza?,recency,8,DENSE,parentSon,1379,0,":
The text appears to be a list of individuals who have been recognized or honored for their achievements. Here are some notable mentions:

1. Darrell S. Tremblay - Retired fireman and pilot from Virginia.
2. Mark Beatty - Coach of the Idlewild Elementary School Chess Team, which won several state championships.
3. Srikarthi Jaggavarapu - Nan Jiang's father, a chess coach who has coached multiple teams to national championships.
4. Meagan Kerins - A member of the Idlewild Elementary School Chess Team and a graduate of Grahamwood Elementary School.
5. Christopher Lau - Coach of the White Station Middle School and White Station High School chess teams.
6. Franklin Lee - A member of the US Chess Federation's National Elementary Championship team.
7. Talia Lioce - A member of the Idlewild Elementary School Chess Team and a graduate of Grahamwood Elementary School.
8. Ayan Mahajan - A member of the Nan Jiang's father, Srikarthi Jaggavarapu's chess coaching team.
9. Ahaan Modi - A member of the Idlewild Elementary School Chess Team and a graduate of Grahamwood Elementary School.
10. Kaya Parikh - A member of the Idlewild Elementary School Chess Team and a graduate of Grahamwood Elementary School.

Additionally, there are several individuals who have been recognized for their service or achievements in various fields:

1. Darrell S. Tremblay's retirement from fire"
hard_filter,us,Was the official position in the last quarter of 2023 supportive of the State of Israel?,recency,8,DENSE,parentSon,1441,0,":
The text appears to be a list of resolutions or statements from members of Congress expressing their support for Israel and acknowledging individuals who have made significant contributions to the U.S.-Israel relationship. Here's a breakdown of the content:

**Resolutions/Statements:**

1. Expressing support for the State of Israel
2. Acknowledging the importance of the U.S.-Israel alliance
3. Recognizing the contributions of individuals, such as Bill Rockwood Jr., James ""Ben"" Benton Gaston, and Jimmy McClintock, to the relationship

**Individual Recognition:**

1. Bill Rockwood Jr.: Deputy Legislative Director for Florida's Ninth Congressional District
2. James ""Ben"" Benton Gaston (also known as Ben): Retired U.S. Army Infantryman in Vietnam and Cambodia
3. Jimmy McClintock: Native Texan, born in a small town outside of Tel Aviv; advocate for the U.S.-Israel alliance

**Other Notes:**

1. The text mentions several individuals who have made significant contributions to the U.S.-Israel relationship, including those involved in advocacy efforts, military service, and humanitarian work.
2. The resolution or statement from Congressman Mike Thompson and his colleague is not explicitly stated, but it appears to be a joint recognition of Ann DuBay's retirement.

Overall, the text highlights the importance of the U.S.-Israel relationship and recognizes individuals who have made significant contributions to this partnership."
hard_filter,us,Was the official position in the last quarter of 2023 supportive of Hamas/Gaza?,recency,8,DENSE,parentSon,1364,0,":
The text appears to be a list of roll calls in the United States Congress, with various members of the House and Senate voting on different bills and resolutions. The content of the roll call is not explicitly stated, but it seems to include votes on several pieces of legislation related to national defense, education, and social issues.

Some specific details about the roll calls mentioned in the text include:

* Roll Call No. 559: A vote on a bill that would prohibit the Department of Defense from recouping pay for encampment leave taken by DCNG members after the enactment of the National Defense Authorization Act (NDAA) in 2022.
* Roll Call No. 560: A vote on a resolution to recognize Catherine McAuley Distinguished Alumnae Honorees at Mount Mercy Academy, Meghan Crotty Quinn.
* Roll Call No. 561: A vote on a bill that would provide funding for the National Guard and Reserves.
* Roll Call No. 562: A vote on a resolution to protect Allied Democracies from Disinformation.
* Roll Call No. 563: A vote on a bill that would strengthen stability and security in the Black Sea Region following Russia's invasion of Ukraine.
* Roll Call No. 564: A vote on a bill that would provide support for Israel as it faces attacks by Hamas.

Overall, the text appears to be a record of various votes taken by members of Congress during a specific period of time."
hard_filter,us,Has the official position in the last quarter of 2023 changed relative to the official position in the last quarter of 2025?,recency,8,DENSE,parentSon,1653,0,":
The text appears to be a list of meetings scheduled in November 2023, with various committee hearings and subcommittee meetings taking place. The topics discussed include:

1. Committee on Appropriations: Hearing to examine the President's supplemental request for the Departments of Health and Human Services and Homeland Security.
2. Committee on Homeland Security and Governmental Affairs: Hearing to examine the philosophy of AI, focusing on learning from history and shaping our future.
3. Committee on the Budget: Hearing to examine fairness and fiscal responsibility.
4. Committee on Environment and Public Works: Hearing to examine accessing clean water infrastructure assistance, focusing on small, rural, disadvantaged, and underserved communities.
5. Committee on Finance: Business meeting to consider an original bill entitled ""Better Mental Health Care, Lower-Cost Drugs, and Extenders Act"".
6. Committee on Foreign Relations: Hearing to examine U.S. national security interests in Ukraine.
7. Committee on Health, Education, Labor, and Pensions Subcommittee on Primary Health and Retirement Security: Hearing to examine policy considerations for Artificial Intelligence in health care.
8. Committee on Indian Affairs: Oversight hearing to examine fentanyl in Native communities, focusing on Native perspectives on addressing the growing crisis.
9. Select Committee on Intelligence: Closed briefing on certain intelligence matters.

The text also mentions a bill related to home rule for D.C., which would give the District of Columbia the authority to appoint members of the D.C. Board of Zoning Adjustment (Board), except when the Board"
hard_filter,us,What is the latest official position regarding legislation on the protection of veterans?,recency,8,DENSE,parentSon,1508,0,":
The text appears to be a statement from a member of Congress (Speaker) on the floor of the House of Representatives, discussing various bills related to veterans' affairs and mental health. The specific bill being discussed is the Not Just a Number Act, which aims to address veteran suicide by expanding its scope and considering socioeconomic factors.

Some key points mentioned in the text include:

1. The high rate of veteran suicides: 17 veterans per day, with an average loss of 17 lives.
2. The need for a more comprehensive approach: The Not Just a Number Act requires a holistic understanding of the complex factors contributing to veteran suicide.
3. The importance of education and job training: The bill aims to address these issues by providing support systems and interventions.
4. The need for continuous improvement: The Speaker emphasizes that addressing veteran suicide is an ongoing commitment, requiring adaptability and improvement in support systems.

The text also mentions several specific bills, including:

1. H.R. 4157, the Not Just a Number Act
2. S. 2315, to provide for the creation of the missing Armed Forces and civilian personnel Records Collection at the National Archives
3. S. 2270, to establish and maintain a database within each agency for executive branch ethics records of noncareer appointees
4. H.R. 6972, to amend title 5, United States Code, to require an Executive agency whose head is a member of the National Security Council to notify the Executive Office"
hard_filter,us,how did the prime minister/president's rhetoric regarding the war between israel and hamas/gaza change between his first and last speech?,evolution,8,DENSE,parentSon,1280,0,":
The text appears to be a speech delivered by a member of Congress (likely the Speaker of the House) in response to various individuals or organizations. The content is formal and includes several references to specific events, people, and organizations.

Here are some key points that can be extracted from the text:

1. **Dorothy Lawrence's 95th birthday**: The speaker honors Dorothy Lawrence, a life-long resident of New York, for her outstanding work in community service.
2. **Dixon Family Services**: The speaker recognizes Dixon Family Services as an organization that has provided vital services to its clients over the past 40 years and is committed to continuing this work.
3. **Raja Shehadeh's book**: The speaker praises Raja Shehadeh, a Palestinian author and lawyer, for his latest book ""What Does Israel Fear From Palestine?"" which offers a balanced perspective on the Israeli-Palestinian conflict.
4. **His All-Holiness Ecumenical Patriarch Bartholomew**: The speaker welcomes His All-Holiness Ecumenical Patriarch Bartholomew to Washington, D.C., and honors his life of ethical and principled leadership.

Overall, the text is a tribute to various individuals and organizations that have made significant contributions to their respective fields or communities."
hard_filter,us,How has the approach to the restoration and maintenance of local and community infrastructure changed between late 2023 and late 2024?,evolution,8,DENSE,parentSon,1579,0,":
The text appears to be a statement from a member of Congress, likely Senator Dianne Feinstein (D-CA), honoring the legacy of U.S. Senator Dianne Feinstein's efforts to promote tolerance and acceptance in America.

Here are some key points that can be extracted from the text:

1. **Renaming Lake Tahoe**: The bill cosponsored by Senators Feinstein and their Nevada delegation aims to rename the Lake Tahoe Restoration Act of 2000 in honor of the late U.S. Senator Dianne Feinstein.
2. **Historical context**: The text mentions that the United States became the first western nation to prohibit any religious test for national public office, have no national or official faith, and allow for freedom of worship and belief on a broad national scale during the Revolutionary era.
3. **Commitment to equality**: Senator Feinstein's efforts have led to significant advancements in promoting tolerance and acceptance in America, including full Jewish political equality in Britain and the establishment of the U.S. Forest Service's authority to combat wildfires across the Tahoe Basin.
4. **Legacy of the Haitian boat people**: The text honors the 50th anniversary of the first documented arrival of Haitian refugees fleeing Haiti by sea, marking an incredible journey that has transformed South Florida's social, cultural, and political landscape.

Overall, the text showcases Senator Feinstein's commitment to promoting tolerance, acceptance, and equality in America, as well as her legacy in addressing issues related to immigration, public health, and environmental conservation."
hard_filter,us,who is the minister of defense/secretary of defense?,ambiguity,8,DENSE,parentSon,1250,0,":
The text appears to be a record of a Congressional hearing or meeting, likely related to the nomination of individuals for various positions within the Department of Defense (DOD). The hearing is focused on the nominations of Marc Berkowitz, Joseph Jewell, James Caggy, Brendan Rogers, and David Colburn.

Here are some key points from the text:

1. The hearings are scheduled to examine the nominations of these individuals.
2. The nominees are:
	* Marc Berkowitz (Assistant Secretary for Civilian Security, Democracy, and Human Rights)
	* Joseph Jewell (Assistant Secretary for Homeland Security)
	* James Caggy (Assistant Secretary for National Security and Resources)
	* Brendan Rogers (Assistant Secretary for the Navy)
3. The hearings will focus on their qualifications, experience, and leadership skills.
4. The nominees are expected to provide testimony and answer questions from members of Congress.
5. The hearing is part of a larger effort to ensure that the DOD's nominations meet the requirements outlined in the National Defense Authorization Act (NDAA).

Overall, the text suggests that these hearings are an opportunity for lawmakers to assess the qualifications and suitability of the nominees for various positions within the DOD."
hard_filter,us,Who holds the position responsible for Rural Development?,ambiguity,8,DENSE,parentSon,1319,0,":
The text appears to be a speech by a member of Congress, likely in support of two individuals: David Biggs, who is retiring from his role as City Manager of Orinda, California, and Gilbert Garcia, a journalist with over 30 years of service. The speech highlights the dedication and contributions of both individuals to their respective fields.

The first part of the speech mentions David Biggs' retirement and expresses gratitude for his service, noting that he has brought a deep understanding of urban development to his work as City Manager of Orinda. It also praises him for his role in organizing the Juneteenth Festival and his commitment to giving back to the community.

The second part of the speech is dedicated to Gilbert Garcia, who has been a distinguished journalist with over 30 years of service. The speaker honors Garcia's contributions to journalism, including his work on politics, sports, religion, music, and more. He also mentions that Garcia has authored ""Reagan 220,"" which recommends redesignating Nigeria as a Country of Particular Concern (CPC) for particularly severe religious persecution.

The speech concludes by thanking both Biggs and Garcia for their dedication to their respective fields and expressing gratitude for the opportunities they have provided to serve their communities."
hard_filter,us,what was the specific budget allocated to security in 2024?,hard_filter,8,BM25,fixed,1242,0,":
The text appears to be a speech or statement from Congress, likely delivered by a member of the House of Representatives or Senate, on December 10, 2024. The speaker acknowledges several individuals who have made significant contributions to their community and country.

The list of speakers includes:

1. Jen Lopez (R-TX) - Colorado native and leader in San Angelo
2. Walt Koenig (D-MO) - Community leader and advocate for the city of San Angelo
3. Esther Haywood (D-IL) - Educator, public servant, and civil rights icon

The text also mentions several individuals who have made significant contributions to their community and country, including:

* Grayford F. Payne (R-TX) - Retired from the U.S. Department of the Interior after 38 years of Federal service
* Nora Hernandez (D-CA) - Leader in the fight against COVID-19 pandemic
* Josiah Heyman (D-MO) - Community leader and advocate for the city of St. Louis County
* Mark Jurado (D-TX) - Leader in the fight against COVID-19 pandemic
* Adriana Orozco (D-TX) - Community leader and advocate for the city of El Paso
* Gina Nunez-Mchiri (D-TX) - Community leader and advocate for the city of Moore, TX
* Patricia Juarez Carrillo (D-TX) - Community leader and advocate for the community"
hard_filter,us,What was the specific amount allocated to support the public sector for National Insurance costs in 2025?,hard_filter,8,BM25,fixed,1092,0,":
The text appears to be a list of bills or resolutions introduced in the United States Congress for the 2025 legislative session. The bills are related to various topics such as national defense, healthcare, education, and law enforcement.

Here is a breakdown of the bills mentioned:

1. **National Time Out Day**: A bill introduced by Representative Ray Fletcher (R-TX) to recognize National Time Out Day on June 11, 2025, to promote safe surgery practices.
2. **Body-Worn Camera Program for Troops in D.C.**: A bill introduced by Representative MoULTON (D-FL) to require the deployment of body-worn cameras by troops deployed in response to an order from the President relating to crime or civil disturbance in Washington, D.C.
3. **Campbell: The Nature of Truth** (Opinion Column): An opinion column published in the Odessa American newspaper on May 1, 2025, reflecting on the nature of truth and its importance in democratic discourse.

The other bills mentioned are not specified in the text, but they may be related to various topics such as healthcare, education, or law enforcement."
hard_filter,us,What is the current official position regarding the State of Israel?,recency,8,BM25,fixed,1343,0,":
The text appears to be a list of bills introduced in Congress during the 118th Congress (2023-2024). Here's a breakdown of what each bill is about:

1. **S. 874: Enhanced Retirement and Annuity Benefits for U.S. Customs and Border Protection Officers** - This bill aims to correct the inequitable denial of enhanced retirement and annuity benefits to certain U.S. Customs and Border Protection (CBP) officers.
2. **S. 594: Protecting Whistleblowers from Retaliation** - This bill seeks to ensure that whistleblowers, including contractors, are protected from retaliation when a Federal employee orders a reprisal.
3. **S. 865: Repealing Obsolete Requirements in the Lobbying Disclosure Act of 1995** - This bill aims to repeal certain obsolete requirements in the Lobbying Disclosure Act of 1995, which regulates lobbyists and their activities.
4. **S. 856: Clarifying Exemptions under the Foreign Agents Registration Act of 1938, as Amended** - This bill seeks to clarify a provision relating to exemptions under the Foreign Agents Registration Act (FARA) of 1938, which requires registered foreign agents to disclose their activities.
5. **S. 850: Updating Northern Border Threat Analysis and Strategy** - This bill aims to update the northern border threat analysis and strategy in response to emerging threats and challenges.
6. **S. 848"
hard_filter,us,What is the current official position regarding Hamas/Gaza?,recency,8,BM25,fixed,1386,0,":
The text appears to be a list of meetings held by the United States Congress, specifically the House of Representatives, from July 23 to October 20, 2025. The meetings were related to various legislative proposals and nominations.

Here's a breakdown of the content:

1. **Legislative Proposals**: Several bills were introduced or considered during these meetings, including:
	* S. 874: Ensuring enhanced retirement and annuity benefits for U.S. Customs and Border Protection Officers.
	* S. 594: Amending the Post-Katrina Management Reform Act of 2006 to repeal certain obsolete requirements.
	* S. 865: Amending the Lobbying Disclosure Act of 1995 to require disclosures by registrants regarding exemptions under the Foreign Agents Registration Act of 1938, as amended.
	* S. 856: Amending the Lobbying Disclosure Act of 1995 to clarify a provision relating to certain contents of registrations under that Act.
	* S. 850: Amending the Northern Border Security Review Act to require updates to the northern border threat analysis and the northern border strategy.
	* S. 848: Providing for joint reports by relevant Federal agencies to Congress regarding incidents of terrorism.
	* S. 572: Enhancing the effectiveness of the Shadow Wolves Program; and
	* S. 1498: Amending Chapter 131 of title 5, United States Code, to prohibit transactions involving certain financial instruments by"
hard_filter,us,Was the official position in the last quarter of 2023 supportive of the State of Israel?,recency,8,BM25,fixed,1322,0,":
The text appears to be a list of individuals who have made significant contributions to their respective fields and communities. Here's a breakdown of the individuals mentioned:

1. **Noah Quinton Brown**: Eagle Scout, Broward County Commissioner (2016-2020), Vice Mayor of Broward County (2023-present)
2. **Linda Lamone**: Elections Administrator, Maryland; Chief Legal Counsel to Governor Schaefer's legislative office
3. **Carolyn W. Jones**: Leader of St. Ruth Missionary Baptist Church in Dania Beach; founder of JWS-Journey of Hope Cancer Ministry at St. Ruth
4. **Joe Siff**: Architect, financial advisor, and entrepreneur

These individuals have demonstrated remarkable dedication, leadership, and commitment to their communities and fields. Their contributions are a testament to the power of hard work, passion, and perseverance.

It's worth noting that the text also mentions several notable figures in politics, including:

* **John Hill**: Governor of Texas (1968)
* **Sissy Farenthold**: Governor of Texas (2015-2017)
* **Kevin White**: Boston Mayor
* **Boston Mayor Kevin White** was mentioned as a precursor to Joe Siff's career in finance and public service.

Overall, the text highlights the achievements and contributions of these individuals, showcasing their impact on their communities and fields."
hard_filter,us,Was the official position in the last quarter of 2023 supportive of Hamas/Gaza?,recency,8,BM25,fixed,873,0,":
The text appears to be a collection of eulogies or tributes to individuals who have passed away. There are several names mentioned, including:

1. Alvin Stanley Benn (Alvin) - a journalist and advocate for social justice.
2. Gabriel Lee Shaw, Jr. - a pastor and community leader in Milwaukee, the 4th Congressional District, and the entire State of Wisconsin.
3. Pastor Charles Gilchrist Adams - a pastor at Hartford Memorial Baptist Church in Maryland.
4. Linda Lamone (Linda) - an Elections Administrator and chief elections official in Maryland.
5. Senator Rich (Nan) - a Florida state senator who served for many years.
6. Carolyn W. Jones - a woman of faith, leader of St. Ruth Missionary Baptist Church in Dania Beach.

These tributes express gratitude and admiration for the lives and contributions of these individuals to their communities and society as a whole."
hard_filter,us,Has the official position in the last quarter of 2023 changed relative to the official position in the last quarter of 2025?,recency,8,BM25,fixed,1495,0,":
The text appears to be a list of resolutions or statements from various lawmakers in the United States Congress regarding several issues. Here's a breakdown of what each resolution is about:

1. **Motion to Recommit H.R. 3564**: This resolution was missed during a vote on June 16, 2023. It refers to a bill that would provide funding for disaster relief and other programs.
2. **Honoring Stuart Mills**: This resolution recognizes the contributions of Stuart Mills, an executive director at Partners for Children and Families, who has worked in various community leadership roles.
3. **Man of the Year Award**: This resolution honors Michael E. Fox, Sr., a strong force for good in the South Bay who died on November 3, 2023.
4. **Michael E. Fox, Sr.'s Legacy**: This resolution expresses gratitude and admiration for Michael E. Fox's life and work.

The resolutions are likely related to education policy, specifically the use of data science and tracking methods in math classrooms. The text mentions specific criticisms of these approaches, including:

* Opposing acceleration (tracking) and ability grouping
* Pushing teaching methods that emphasize ""social justice"" goals rather than math content
* Using radical egalitarianism and promoting ""trauma-informed pedagogy""
* Encouraging students to suggest recommendations and take action

Overall, the text suggests that lawmakers are concerned about the potential negative consequences of these approaches on student learning and outcomes."
hard_filter,us,What is the latest official position regarding legislation on the protection of veterans?,recency,8,BM25,fixed,1370,0,":
This appears to be a list of proposed or pending legislation in the United States Congress. Here's a breakdown of what each item on the list is:

**Legislative Proposals:**

1. **S. 879**: Extends and modifies the transportation grant program of the Department of Veterans Affairs.
2. **S. 1318**: Directs the American Battle Monuments Commission to establish a program to identify American-Jewish servicemembers buried in United States military cemeteries overseas under markers that incorrectly represent their religion and heritage.
3. **S. 1383**: Directs the Secretary of Defense and the Secretary of Veterans Affairs to take certain steps regarding research related to menopause, perimenopause, or mid-life women's health.

**Committee Hearings:**

1. **TBA (10 a.m.)**: Committee on Appropriations Subcommittee on Departments of Labor, Health and Human Services, and Education will hold hearings to examine proposed budget estimates for fiscal year 2026.
2. **SD-138 (10:15 a.m.)**: Committee on Banking, Housing, and Urban Affairs will hold hearings to examine securing America, focusing on key authorities under the Defense Production Act.
3. **SD-538 (10:15 a.m.)**: Committee on the Judiciary will hold hearings to examine the nominations of Terrance Cole, Gadyaces Serralta, Laura DiBella, Robert Harvey, and Timothy Petty.

**Special Committee Hearings:**"
hard_filter,us,how did the prime minister/president's rhetoric regarding the war between israel and hamas/gaza change between his first and last speech?,evolution,8,BM25,fixed,1287,0,":
The article appears to be a collection of news articles from various sources, including The New York Times, The Washington Post, and other outlets. It discusses the Israeli-Palestinian conflict, with Raja Shehadeh, an award-winning author and lawyer, writing about his experiences as a Palestinian and his views on the conflict.

The article also mentions Rabbi Dr. Israel Zoberman, who is the founder of Temple Lev Tikvah in Virginia Beach, and Reverend Hines, who was a prominent figure in South Carolina's NAACP. The article highlights Shehadeh's book ""What Does Israel Fear From Palestine?"" and his experiences growing up as a Palestinian.

The article also mentions the Israeli-Palestinian conflict and its implications for world peace and stability, with Shehadeh advocating for support of Israel from the United States Congress.

Additionally, the article discusses various bills passed in support of Israel by the U.S. House of Representatives, including measures to provide emergency appropriations to support Israel's defense efforts against Iran and pro-Hamas leftists who have withheld critical military aid.

Finally, the article mentions the Water Resources Development Act (WRDA) 2024, which includes two of Shehadeh's bills, and its benefits for Western North Carolina."
hard_filter,us,How has the approach to the restoration and maintenance of local and community infrastructure changed between late 2023 and late 2024?,evolution,8,BM25,fixed,1344,0,":
The text appears to be a list of recognitions and awards from various individuals, organizations, or institutions in the United States. Here's a breakdown of what each item is:

1. **Greg Kupp**: Recognized for his dedication to preserving the history and culture of Middletown, Pennsylvania.
2. **Carol Kupp**: Recognized as Greg's wife and business partner, who has continued the family tradition at Kuppy's Diner.
3. **Mary K. Clark**: Honored for her service in World War II as a Navy Lieutenant and her contributions to the preservation of New York State's history and culture.
4. **Joan Kaplan Davidson**: Recognized for her philanthropic work, advocacy for conservation, and leadership roles in various organizations, including the J.M. Kaplan Fund and the New York State Commissioner of Parks, Recreation, and Historic Preservation.
5. **Ponnambalam**: Arrested for harassing state intelligence officers during a public meeting, but released on bail shortly after his arrest.

The text also mentions several individuals or organizations that have received awards or recognition, including:

* The Erwin Township Historical Society
* The Michigan History Alliance

Overall, the text appears to be a list of recognitions and awards given to individuals who have made significant contributions to their communities, states, or countries."
hard_filter,us,who is the minister of defense/secretary of defense?,ambiguity,8,BM25,fixed,1150,0,":
The text appears to be a speech or statement from a member of Congress, likely Representative DeLuzio, discussing various topics related to defense spending and procurement reform.

Some key points mentioned in the speech include:

1. Defense spending: The speaker mentions the need for reforms in defense spending, including closing loopholes in current acquisition laws, tying financial incentives for contractors to performance, and providing the Department of Defense with the information necessary to prevent future rip-offs.
2. Price gouging: The speaker highlights the issue of price gouging by defense contractors, citing examples such as overbilling or outright fraud.
3. Transparency: The speaker advocates for greater transparency in defense procurement, including requiring disclosures from defense contractors and tying payments to performance.
4. Reforming the ""Stop Pentagon Price Gouging Act"": The speaker mentions reintroducing a bill that aims to address price gouging by defense contractors.

Overall, the speech appears to be an effort to promote reform and accountability within the Department of Defense's procurement process."
hard_filter,us,Who holds the position responsible for Rural Development?,ambiguity,8,BM25,fixed,1114,0,":
The text appears to be a list of individuals who have been recognized or honored by their respective communities and institutions. Here is a breakdown of what I've extracted from the text:

**Individuals Honored:**

1. Cinthya Cisneros - American Dream Award Recipient in Napa County
2. Edgar Ontiveros - 4th Congressional District of California (2025)
3. Dr. Dave Olson - President and Program Manager at Savannah River Mission Completion (SRMC) (retired after 40 years of service)
4. Mrs. Monzola Randle Ross - Devoted early childhood educator, love for her community, and enduring legacy
5. Vanessa Allen-McCloud - President and CEO of the Urban League of Northwest Indiana (NWI)

**Institutions Honored:**

1. Aquarium of Niagara - 60th anniversary celebration
2. Mt. Olive Missionary Baptist Church in Lexington, Mississippi - tribute to Mrs. Monzola Randle Ross

**Other Individuals Mentioned:**

1. Mr. Donald R. Dwight - Marine and newspaper executive (late)
2. Mr. Albert Ross - late husband of Mrs. Monzola Randle Ross
3. Mr. Don't' - handmade brown-paper-bag puppet created by Mrs. Monzola Randle Ross"
hard_filter,us,what was the specific budget allocated to security in 2024?,hard_filter,8,BM25,parentSon,1429,0,":
The text appears to be a list of upcoming congressional hearings, which are scheduled to take place on various dates. Here is a breakdown of the hearings mentioned:

**Committee Hearings**

1. Committee on Armed Services:
	* April 17: Department of Energy and National Nuclear Security Administration atomic energy defense activities in review
	* May 16: Army modernization in review of the Defense Authorization Request for Fiscal Year 2025 and the Future Years Defense Program
2. Committee on Environment and Public Works:
	* April 17: Nomination of Christopher T. Hanson, of Michigan, to be a Member of the Nuclear Regulatory Commission
3. Committee on Foreign Relations:
	* May 15: Modernizing United States alliances and partnerships in the Indo-Pacific
4. Committee on Health, Education, Labor, and Pensions:
	* April 17: Feeding a healthier America, focusing on current efforts and potential opportunities for Food is Medicine
5. Committee on Homeland Security and Governmental Affairs:
	* May 15: Boeing's broken safety culture, focusing on firsthand accounts
6. Committee on Indian Affairs:
	* May 16: S. 465, to require Federal law enforcement agencies to report on cases of missing or murdered Indians
7. Committee on Veterans' Affairs:
	* May 18: Pending legislation

**Joint Congressional Committee**

1. Joint Congressional Committee on Inaugural Ceremonies--2024 Organizational business meeting (no specific date"
hard_filter,us,What was the specific amount allocated to support the public sector for National Insurance costs in 2025?,hard_filter,8,BM25,parentSon,1319,0,":
The text appears to be a speech delivered by Hon. Teresa Leger Fernandez of New Mexico in the House of Representatives on July 16, 2025. The speech is about various topics such as:

1. Channel Islands Harbor: The speaker recognizes the importance of this harbor in Ventura County and its role in supporting local businesses and communities.
2. Circuit Rider Health Program: The speaker supports a program that provides specialized care to military families in rural areas.
3. Space Day: The speaker commemorates National Space Day, which honors the achievements of the aerospace community and inspires future generations.

Some specific points made by the speaker include:

* The Channel Islands Harbor is celebrating 60 years of history and natural beauty.
* The circuit rider health program has helped to improve access to specialized care for military families in rural areas.
* NASA's Artemis program has brought new opportunities for economic growth, job creation, and innovation in Nebraska.
* The state's space heritage is celebrated through the achievements of individuals like Clayton C. Anderson, who was the first and only astronaut from Nebraska.

Overall, the speech highlights the importance of supporting local businesses, investing in STEM education, and promoting national pride in space exploration."
hard_filter,us,What is the current official position regarding the State of Israel?,recency,8,BM25,parentSon,1446,0,":
It appears you've provided a long list of legislative proposals and meetings scheduled for October 2023. I'll summarize the key points:

**Legislative Proposals:**

1. **National STEM Week**: Establishing a National STEM Week to promote American innovation and enhance STEM education pathways.
2. **Arms Export Control Act**: Amending the Arms Export Control Act to include Taiwan in the list of recipient countries for arms sales.
3. **Pipeline Safety Administration**: Appointing new administrators for Pipeline and Hazardous Materials Safety Administration (PHMSA) and National Highway Traffic Safety Administration (NHTSA).
4. **Grain Standards Act Reauthorization**: Reauthorizing the U.S. Grain Standards Act to address issues related to grain standards.

**Meetings:**

1. **Committee on Armed Services**: Scheduled meetings for October 21-22, including a briefing on Joint Interagency Task Force 401.
2. **Committee on Banking, Housing, and Urban Affairs**: Scheduled hearings for October 22, focusing on innovation in U.S. housing.
3. **Committee on Commerce, Science, and Transportation**: Scheduled meeting for October 20, considering the Legal Gold and Mining Partnership Strategy.
4. **Committee on Agriculture, Nutrition, and Forestry**: Scheduled hearing for July 30 to examine perspectives on reauthorizing the U.S. Grain Standards Act.

**Other:**

1. **Pipeline Safety Administration**: Appointing new administrators for PHMSA"
hard_filter,us,What is the current official position regarding Hamas/Gaza?,recency,8,BM25,parentSon,1271,0,":
The text appears to be a list of upcoming meetings and hearings in the United States Congress. Here are some key points:

**Meetings and Hearings:**

1. Committee on Armed Services:
	* October 21, 2023: Joint Interagency Task Force 401 briefing
	* October 30, 2023: Hearing to examine perspectives on reauthorization of the U.S. Grain Standards Act
2. Committee on Banking, Housing, and Urban Affairs:
	* Subcommittee on Securities, Insurance, and Investment:
		+ July 30, 2023: Hearing to examine guardrails and growth in AI's role in capital and insurance markets
	* Subcommittee on Housing, Transportation, and Community Development:
		+ October 21, 2023: Hearing to hold hearings to examine innovation in U.S. housing
3. Committee on Commerce, Science, and Transportation:
	* Business meeting:
		+ October 22, 2023: Consideration of S. 1691 (limiting the use of facial recognition technology in airports)
4. Committee on Agriculture, Nutrition, and Forestry:
	* Hearing to examine perspectives on reauthorization of the U.S. Grain Standards Act
5. Committee on Banking, Housing, and Urban Affairs:
	* Subcommittee on Securities, Insurance, and Investment:
		+ July 30, 2023: Hearing to examine guardrails and growth in AI's role in capital and insurance markets

**"
hard_filter,us,Was the official position in the last quarter of 2023 supportive of the State of Israel?,recency,8,BM25,parentSon,1079,0,":
The text appears to be a list of individuals who have been recognized or awarded for their service, contributions, or achievements. Here's a breakdown of the individuals mentioned:

1. **Alvin Stanley Benn**: A former Montgomery Advertiser reporter and journalist who passed away in 2023.
2. **GySgt DeHaven**: A veteran who served in the United States Marine Corps and later became a private consultant to help protect schools and communities from threats.
3. **Staff Sergeant Johann Schrap**: A veteran who served in the United States Air Force during the Vietnam War and later became a private consultant to help enhance school safety and threat prevention efforts.

The text also mentions several individuals who have been awarded for their service, including:

* The Montgomery Advertiser's Lifetime Achievement Award
* The Alabama Press Association's Communications Award
* The Distinguished Alabama Community Journalists Award

Overall, the text appears to be a tribute to these individuals' contributions to journalism and their dedication to serving their communities."
hard_filter,us,Was the official position in the last quarter of 2023 supportive of Hamas/Gaza?,recency,8,BM25,parentSon,1493,0,":
The text appears to be a list of individuals who have been recognized for their contributions, achievements, and service in various fields. Here's a breakdown of the individuals mentioned:

1. **GySgt DeHaven**: A veteran who has served in the United States Air Force during the Vietnam War and later returned to Texas to open a private consulting company to help protect schools and communities.
2. **Staff Sergeant Johann Schrap**: A veteran who served in the United States Air Force during World War II and the Vietnam War, and was awarded several awards for his service, including the Republic of Vietnam Campaign Medal, Air Force Commendation Medal, and Silver Rose.
3. **Nick Wallace**: An executive chef, restaurateur, and television personality who has appeared on various shows, including Food Network's Comfort Nation (Season 2), Chopped, Cutthroat Kitchen, and Voyage's Unexplored America--Mississippi.
4. **Dr. Marc A. Nigliazzo**: A professor at Temple College and Texas A&M University-Central Texas, who has dedicated his career to serving the communities of Central Texas through his teaching and research.

The text also mentions several individuals who have been recognized for their contributions in other fields, including:

* Nick Wallace's work with Creativity Kitchen, a nonprofit aimed at providing nutrition education and access to healthy meals.
* Dr. Nigliazzo's awards and recognition from organizations such as the American Cancer Society, Dole, Novo Nordisk, and"
hard_filter,us,Has the official position in the last quarter of 2023 changed relative to the official position in the last quarter of 2025?,recency,8,BM25,parentSon,1036,0,":
The text appears to be a list of individuals who have been recognized or honored by their respective communities and institutions. Here is a breakdown of what each individual has been recognized for:

1. **Michael E. Fox, Sr.** - Man of the Year by the Moore County Community Foundation
2. **Stuart Mills** - Man of the Year by the Moore County Community Foundation
3. **Callie Aberin** - NCO of the Year and ASFA's 2023 International NCO of the Year for her community service and advocacy work

Additionally, there are several individuals mentioned who have been recognized or honored in other ways:

1. **Amy Arceo** - Recognized as an NCO of the Year for her contributions to USA entry and immigration reform
2. **Robert H. Bernard** - Named Man of the Year by Operation Refuge, a grassroots organization based in Western Wayne County

It's worth noting that there are many other individuals who have been recognized or honored in various ways throughout this list, but these three examples stand out as being particularly notable."
hard_filter,us,What is the latest official position regarding legislation on the protection of veterans?,recency,8,BM25,parentSon,1375,0,":
The text appears to be a list of upcoming meetings and hearings related to veterans' affairs. Here's a breakdown of what each meeting or hearing is about:

1. **Committee on Armed Services**: Meetings are scheduled for April 17, 2025.
	* The first meeting will focus on the Department of Energy and National Nuclear Security Administration atomic energy defense activities in review of the Defense Authorization Request for Fiscal Year 2025 and the Future Years Defense Program; a closed session will follow.
2. **Committee on Homeland Security and Governmental Affairs**: Meetings are scheduled for April 17, 2025.
	* The first meeting will focus on Boeing's broken safety culture, with firsthand accounts from employees.
3. **Committee on Health, Education, Labor, and Pensions**: Subcommittees are scheduled to meet:
	* April 18, 2025: Feeding a healthier America
	* May 2, 2025: Veterans Economic Opportunity and Transition Administration
4. **Select Committee on Intelligence**: Meetings are scheduled for July 28, 2025.
	* The first meeting will focus on foreign threats to the 2024 elections.

Additionally, there are several other hearings and meetings related to veterans' affairs that have been scheduled throughout 2025:

1. **Committee on Veterans' Affairs**: Meetings are scheduled for various dates in 2025, including April 17, May 2, June 20, July 18, August"
hard_filter,us,how did the prime minister/president's rhetoric regarding the war between israel and hamas/gaza change between his first and last speech?,evolution,8,BM25,parentSon,1270,0,":
The text appears to be a speech or remarks from a member of Congress, likely in response to a question about the Israeli-Palestinian conflict. The speaker mentions several individuals, including Rabbi Dr. Israel Zoberman, Raja Shehadeh, and Lynette Woodard, who are all involved in various aspects of the conflict.

The main points of the speech seem to be:

* The importance of understanding the historical context of the Israeli-Palestinian conflict, particularly the role of the British in shaping the region's politics.
* The significance of Rabbi Dr. Israel Zoberman's work as a founder of Temple Lev Tikvah and his commitment to promoting peace and understanding between Israelis and Palestinians.
* Raja Shehadeh's book ""What Does Israel Fear From Palestine?"" which offers a nuanced perspective on the conflict, highlighting the complexities and challenges involved in resolving it.
* The need for a balanced approach to addressing the Israeli-Palestinian conflict, one that takes into account the historical context, the rights and experiences of both Israelis and Palestinians.

Overall, the speech suggests that there is a need for greater understanding, empathy, and cooperation between Israelis and Palestinians in order to resolve the conflict peacefully."
hard_filter,us,How has the approach to the restoration and maintenance of local and community infrastructure changed between late 2023 and late 2024?,evolution,8,BM25,parentSon,1587,0,":
The text appears to be a list of meetings held by the United States Senate, including committee hearings and subcommittee meetings. The meetings are related to various policy issues, such as education, national security, energy, and judicial nominations.

Some specific topics that were discussed during these meetings include:

* Education: tracking and acceleration in math classes, the use of data science courses instead of Algebra II, and the importance of homogeneous grouping in classrooms.
* National Security: the opposition to tracking and acceleration, the use of ""wokeness"" in math class, and the potential for advanced nuclear reactor commercialization.
* Energy: the need for advanced nuclear reactors, opportunities and challenges associated with their commercialization, and the nomination process for judges on the Supreme Court and other federal courts.
* Judicial Nominations: the nominations of Mustafa Taher Kasubhai to be a United States District Judge for the District of Oregon, Eumi K. Lee to be a United States District Judge for the Northern District of California, Seth Robert Aframe to be a United States Circuit Judge for the First Circuit, Edward Sunyol Kiel to be a United States District Judge for the District of New Jersey, Sarah French Russell to be a United States District Judge for the District of Connecticut, Christopher Charles Fonzone to be an Assistant Attorney General, Department of Justice, Sara E. Hill and John David Russell to be United States District Judges for the Northern District of Oklahoma, and Ramona Villagomez Manglona to be"
hard_filter,us,who is the minister of defense/secretary of defense?,ambiguity,8,BM25,parentSon,992,0,":
The text appears to be a tribute or eulogy for several individuals, but I'll focus on one of them: Mr. John Bernard Owens.

Here's a summary:

**Mr. John Bernard Owens**

* Born January 15, 1938
* Died [date]
* Retired from the Buffalo Brake Beam Steel Company
* Active member of the Greater Love Fellowship of Buffalo under the leadership of Elder George Herring

The tribute mentions his devotion to family, community, and faith, as well as his generosity towards others. It also highlights his passion for sports (specifically, the Buffalo Sabres) and music (especially The Beatles).

Some notable quotes from the tribute include:

* ""Family was everything.""
* ""He was known for his generosity, always giving and helping others in need.""
* ""His love for his family and his desire to be there for others left a lasting impact on all who crossed his path.""

Overall, the tribute portrays Mr. Owens as a kind, generous, and devoted individual who made a positive impact on those around him."
hard_filter,us,Who holds the position responsible for Rural Development?,ambiguity,8,BM25,parentSon,1403,0,":
The text appears to be a list of resolutions or bills related to the United States Merchant Marine Academy (USMMA), which is a service academy that trains officers for the U.S. Navy, Coast Guard, and other maritime services.

Here's a breakdown of what each section contains:

**Section 1: Introduction**

* The text starts with an introduction that mentions the importance of the USMMA in training future naval officers.
* It also mentions the need to recognize the academy's achievements and contributions to the country.

**Section 2-3: Recognition of the Academy's Achievements**

* Section 2 lists various awards, recognitions, and honors received by the USMMA, including:
	+ The Bernie Mac Foundation
	+ The Luso-American Development Foundation (FLAD)
	+ The Culpeper Colonel Award
	+ The MLK Dreamkeeper Award
	+ The Aging Together's 5 Over 50 Award

**Section 4: Master Planning Process**

* Section 4 outlines the master planning process for the USMMA, which includes:
	+ Modernizing the campus without expanding its current footprint
	+ Incorporating globally connected research facilities and modern IT systems
	+ Providing accessible fitness facilities and a health center
	+ Enhancing leadership development opportunities

**Section 5: Program Cost Summary**

* Section 5 provides an overview of the estimated costs for various projects, including:
	+ Construction: $1.2 billion (Academic"
soft_decay,uk,what was the specific budget allocated to security in 2024?,hard_filter,3,DENSE,fixed,113,1,":
The specific budget allocated to security in 2024 was not mentioned in the provided context.

SOURCES: [1], [2]"
soft_decay,uk,What was the specific amount allocated to support the public sector for National Insurance costs in 2025?,hard_filter,3,DENSE,fixed,158,0,":
The specific amount allocated to support the public sector for National Insurance costs in 2025 is not mentioned in the provided context.

SOURCES: [1], [2]"
soft_decay,uk,What is the current official position regarding the State of Israel?,recency,3,DENSE,fixed,198,0,":
The current official position regarding the State of Israel is that the Israeli Government's response last night was proportionate and backed by international condemnation [1]. 

SOURCES: [1], [2]"
soft_decay,uk,What is the current official position regarding Hamas/Gaza?,recency,3,DENSE,fixed,328,0,":
The current official position regarding Hamas/Gaza is that Britain will continue to play its full part in support of the ceasefire and the wider peace initiative. The situation in Gaza is fragile, and the UK wants the ceasefire to hold and endure for it to transition into a sustainable end to the conflict.

SOURCES: [1], [2]"
soft_decay,uk,Was the official position in the last quarter of 2023 supportive of the State of Israel?,recency,3,DENSE,fixed,113,0,":
The official position in the last quarter of 2023 was not supportive of the State of Israel.

SOURCES: [1], [2]"
soft_decay,uk,Was the official position in the last quarter of 2023 supportive of Hamas/Gaza?,recency,3,DENSE,fixed,104,0,":
The official position in the last quarter of 2023 was not supportive of Hamas/Gaza.

SOURCES: [1], [2]"
soft_decay,uk,Has the official position in the last quarter of 2023 changed relative to the official position in the last quarter of 2025?,recency,3,DENSE,fixed,145,0,":
Has the official position in the last quarter of 2023 changed relative to the official position in the last quarter of 2025?

SOURCES: [1], [2]"
soft_decay,uk,What is the latest official position regarding legislation on the protection of veterans?,recency,3,DENSE,fixed,251,0,":
The latest official position regarding legislation on the protection of veterans is that the Secretary of State has committed to ensuring that those files related to Operation Kenova are available to the new legacy commission. [1]

SOURCES: [1], [2]"
soft_decay,uk,how did the prime minister/president's rhetoric regarding the war between israel and hamas/gaza change between his first and last speech?,evolution,3,DENSE,fixed,231,0,":
The prime minister's rhetoric regarding the war between Israel and Hamas/gaza changed from being proportionate to backing the action, as stated in [1] SOURCE_FILE: exe3/clean-text/UK/debates2025-10-29.txt.

SOURCES: [1], [2], [3]"
soft_decay,uk,How has the approach to the restoration and maintenance of local and community infrastructure changed between late 2023 and late 2024?,evolution,3,DENSE,fixed,216,0,":
The approach to the restoration and maintenance of local and community infrastructure has changed between late 2023 and late 2024, with a greater emphasis on flexibility and incremental progress.

SOURCES: [1], [2]"
soft_decay,uk,who is the minister of defense/secretary of defense?,ambiguity,3,DENSE,fixed,58,0,":
The Minister of Defence is Liz Truss.

SOURCES: [1], [2]"
soft_decay,uk,Who holds the position responsible for Rural Development?,ambiguity,3,DENSE,fixed,19,0,":
SOURCES: [1], [2]"
soft_decay,uk,what was the specific budget allocated to security in 2024?,hard_filter,3,DENSE,parentSon,103,0,":
The specific budget allocated to security in 2024 was not provided in the context.

SOURCES: [1], [2]"
soft_decay,uk,What was the specific amount allocated to support the public sector for National Insurance costs in 2025?,hard_filter,3,DENSE,parentSon,159,1,":
The specific amount allocated to support the public sector for National Insurance costs in 2025 was not mentioned in the provided context.

SOURCES: [1], [2]"
soft_decay,uk,What is the current official position regarding the State of Israel?,recency,3,DENSE,parentSon,243,0,":
The current official position regarding the State of Israel is that the UK Government supports a two-state solution to the Israeli-Palestinian conflict, with the goal of achieving a lasting peace between the two sides. [1]

SOURCES: [1], [2]"
soft_decay,uk,What is the current official position regarding Hamas/Gaza?,recency,3,DENSE,parentSon,157,0,":
The current official position regarding Hamas/Gaza is that the UK government supports a two-state solution and condemns Hamas's actions.

SOURCES: [1], [2]"
soft_decay,uk,Was the official position in the last quarter of 2023 supportive of the State of Israel?,recency,3,DENSE,parentSon,169,0,":
The Foreign Secretary did not express an opinion on whether the official position in the last quarter of 2023 was supportive of the State of Israel.

SOURCES: [1], [2]"
soft_decay,uk,Was the official position in the last quarter of 2023 supportive of Hamas/Gaza?,recency,3,DENSE,parentSon,104,0,":
The official position in the last quarter of 2023 was not supportive of Hamas/Gaza.

SOURCES: [1], [2]"
soft_decay,uk,Has the official position in the last quarter of 2023 changed relative to the official position in the last quarter of 2025?,recency,3,DENSE,parentSon,145,0,":
Has the official position in the last quarter of 2023 changed relative to the official position in the last quarter of 2025?

SOURCES: [1], [2]"
soft_decay,uk,What is the latest official position regarding legislation on the protection of veterans?,recency,3,DENSE,parentSon,19,0,":
SOURCES: [1], [2]"
soft_decay,uk,how did the prime minister/president's rhetoric regarding the war between israel and hamas/gaza change between his first and last speech?,evolution,3,DENSE,parentSon,182,0,":
The Prime Minister's rhetoric regarding the war between Israel and Hamas/gaza changed significantly between his first speech in October 2023 and his last speech.

SOURCES: [1], [2]"
soft_decay,uk,How has the approach to the restoration and maintenance of local and community infrastructure changed between late 2023 and late 2024?,evolution,3,DENSE,parentSon,220,0,":
The approach to the restoration and maintenance of local and community infrastructure has changed between late 2023 and late 2024, with a shift towards more nuanced and evidence-based approaches. [1]

SOURCES: [1], [2]"
soft_decay,uk,who is the minister of defense/secretary of defense?,ambiguity,3,DENSE,parentSon,91,0,":
The Minister of Defence/Secretary of State for Defence is Rishi Sunak.

SOURCES: [1], [2]"
soft_decay,uk,Who holds the position responsible for Rural Development?,ambiguity,3,DENSE,parentSon,102,0,":
The position responsible for Rural Development is held by the Secretary of State.

SOURCES: [1], [2]"
soft_decay,uk,what was the specific budget allocated to security in 2024?,hard_filter,3,BM25,fixed,113,1,":
The specific budget allocated to security in 2024 was not mentioned in the provided context.

SOURCES: [1], [2]"
soft_decay,uk,What was the specific amount allocated to support the public sector for National Insurance costs in 2025?,hard_filter,3,BM25,fixed,134,0,":
The specific amount allocated to support the public sector for National Insurance costs in 2025 was £880 million.

SOURCES: [1], [2]"
soft_decay,uk,What is the current official position regarding the State of Israel?,recency,3,BM25,fixed,19,0,":
SOURCES: [1], [2]"
soft_decay,uk,What is the current official position regarding Hamas/Gaza?,recency,3,BM25,fixed,269,0,":
The current official position regarding Hamas/Gaza is that Britain continues to support a ceasefire and the wider peace initiative, with a focus on ensuring relief at scale to those in need and making progress on the pathway to a lasting peace. [1]

SOURCES: [1], [2]"
soft_decay,uk,Was the official position in the last quarter of 2023 supportive of the State of Israel?,recency,3,BM25,fixed,113,0,":
The official position in the last quarter of 2023 was not supportive of the State of Israel.

SOURCES: [1], [2]"
soft_decay,uk,Was the official position in the last quarter of 2023 supportive of Hamas/Gaza?,recency,3,BM25,fixed,19,0,":
SOURCES: [1], [2]"
soft_decay,uk,Has the official position in the last quarter of 2023 changed relative to the official position in the last quarter of 2025?,recency,3,BM25,fixed,145,0,":
Has the official position in the last quarter of 2023 changed relative to the official position in the last quarter of 2025?

SOURCES: [1], [2]"
soft_decay,uk,What is the latest official position regarding legislation on the protection of veterans?,recency,3,BM25,fixed,231,0,":
The latest official position regarding legislation on the protection of veterans is that the UK Government has increased military aid to Ukraine for this year and the years ahead, with Labour's fullest support.

SOURCES: [1], [2]"
soft_decay,uk,how did the prime minister/president's rhetoric regarding the war between israel and hamas/gaza change between his first and last speech?,evolution,3,BM25,fixed,274,0,":
The Prime Minister's rhetoric regarding the war between Israel and Hamas/gaza changed from condemning her genocidal words to urging condemnation, taking stronger action against her, and committing to taking the strongest possible action against her. [1]

SOURCES: [2], [3]"
soft_decay,uk,How has the approach to the restoration and maintenance of local and community infrastructure changed between late 2023 and late 2024?,evolution,3,BM25,fixed,151,0,":
The approach to the restoration and maintenance of local and community infrastructure has changed between late 2023 and late 2024.

SOURCES: [1], [2]"
soft_decay,uk,who is the minister of defense/secretary of defense?,ambiguity,3,BM25,fixed,19,0,":
SOURCES: [1], [2]"
soft_decay,uk,Who holds the position responsible for Rural Development?,ambiguity,3,BM25,fixed,114,0,":
The position responsible for Rural Development is held by the Secretary of State [1] and the Home Secretary [2]."
soft_decay,uk,what was the specific budget allocated to security in 2024?,hard_filter,3,BM25,parentSon,113,1,":
The specific budget allocated to security in 2024 was not mentioned in the provided context.

SOURCES: [1], [2]"
soft_decay,uk,What was the specific amount allocated to support the public sector for National Insurance costs in 2025?,hard_filter,3,BM25,parentSon,138,0,":
The specific amount allocated to support the public sector for National Insurance costs in 2025 was £880 million [1].

SOURCES: [1], [2]"
soft_decay,uk,What is the current official position regarding the State of Israel?,recency,3,BM25,parentSon,595,0,":
The current official position regarding the State of Israel is that the Israeli government has taken steps to ensure the rule of law is upheld within Government, as emphasized by the Attorney General in her speech. [1] The government has also considered the Horizon scandal and its implications for private prosecutions, with a focus on scrutinizing and inspecting them in future. However, the Attorney General has raised concerns about leaking Law Officer advice for political or other purposes, which is damaging to the public interest and contrary to the rule of law. [2]

SOURCES: [1], [2]"
soft_decay,uk,What is the current official position regarding Hamas/Gaza?,recency,3,BM25,parentSon,211,0,":
The current official position regarding Hamas/Gaza is that the UK Government supports a negotiated ceasefire, but it does not agree with Hamas's demand to replicate the 7 October events. [1]

SOURCES: [2], [3]"
soft_decay,uk,Was the official position in the last quarter of 2023 supportive of the State of Israel?,recency,3,BM25,parentSon,19,0,":
SOURCES: [1], [2]"
soft_decay,uk,Was the official position in the last quarter of 2023 supportive of Hamas/Gaza?,recency,3,BM25,parentSon,104,0,":
The official position in the last quarter of 2023 was not supportive of Hamas/Gaza.

SOURCES: [1], [2]"
soft_decay,uk,Has the official position in the last quarter of 2023 changed relative to the official position in the last quarter of 2025?,recency,3,BM25,parentSon,145,0,":
Has the official position in the last quarter of 2023 changed relative to the official position in the last quarter of 2025?

SOURCES: [1], [2]"
soft_decay,uk,What is the latest official position regarding legislation on the protection of veterans?,recency,3,BM25,parentSon,232,0,":
The latest official position regarding legislation on the protection of veterans is that the UK Government aims to ensure a generational ban on tobacco sales, as stated by the Leader of the House of Commons [1].

SOURCES: [1], [2]"
soft_decay,uk,how did the prime minister/president's rhetoric regarding the war between israel and hamas/gaza change between his first and last speech?,evolution,3,BM25,parentSon,200,0,":
The prime minister's rhetoric regarding the war between Israel and Hamas/gaza changed significantly between his first speech in October 2023 and his last speech in December 2023. 

SOURCES: [1], [2]"
soft_decay,uk,How has the approach to the restoration and maintenance of local and community infrastructure changed between late 2023 and late 2024?,evolution,3,BM25,parentSon,217,0,":
The approach to the restoration and maintenance of local and community infrastructure has changed between late 2023 and late 2024 from reactive to proactive, with a focus on preventative measures.

SOURCES: [1], [2]"
soft_decay,uk,who is the minister of defense/secretary of defense?,ambiguity,3,BM25,parentSon,68,0,":
The current Minister of Defence is Ben Wallace.

SOURCES: [1], [2]"
soft_decay,uk,Who holds the position responsible for Rural Development?,ambiguity,3,BM25,parentSon,19,0,":
SOURCES: [1], [2]"
soft_decay,uk,what was the specific budget allocated to security in 2024?,hard_filter,5,DENSE,fixed,24,0,":
SOURCES: [1], [2], [3]"
soft_decay,uk,What was the specific amount allocated to support the public sector for National Insurance costs in 2025?,hard_filter,5,DENSE,fixed,159,1,":
The specific amount allocated to support the public sector for National Insurance costs in 2025 was not mentioned in the provided context.

SOURCES: [1], [2]"
soft_decay,uk,What is the current official position regarding the State of Israel?,recency,5,DENSE,fixed,19,0,":
SOURCES: [1], [2]"
soft_decay,uk,What is the current official position regarding Hamas/Gaza?,recency,5,DENSE,fixed,19,0,":
SOURCES: [1], [2]"
soft_decay,uk,Was the official position in the last quarter of 2023 supportive of the State of Israel?,recency,5,DENSE,fixed,19,0,":
SOURCES: [1], [2]"
soft_decay,uk,Was the official position in the last quarter of 2023 supportive of Hamas/Gaza?,recency,5,DENSE,fixed,19,0,":
SOURCES: [1], [2]"
soft_decay,uk,Has the official position in the last quarter of 2023 changed relative to the official position in the last quarter of 2025?,recency,5,DENSE,fixed,24,0,":
SOURCES: [1], [2], [3]"
soft_decay,uk,What is the latest official position regarding legislation on the protection of veterans?,recency,5,DENSE,fixed,24,0,":
SOURCES: [1], [2], [3]"
soft_decay,uk,how did the prime minister/president's rhetoric regarding the war between israel and hamas/gaza change between his first and last speech?,evolution,5,DENSE,fixed,336,0,":
The Prime Minister's rhetoric regarding the war between Israel and Hamas/gaza changed from being reluctant to draw into a day-by-day commentary on the actions of both sides to emphasizing the need for the ceasefire to hold and expressing support for international efforts to address the core issues of the conflict.

SOURCES: [1], [2]"
soft_decay,uk,How has the approach to the restoration and maintenance of local and community infrastructure changed between late 2023 and late 2024?,evolution,5,DENSE,fixed,24,0,":
SOURCES: [1], [2], [3]"
soft_decay,uk,who is the minister of defense/secretary of defense?,ambiguity,5,DENSE,fixed,19,0,":
SOURCES: [1], [2]"
soft_decay,uk,Who holds the position responsible for Rural Development?,ambiguity,5,DENSE,fixed,19,0,":
SOURCES: [1], [2]"
soft_decay,uk,what was the specific budget allocated to security in 2024?,hard_filter,5,DENSE,parentSon,19,0,":
SOURCES: [1], [2]"
soft_decay,uk,What was the specific amount allocated to support the public sector for National Insurance costs in 2025?,hard_filter,5,DENSE,parentSon,19,0,":
SOURCES: [1], [2]"
soft_decay,uk,What is the current official position regarding the State of Israel?,recency,5,DENSE,parentSon,24,0,":
SOURCES: [1], [2], [3]"
soft_decay,uk,What is the current official position regarding Hamas/Gaza?,recency,5,DENSE,parentSon,198,0,":
The current official position regarding Hamas/Gaza is that there are efforts to secure the elimination of Hamas from Gaza and the preservation of the ceasefire. [1] [2] [3]

SOURCES: [1], [2], [3]"
soft_decay,uk,Was the official position in the last quarter of 2023 supportive of the State of Israel?,recency,5,DENSE,parentSon,24,0,":
SOURCES: [1], [2], [3]"
soft_decay,uk,Was the official position in the last quarter of 2023 supportive of Hamas/Gaza?,recency,5,DENSE,parentSon,24,0,":
SOURCES: [1], [2], [3]"
soft_decay,uk,Has the official position in the last quarter of 2023 changed relative to the official position in the last quarter of 2025?,recency,5,DENSE,parentSon,190,0,":
Based on the provided context, there is no information about a change in the official position regarding the relocation of civil service jobs between 2023 and 2025.

SOURCES: [1], [2], [3]"
soft_decay,uk,What is the latest official position regarding legislation on the protection of veterans?,recency,5,DENSE,parentSon,19,0,":
SOURCES: [1], [2]"
soft_decay,uk,how did the prime minister/president's rhetoric regarding the war between israel and hamas/gaza change between his first and last speech?,evolution,5,DENSE,parentSon,272,0,":
The Prime Minister's rhetoric regarding the war between Israel and Hamas/gaza changed from emphasizing the need for a ceasefire and the importance of Palestinian rights in his first speech to expressing support for Israel's actions in his last speech.

SOURCES: [1], [2]"
soft_decay,uk,How has the approach to the restoration and maintenance of local and community infrastructure changed between late 2023 and late 2024?,evolution,5,DENSE,parentSon,156,0,":
The approach to the restoration and maintenance of local and community infrastructure has changed between late 2023 and late 2024.

SOURCES: [1], [2], [3]"
soft_decay,uk,who is the minister of defense/secretary of defense?,ambiguity,5,DENSE,parentSon,19,0,":
SOURCES: [2], [3]"
soft_decay,uk,Who holds the position responsible for Rural Development?,ambiguity,5,DENSE,parentSon,19,0,":
SOURCES: [1], [2]"
soft_decay,uk,what was the specific budget allocated to security in 2024?,hard_filter,5,BM25,fixed,19,0,":
SOURCES: [1], [2]"
soft_decay,uk,What was the specific amount allocated to support the public sector for National Insurance costs in 2025?,hard_filter,5,BM25,fixed,24,0,":
SOURCES: [1], [2], [3]"
soft_decay,uk,What is the current official position regarding the State of Israel?,recency,5,BM25,fixed,19,0,":
SOURCES: [1], [2]"
soft_decay,uk,What is the current official position regarding Hamas/Gaza?,recency,5,BM25,fixed,24,0,":
SOURCES: [1], [2], [3]"
soft_decay,uk,Was the official position in the last quarter of 2023 supportive of the State of Israel?,recency,5,BM25,fixed,118,0,":
The official position in the last quarter of 2023 was not supportive of the State of Israel.

SOURCES: [1], [2], [3]"
soft_decay,uk,Was the official position in the last quarter of 2023 supportive of Hamas/Gaza?,recency,5,BM25,fixed,24,0,":
SOURCES: [1], [2], [3]"
soft_decay,uk,Has the official position in the last quarter of 2023 changed relative to the official position in the last quarter of 2025?,recency,5,BM25,fixed,204,0,":
Based on the provided context, it appears that there has been no change in the official position regarding child poverty between the last quarter of 2023 and the last quarter of 2025.

SOURCES: [1], [2]"
soft_decay,uk,What is the latest official position regarding legislation on the protection of veterans?,recency,5,BM25,fixed,238,0,":
The latest official position regarding legislation on the protection of veterans is that the UK Government has successfully reduced inflation by more than half and made the cost of living more affordable for veterans.

SOURCES: [1], [2]"
soft_decay,uk,how did the prime minister/president's rhetoric regarding the war between israel and hamas/gaza change between his first and last speech?,evolution,5,BM25,fixed,290,0,":
The Prime Minister's rhetoric regarding the war between Israel and Hamas/gaza changed from condemning the Israeli actions to urging Israel to take action against Hamas, with some statements suggesting that Israel has acted entirely in accordance with international law.

SOURCES: [1], [2]"
soft_decay,uk,How has the approach to the restoration and maintenance of local and community infrastructure changed between late 2023 and late 2024?,evolution,5,BM25,fixed,156,0,":
The approach to the restoration and maintenance of local and community infrastructure has changed between late 2023 and late 2024.

SOURCES: [1], [2], [3]"
soft_decay,uk,who is the minister of defense/secretary of defense?,ambiguity,5,BM25,fixed,19,0,":
SOURCES: [1], [2]"
soft_decay,uk,Who holds the position responsible for Rural Development?,ambiguity,5,BM25,fixed,19,0,":
SOURCES: [1], [2]"
soft_decay,uk,what was the specific budget allocated to security in 2024?,hard_filter,5,BM25,parentSon,103,0,":
The specific budget allocated to security in 2024 was not provided in the context.

SOURCES: [1], [2]"
soft_decay,uk,What was the specific amount allocated to support the public sector for National Insurance costs in 2025?,hard_filter,5,BM25,parentSon,24,0,":
SOURCES: [1], [2], [3]"
soft_decay,uk,What is the current official position regarding the State of Israel?,recency,5,BM25,parentSon,336,0,":
The current official position regarding the State of Israel is not explicitly stated in the provided text, but based on the context and previous statements made by the Prime Minister and other government officials, it appears that the UK Government supports a two-state solution to the Israeli-Palestinian conflict.

SOURCES: [1], [2]"
soft_decay,uk,What is the current official position regarding Hamas/Gaza?,recency,5,BM25,parentSon,191,0,":
The current official position regarding Hamas/Gaza is that Hamas can play no role in the future governance of Gaza and is responsible for what is happening in Gaza today.

SOURCES: [1], [2]"
soft_decay,uk,Was the official position in the last quarter of 2023 supportive of the State of Israel?,recency,5,BM25,parentSon,19,0,":
SOURCES: [1], [2]"
soft_decay,uk,Was the official position in the last quarter of 2023 supportive of Hamas/Gaza?,recency,5,BM25,parentSon,19,0,":
SOURCES: [1], [2]"
soft_decay,uk,Has the official position in the last quarter of 2023 changed relative to the official position in the last quarter of 2025?,recency,5,BM25,parentSon,145,0,":
Has the official position in the last quarter of 2023 changed relative to the official position in the last quarter of 2025?

SOURCES: [1], [2]"
soft_decay,uk,What is the latest official position regarding legislation on the protection of veterans?,recency,5,BM25,parentSon,151,0,":
The latest official position regarding legislation on the protection of veterans is not explicitly stated in the provided context.

SOURCES: [1], [2]"
soft_decay,uk,how did the prime minister/president's rhetoric regarding the war between israel and hamas/gaza change between his first and last speech?,evolution,5,BM25,parentSon,181,0,":
The Prime Minister's rhetoric regarding the war between Israel and Hamas/gaza changed from being cautious and diplomatic to more aggressive and confrontational.

SOURCES: [1], [2]"
soft_decay,uk,How has the approach to the restoration and maintenance of local and community infrastructure changed between late 2023 and late 2024?,evolution,5,BM25,parentSon,151,0,":
The approach to the restoration and maintenance of local and community infrastructure has changed between late 2023 and late 2024.

SOURCES: [1], [2]"
soft_decay,uk,who is the minister of defense/secretary of defense?,ambiguity,5,BM25,parentSon,61,0,":
The Minister of Defence is Michael Gove.

SOURCES: [1], [2]"
soft_decay,uk,Who holds the position responsible for Rural Development?,ambiguity,5,BM25,parentSon,19,0,":
SOURCES: [1], [2]"
soft_decay,uk,what was the specific budget allocated to security in 2024?,hard_filter,8,DENSE,fixed,1529,0,":
The text appears to be a speech delivered by a Member of Parliament (MP) on December 19, 2024, during a debate in the House of Commons. Here's a summary of the key points:

**Key Points:**

1. The MP welcomed the autumn Budget and praised the Government for their efforts to tackle poverty and inequality.
2. They highlighted several initiatives, including:
	* A £5 billion commitment to sustainable food production and nature recovery
	* An investment of £60 million in the farming recovery fund
	* Support for family farms through inheritance tax relief changes
3. The MP expressed concerns about the impact of the autumn Budget on family farms, citing examples from their constituency.
4. They emphasized the need for the Government to prioritize farmers' interests and ensure that they receive fair treatment.

**Notable Quotes:**

1. ""We are committed to making farming profitable again... We want our hard-working farmers across Calder Valley to earn a living from farming, not use their land to avoid tax.""
2. ""The autumn Budget put family farms in jeopardy... Those farms also need biosecurity to protect their futures.""

**Other Key Points:**

1. The MP praised the Government's efforts to tackle poverty and inequality, including their commitment to increasing spending on welfare and education.
2. They highlighted the importance of investing in rural areas and supporting local businesses.

Overall, the speech reflects the MP's concerns about the impact of the autumn Budget on family farms and their constituents'"
soft_decay,uk,What was the specific amount allocated to support the public sector for National Insurance costs in 2025?,hard_filter,8,DENSE,fixed,1626,0,":
The text appears to be a transcript of a debate in the House of Commons. Here's a summary of the key points made by each speaker:

**Speaker of the House**: The Speaker welcomed the debate on economic growth in Wales.

**Shadow Chancellor of the Exchequer (Richard Murphy)**: The Shadow Chancellor argued that the Government's policies are not doing enough to support economic growth in Wales, particularly for small businesses and farmers. He called for a review of the family farm tax and increased investment in rural areas.

**Minister for Agriculture, Environment and Rural Affairs (Robert Bradley)**: The Minister defended the Government's policies on agriculture and rural development, including the Family Farm Tax. She argued that the tax is necessary to support vulnerable families and farmers.

**Shadow Chancellor of the Exchequer (Richard Murphy)**: The Shadow Chancellor reiterated his call for a review of the family farm tax and increased investment in rural areas.

**Minister for Agriculture, Environment and Rural Affairs (Robert Bradley)**: The Minister acknowledged the concerns raised by the Shadow Chancellor but emphasized that the Government's policies are designed to support economic growth and protect vulnerable families and farmers.

**Shadow Secretary of State (Charles Rees)**: The Shadow Secretary spoke about his family farm in Pembrokeshire and expressed concern about the impact of inheritance tax on small businesses and farmers. He called for a review of the tax and increased investment in rural areas.

**Minister for Agriculture, Environment and Rural Affairs (Robert Bradley)**: The"
soft_decay,uk,What is the current official position regarding the State of Israel?,recency,8,DENSE,fixed,1491,0,":
The text appears to be a transcript of an urgent question session in the House of Commons, where several Members of Parliament (MPs) asked questions about various issues related to the Israeli-Palestinian conflict and the UK's response.

Here are some key points from the transcript:

1. **Hamas hostage release**: The MP for Blyth and Ashington (Ian Lavery) asked if the Prime Minister would back a campaign to secure the release of all remaining Israeli hostages in Gaza, including those killed in recent strikes.
2. **Israeli airstrikes on Rafah**: The MP also asked about reports that Israeli strikes took place last night in Rafah, with estimates suggesting up to 100 people were killed.
3. **Ceasefire agreement**: The Prime Minister reiterated the commitment to the ceasefire agreement and called for urgent de-escalation of the situation.
4. **International aid**: The MP asked if the UK would lift restrictions on aid entering Gaza and permit international non-governmental organisations (NGOs) to operate in the region.
5. **Disarmament of Hamas**: The MP also asked about the disarmament of Hamas, with the Prime Minister stating that there can be no role for Hamas in future governance of the strip.

Some other notable points from the transcript include:

* The UK is working closely with its partners to support the transition from the ceasefire to phase 2 of the peace plan.
* The Foreign Secretary has spoken to the UN Under-Secretary-General for humanitarian affairs about"
soft_decay,uk,What is the current official position regarding Hamas/Gaza?,recency,8,DENSE,fixed,1409,0,":
The text appears to be a transcript of a debate in the House of Commons on a specific topic related to the Israeli-Palestinian conflict.

Here's a breakdown of the key points:

**Key issues discussed**

* The Israeli-Palestinian conflict and the need for a two-state solution.
* The role of Hamas in the conflict, including their disarmament and return of dead bodies.
* The importance of unity and cooperation between Israel and Palestine to achieve peace.
* The need for accountability and punishment for those responsible for violence and atrocities committed by Hamas.

**Key statements from the Minister**

* The Minister emphasized the importance of a two-state solution and the need for Hamas to disarm.
* He also highlighted the UK's commitment to supporting Palestinian authorities in identifying all bodies returned, including those from Israel.
* The Minister urged unity at this fractious time and called on the House to continue working towards peace.

**Key quotes**

* ""Two wrongs do not make a right.""
* ""It is completely unacceptable that Hamas have not released all the bodies...""
* ""We are not aware of specific requests for support in mortuary services, but if they are any, I am very happy to consider them.""

Overall, the debate highlighted the complexities and challenges of the Israeli-Palestinian conflict, as well as the need for continued efforts towards peace and accountability."
soft_decay,uk,Was the official position in the last quarter of 2023 supportive of the State of Israel?,recency,8,DENSE,fixed,1583,0,":
The text appears to be a transcript of a debate in the House of Commons, specifically from a parliamentary question session. Here are some key points that can be extracted:

1. **Iranian attacks on Israel**: The Minister is asked about Iran's attacks on Israel and how they affect regional stability.
2. **Diplomatic steps**: The Minister mentions efforts to counter potential threats to global stability by Iran, including sanctions and addressing Iranian weapons proliferation.
3. **Disrupting conflict in the Middle East**: The Minister discusses ways to disrupt and stop conflicts in the Middle East, such as through diplomatic work across the region.
4. **Investment summit**: The Minister is asked about the outcome of a recent investment summit, which resulted in significant new regulation in the labor market and massive new taxes on businesses.
5. **Harland & Wolff talks**: The Minister updates the House on ongoing negotiations with Harland & Wolff, a shipbuilding company based in Belfast, Scotland.

Some notable quotes from the Minister include:

* ""We are working extensively with all parties to find an outcome for Harland & Wolff that delivers shipbuilding and manufacturing in Belfast, Scotland and Appledore in Devon.""
* ""The International Court of Justice judgment from 19 July this year ruled that it is the duty of third-party states not to aid or assist Israel's 'unlawful occupation' of Palestinian territory.""

Overall, the Minister appears to be discussing various issues related to international relations, conflict resolution, and economic development."
soft_decay,uk,Was the official position in the last quarter of 2023 supportive of Hamas/Gaza?,recency,8,DENSE,fixed,1504,0,":
The text appears to be a transcript of a debate or parliamentary question session on various topics related to the Middle East, specifically Gaza and Israel.

Here are some key points from the debate:

1. **Hamas's terrorist status**: The Minister stated that Hamas is a proscribed terrorist organisation in the UK, responsible for heinous acts of terrorism over many years.
2. **BBC coverage**: The Minister expressed concern about the BBC's editorial guidelines on reporting Hamas and asked for assurances that no money paid has fallen into the hands of Hamas.
3. **Rafah situation**: The Minister acknowledged that there is a risk of bloodshed in Rafah, but emphasized the need to prepare for different scenarios and avoid ground offensives by Israel.
4. **Arms export regime**: The Minister highlighted the UK's tough arms export regime and expressed support for Israel's right to self-defence.
5. **Iranian threats**: The Minister agreed that Iran must be encouraged to de-escalate tensions with Hamas and other parties in the region, and that a 2.5% GDP increase by 2030 would provide the necessary operational capability to achieve this goal.

Some specific quotes from the debate include:

* ""I hold discussions with the BBC director general at my request... I expect to be kept informed about the findings of the internal BBC investigation...""
* ""We always make the point to our Israeli colleagues that the protection of civilian life is imperative.""
* ""The price of peace is eternal vigilance"
soft_decay,uk,Has the official position in the last quarter of 2023 changed relative to the official position in the last quarter of 2025?,recency,8,DENSE,fixed,1510,0,":
The Honorable Members of Parliament (MPs) are debating various topics related to business, trade, and governance. Here's a summary of the key points:

1. **Post Office board governance**: The Prime Minister is being questioned about the removal of Henry Staunton as chairman of the Post Office board and the investigation into his conduct.
2. **Miscarriage of justice**: The MP raises concerns about institutional miscarriages of justice, including wrongful imprisonment and exonerations, which were ignored by the government in 2014.
3. **Compensation for victims**: The MP asks if the Prime Minister will instruct the Ministry of Justice to review the compensation process for victims of miscarriage and ensure that they receive fair treatment.
4. **Government response to questions**: The Speaker of the House is asked about controlling answers when a minister is ""wildly inappropriate"" in their response, but it's noted that the right hon. Member (Jonathan Hinder) has put his point on record.

Some notable quotes from the debate:

* ""This time last year, Southend United football club almost went bankrupt, thanks to mismanagement by the former owner... Will the Prime Minister join me in congratulating Southend United on their outstanding recovery?""
* ""In 2014, people who had been wrongly imprisoned and then exonerated were allowed compensation only if they could prove their innocence beyond reasonable doubt. This ignored the decision of the court exonerating them...""
* ""I will take away what he"
soft_decay,uk,What is the latest official position regarding legislation on the protection of veterans?,recency,8,DENSE,fixed,1613,0,":
The text appears to be a transcript of a parliamentary debate on various topics related to the UK government's policies and actions. Here are some key points that can be extracted from the text:

**Diplomatic Action**

* The Foreign Secretary has submitted to Parliament a six-monthly report on Hong Kong, detailing how national security legislation is diminishing the city's political autonomy.
* The Government will continue to champion the rights and freedoms of the people of Hong Kong.

**Hong Kong Human Rights**

* A constituent of the speaker's constituency came to the UK from Hong Kong under the British national overseas visa route after the deterioration of human rights left her and her daughter with no choice but to seek safety.
* The hon. lady has asked about reports that the qualifying period for settlement and citizenship may be extended, and she will explain how she will protect BNO visa holders who have made their home in the UK.

**Immigration White Paper**

* The Government is bringing forth more details about the consultation and work on the immigration White Paper.
* Two pro-democracy parties in Hong Kong have disbanded recently, activist Joshua Wong was rearrested and faces further charges under the national security law, and Jimmy Lai remains in prison.

**National Security Law**

* The Minister has confirmed that the UK continues to strongly oppose the national security law.
* The Government will work with international partners to help tackle organised immigration crime, including people-smuggling gangs working across borders.

**Other Topics**

* The hon. lady asked"
soft_decay,uk,how did the prime minister/president's rhetoric regarding the war between israel and hamas/gaza change between his first and last speech?,evolution,8,DENSE,fixed,1588,0,":
The text appears to be a transcript of a debate in the House of Commons on a specific issue related to the Israeli-Palestinian conflict. The speaker is questioning the UK's stance on various issues, including:

1. The release of hostages from Hamas in Gaza.
2. The role of the International Security Force (ISF) in maintaining peace and security in Gaza.
3. The involvement of Arab countries in a potential ISF force.

The speaker also raises questions about the UK's trade with settlements in the Occupied Palestinian Territories, its diplomatic relations with Arab countries, and the composition and mandate of any proposed ISF force.

Some specific points made by the speaker include:

* The release of hostages from Hamas is crucial for achieving a ceasefire.
* A widespread deradicalisation programme is needed to undo the damage done to innocent children in Gaza.
* The UK should suspend its trade with settlements in the Occupied Palestinian Territories and end all trade linked to the settlements.
* The UK's strong diplomatic relations, led by excellent diplomats, have a positive impact on achieving peace in the region.

The speaker also asks questions about the composition and mandate of any proposed ISF force, including:

* What progress has been made on the composition of the potential force?
* What is the position of the British Government on reports that the Israeli Government are arming factions within Gaza to destabilize Hamas?

Overall, the speaker is advocating for a more robust and effective approach to achieving peace in the Middle East, including measures"
soft_decay,uk,How has the approach to the restoration and maintenance of local and community infrastructure changed between late 2023 and late 2024?,evolution,8,DENSE,fixed,1633,0,":
The text appears to be a transcript of a parliamentary debate on various topics related to local government, planning, and housing. Here's a breakdown of the key points:

**Local Government**

* The Labour Party has been in charge of York for 14 years, but it seems that the current Conservative Government is taking longer than expected to deliver a local plan.
* The Minister mentioned that Wiltshire, North Somerset, and Three Rivers are among the local authorities that have reduced their house building plans due to new planning rules.

**Planning**

* The Minister stated that local councils should follow the national planning policy framework when finalizing their local plans.
* He also emphasized the importance of community ownership in boosting local connections and pride of place.
* The Community Ownership Fund has been awarded £103 million to 333 projects across the UK, with a focus on supporting local communities.

**Coalfield Communities**

* The Minister expressed support for the Coalfields Regeneration Trust's industrial project in Doncaster, which aims to regenerate the coalfield area.
* He also mentioned that the Government is committed to investing in coalfield communities and will work closely with local authorities to deliver projects that meet their needs.

**Transportation**

* The Minister announced a new transport fund for England, which will allocate £15.6 billion over 10 years to support local transport programs.
* He emphasized the importance of stronger transport links in creating clusters of activity where people can get around, communicate, and find good work.

**Community Spaces**"
soft_decay,uk,who is the minister of defense/secretary of defense?,ambiguity,8,DENSE,fixed,1368,0,":
The question was ""What assurances can the Minister give that the UK is acting to alleviate this humanitarian disaster, and can he assure the House that there is no risk of UK-manufactured arms being used by the RSF?""

Here's a breakdown of the response:

**Assurances**

* The Minister assured the House that the UK is taking steps to alleviate the humanitarian disaster in Sudan.
* He mentioned specific support provided through the International Women's Integrated Sexual Health Programme and diplomatic action taken against the Rapid Support Forces (RSF) for their use of rape as a weapon of war.

**Accountability**

* The Minister emphasized the importance of accountability, stating that ""urgent accountability was the last issue that the right hon. Member raised"" and that this is central to what they are doing.
* He also mentioned that specific support has been provided through his colleague Baroness Chapman's efforts at the United Nations General Assembly session.

**UK-manufactured arms**

* The Minister denied any risk of UK-manufactured arms being used by the RSF, stating that ""there is no risk"" and that they are taking allegations ""incredibly seriously"".

Overall, the Minister provided assurances that the UK is taking steps to alleviate the humanitarian disaster in Sudan and that there is no risk of UK-manufactured arms being used by the RSF."
soft_decay,uk,Who holds the position responsible for Rural Development?,ambiguity,8,DENSE,fixed,1530,0,":
The text appears to be a transcript of a debate in the House of Commons on October 30, 2023. Here's a summary of the key points:

**Key Debates**

1. **UK's activity to protect civilians**: The Secretary of State for Foreign, Commonwealth and Development Affairs was asked about the UK's role in protecting civilians following a reported massacre at El Fasher.
2. **Industrial strategy**: The Minister for Economic Growth, Energy, Climate Change, Transport, and Industrial Strategy (Rishi Sunak) discussed various initiatives to support high-quality workforce apprenticeships, including those related to technology, manufacturing, and hospitality.
3. **Luxfer Gas Cylinders**: The Minister was asked about the UK's support for hydrogen and fuel cell manufacturers, particularly Luxfer Gas Cylinders in his constituency.

**Key Quotes**

1. ""We are using every lever we have to grow the economy and deliver for this Government's plan for change.""
2. ""The strategic sites accelerator programme will operate across the nation, with RAF Wyton being a key site for cyber and specialist operations command.""
3. ""Luxfer Gas Cylinders wants to expand its production of high-pressure hydrogen cylinders for hydrogen tube trailers and hydrogen vehicle fuel systems, which are currently imported.""

**Key Questions**

1. The Minister was asked about meeting with MPs who have significant hydrogen and fuel cell manufacturers in their constituencies to discuss how existing Government support can be best used.
2. The Secretary of State for"
soft_decay,uk,what was the specific budget allocated to security in 2024?,hard_filter,8,DENSE,parentSon,1424,0,":
The text appears to be a transcript of a debate in the House of Commons, specifically on the 2024-25 spending review. Here's a breakdown of the key points:

**Taxation and Spending**

* The Government promised not to tax and spend their way to prosperity, but will deliver on this promise by increasing day-to-day funding for public services.
* The spending review will report in late spring, with departmental spending growing by 1.5% in real terms.

**Public Services**

* The Government has set out an overall envelope for the next two years, with day-to-day spending growing by 1.7% in real terms.
* The focus will be on delivering key priorities, including:
	+ Tripling investment in breakfast clubs to fund them in thousands of schools.
	+ Increasing the core schools budget by 2.3 billion next year to support hiring more teachers in key subjects.
	+ Providing an additional 300 million for further education.

**Defense**

* The Government has set a path to spending 2.5% of GDP on defense at a future fiscal event.
* A total increase in the Ministry of Defence's budget will be announced, with a focus on:
	+ Ensuring the UK comfortably exceeds NATO commitments.
	+ Providing guaranteed military support to Ukraine for as long as it takes.

**Northern Ireland**

* The Government has committed to increasing defence expenditure in Northern Ireland, including:
	+ A new hub for small and medium-sized enterprises ("
soft_decay,uk,What was the specific amount allocated to support the public sector for National Insurance costs in 2025?,hard_filter,8,DENSE,parentSon,1472,0,":
The text appears to be a transcript of a parliamentary debate on various topics, including:

1. The state pension age: The Minister for Work and Pensions (currently Rishi Sunak) was asked about the potential implications of raising the state pension age from 60 to 67 in 2028.
2. Grassroots music venues: The Minister was questioned about the progress of a levy on ticket sales for stadium and arena shows, which is intended to support grassroots music venues.
3. Brexit and touring musicians: The Minister was asked about the impact of Brexit on British musicians' European tours, including the drop in tour numbers since the ""reset deal"".
4. Business rates reforms: The Minister was questioned about plans to transform the business rates system over this Parliament.

Some specific quotes from the debate include:

* ""We have to and will protect it and I am happy to give him that assurance.""
* ""Grassroots music venues across the country, particularly across London, are finding it increasingly difficult to survive as customers are spending less when they come to gigs because of the cost of living crisis.""
* ""The hon. Lady lays out the difficulties, of which there are many, for the live music sector and potentially the venues, many of them in his constituency.""
* ""We want to see 50% of all ticket sales for stadium and arena shows in 2026 enter that music levy; that is this Government's aspiration and we encourage all ticket providers to do so.""

Overall, the"
soft_decay,uk,What is the current official position regarding the State of Israel?,recency,8,DENSE,parentSon,1429,0,":
The text appears to be a transcript of a debate in the House of Commons on October 27, 2023. Here's a summary of the key points:

**Brexit and Arms Exports**

* The UK has suspended its arms exports to the UAE due to concerns over the country's alleged support for terrorist groups.
* The Minister for International Trade, Kwasi Kwarteng, stated that the UK will no longer supply arms to Israel or the UAE.

**Gaza Ceasefire**

* The ceasefire in Gaza was brokered by Arab League members, who called on Hamas to release hostages and lay down its arms.
* The UK has suspended flights over Gaza due to concerns over the safety of civilians.
* The Minister for International Development, Lisa Nandy, stated that the UK will continue to work with partners to support humanitarian efforts in Gaza.

**Healthcare System**

* The Minister for Health, Matt Hancock, stated that the UK is working to improve access to healthcare in Gaza and will provide further aid to support women and girls.
* The Under-Secretary of State for Health and Social Care, Steve Brinkley, also spoke about the importance of supporting healthcare systems in Gaza.

**RAF Flights**

* The Minister for Defence, Ben Wallace, stated that the UK no longer flies RAF aeroplanes over Gaza due to concerns over safety.
* He also mentioned that the UK will continue to work with partners to support humanitarian efforts in Gaza.

Overall, the debate highlighted the"
soft_decay,uk,What is the current official position regarding Hamas/Gaza?,recency,8,DENSE,parentSon,1418,0,":
The text appears to be a speech delivered by the Foreign Secretary of the United Kingdom, given to the House of Commons on October 19, 2023. The speech is related to the Israeli-Palestinian conflict and the ongoing humanitarian crisis in Gaza.

Key points from the speech:

1. The ceasefire agreement in Gaza is a significant moment of peace and hope, but it needs to hold and become a lasting peace.
2. The UK is committed to supporting the peace plan and holding all parties to their commitments.
3. The UK is urging for more crossings to be opened and restrictions on humanitarian aid to be lifted.
4. The UK is working with the US, Arab states, and other countries to support an effective monitoring arrangement to ensure that all sides hold to the ceasefire and keep moving forward.
5. Israel's actions in Gaza are unacceptable and must be held accountable for violating international law.

Specifically, the speech mentions:

* The ongoing humanitarian crisis in Gaza, including famine and shortages of food and water
* Israeli air strikes restricting lifesaving supplies entering Gaza
* The need to ensure sufficient humanitarian aid can get through to end the famine swiftly
* The importance of holding Israel's leadership accountable for violating international law

Overall, the speech emphasizes the UK's commitment to supporting a lasting peace in the region and holding all parties to their commitments."
soft_decay,uk,Was the official position in the last quarter of 2023 supportive of the State of Israel?,recency,8,DENSE,parentSon,1561,0,":
The text appears to be a transcript of a debate in the House of Commons, specifically on the issue of humanitarian aid to Gaza.

Some key points from the debate include:

* The UK Government has been criticized for its handling of the situation in Gaza, with some accusing it of being too soft on Hamas and not doing enough to support Palestinian civilians.
* The UK has provided significant amounts of aid to UNRWA (United Nations Relief and Works Agency for Palestine Refugees in the Near East), but some have raised concerns about the organization's ability to operate effectively due to its ties with Hamas.
* The UK has also been accused of being too quick to support Israel, despite criticism that it is not doing enough to hold Israel accountable for its actions in Gaza.
* The debate highlights the need for a more nuanced approach to addressing the humanitarian crisis in Gaza, one that takes into account the complexities of the region and the different perspectives involved.

Some specific quotes from the debate include:

* ""We should say that we are leaning into the Cypriot and Jordanian humanitarian efforts. That is very important, because those efforts need to be grounded in the region.""
* ""It would be far better to have moderate neighbouring Arab states deal with any distribution of aid that we have facilitated as a result of the viable RAF and sea power that we have rightly exercised.""
* ""We are increasing funding for defence to record levels, which increases the armed forces' capacity to train, rest, and attend to all the areas of"
soft_decay,uk,Was the official position in the last quarter of 2023 supportive of Hamas/Gaza?,recency,8,DENSE,parentSon,1532,0,":
The text appears to be a transcript of an urgent question session in the House of Commons, where several Members of Parliament (MPs) raised questions about various issues related to the Israeli-Palestinian conflict and the UK's response to it.

Here are some key points that can be extracted from the transcript:

1. **BBC coverage**: The MP asked the Secretary of State for Foreign Affairs if she would make a statement on the coverage of Gaza by the BBC.
2. **Hamas designation**: The MP expressed concern about Hamas being designated as a terrorist organisation by the UK Government, citing evidence of its involvement in heinous crimes and attacks.
3. **UNRWA funding**: The MP asked if the UK would continue to send money to UNRWA despite allegations that it has members of Hamas in its ranks.
4. **Israeli actions**: The MP criticized Israel for its actions in Gaza, including the use of heavy weapons against civilians and forced displacement of communities.
5. **UN advisory opinion**: The MP mentioned that the UK had previously rejected an advisory opinion from the UN on the Israeli-Palestinian conflict, which they felt was biased towards Israel's side.

Some specific quotes from the transcript include:

* ""I have just been out in the middle east with the Conservative Friends of Israel... Given Emily Damari's personal testimony to the Prime Minister that she was held at United Nations Relief and Works Agency facilities in Gaza during the conflict, and that her captors refused her access to medical treatment..."""
soft_decay,uk,Has the official position in the last quarter of 2023 changed relative to the official position in the last quarter of 2025?,recency,8,DENSE,parentSon,1313,0,":
The article appears to be from a parliamentary debate, specifically an Urgent Question session. Here are some key points:

1. **Henry Staunton's removal as Post Office chair**: The Speaker of the House has asked the Secretary of State for Business and Trade if she will make a statement on Henry Staunton's removal as chairman of the Post Office Ltd.
2. **Post Office governance issues**: The article mentions that there were issues beyond the handling of the Horizon scandal, but the Business Secretary is not willing to comment on specific details.
3. **Post Office board leadership**: The Business Secretary has stated that the Post Office board has responsibility for strategic direction and that there are two elected postmaster non-executive directors who are experienced executives with business expertise.
4. **Compensation for postmasters**: The article mentions that thousands of postmasters fell victim to a faulty IT system, and compensation is needed to be paid out.
5. **Operational changes**: The Post Office needs to implement necessary operational and cultural changes to continue its work.

Overall, the debate appears to be focused on governance issues within the Post Office organization, including leadership changes and compensation for postmasters who were affected by a faulty IT system."
soft_decay,uk,What is the latest official position regarding legislation on the protection of veterans?,recency,8,DENSE,parentSon,1642,0,":
The text appears to be a transcript of a parliamentary debate on the Northern Ireland Troubles (Legacy and Reconciliation) Act 2023. Here's a summary of the key points:

**Government Response**

* The Government is committed to the European Convention on Human Rights (ECHR).
* The new legislation aims to address the legacy of the Troubles, including the human rights abuses and the need for accountability.
* The Government has removed immunity from prosecution for certain crimes, such as terrorism.

**Opposition Questions**

* The Leader of the Opposition asked about the adequacy of the Northern Ireland Troubles (Legacy and Reconciliation) Act 2023.
* The Secretary of State responded that the legislation addresses many concerns, including the need for accountability and justice.
* However, the opposition questioned whether the Attorney General had been excluded from the legislation or had personally recused himself.

**Cross-Border Rail**

* The Minister for Transport announced an investment of £445 million in Welsh rail infrastructure to improve cross-border connectivity between Wales and England.
* The Minister also mentioned plans to deliver a new station serving Magor and Undy, which will be built without delay.

**Veterans' Rights**

* The Minister for Veterans and People announced that the Government is committed to improving veterans' rights and providing sanctuary for those who need it.
* However, the opposition questioned whether the Government has made sufficient progress in addressing these issues.

**Immigration**

* The Minister for Justice announced that the new legislation will provide opportunities"
soft_decay,uk,how did the prime minister/president's rhetoric regarding the war between israel and hamas/gaza change between his first and last speech?,evolution,8,DENSE,parentSon,1584,0,":
The text appears to be a transcript of a debate in the House of Commons, specifically a speech by the Shadow Foreign Secretary, Jeremy Corbyn, on October 19, 2023. The speech is related to the Israeli-Palestinian conflict and the humanitarian crisis in Gaza.

Here are some key points from the speech:

1. The speaker expresses dismay at the escalation of violence in Gaza and the lack of progress towards a ceasefire.
2. He emphasizes that the international community must take action to pressure Israel to ensure that all aid reaches Gaza, which is currently being held hostage by Hamas.
3. The speaker notes that the Israeli Government has agreed to the peace deal only because they felt they had to, not because they wanted to.
4. He highlights the need for greater transparency and accountability from both sides in the conflict.
5. The speaker expresses concern about the impact of the ongoing violence on civilians in Gaza and the wider region.
6. He emphasizes that the international community must work together to find a solution to the crisis, including through increased aid and support for Palestinian refugees.

Some specific quotes from the speech include:

* ""The ceasefire was a rare moment of hope despite the challenges ahead...""
* ""We share the dismay that extremists on both sides continue to look for ways to escalate the conflict.""
* ""The international community must take action to pressure Israel to ensure that all aid reaches Gaza, which is currently being held hostage by Hamas.""

Overall, the speech emphasizes the need for greater urgency and action in"
soft_decay,uk,How has the approach to the restoration and maintenance of local and community infrastructure changed between late 2023 and late 2024?,evolution,8,DENSE,parentSon,1605,0,":
The text appears to be a transcript of a parliamentary debate on various topics related to housing, infrastructure, and transportation. Here's a summary of the main points:

**Housing**

* The Government is committed to building 1.5 million new homes over the next Parliament.
* The Chancellor announced plans to increase rates of house building in order to address the housing crisis and boost economic growth.
* The Labour Front Bench has called for more grant funding for local authorities to build affordable and social homes on land owned by councils.

**Infrastructure**

* The Government is investing at least £725 billion over the next decade in critical infrastructure, including motorways, roads, hospitals, prisons, courts, schools, and colleges.
* National Highways estimates that it would cost up to £600 million to repair the M48 Severn bridge, which has a significant impact on local businesses and farmers.

**Transportation**

* The Government is committed to increasing investment in railway infrastructure to improve the quality of life for people and drive economic growth right across the country.
* The Chancellor announced plans to increase funding for transport projects over the next five years.

**Social Housing**

* The Labour Front Bench has called for more work to be done to ensure that the overall investment in social housing is supported by the benefits that accrue across the whole line, all the way down to Aylesbury.
* The Government is committed to reinvigorating council house building and delivering a decade of renewal for social and affordable housing.

**Other"
soft_decay,uk,who is the minister of defense/secretary of defense?,ambiguity,8,DENSE,parentSon,1406,0,":
The text appears to be a transcript of a parliamentary debate on various topics, including:

1. China's market share in the UK bus industry: The Minister for Transport was questioned about whether there were any plans to support the UK's bid to reduce Chinese market share in the bus industry.
2. Foreign interference and lobbying: The Minister for Culture, Media and Sport was asked if they would support a Bill that would create enhanced protections against UK Ministers and officials lobbying for foreign powers.
3. Climate change and aid budget cuts: The Minister for International Development was questioned about whether they would commit to making no further cuts to the international aid budget in order to contribute to the Tropical Forest Forever Facility fund, which aims to protect the Amazon rainforest from deforestation.

The following quotes are attributed to specific Ministers:

* Secretary of State for Foreign Affairs: ""We will continue to be a leading player in that aim.""
* Secretary of State for Culture, Media and Sport: ""I declare an interest as chair of the all-party parliamentary group on the Kurdistan region in Iraq...""
* Secretary of State for International Development: ""The UK remains committed to providing international climate finance, now and in the future...""

Overall, the debate appears to be focused on issues related to trade, foreign policy, and climate change."
soft_decay,uk,Who holds the position responsible for Rural Development?,ambiguity,8,DENSE,parentSon,1589,0,":
The text appears to be a transcript of a parliamentary debate in the UK Parliament. Here's a breakdown of the key points:

**Main issues discussed:**

1. **Inheritance Tax (IHT) relief for farmers**: The Minister was asked about changes to IHT relief that affect farmers, particularly those with agricultural property.
2. **Start-ups and access to finance**: The Minister was questioned about the lack of support for UK start-ups seeking to scale up, compared to their US counterparts.
3. **Women's representation in finance**: The Minister was asked about efforts to increase women's participation in finance, including in the context of pension reforms.
4. **Power Roll solar panels**: The Minister was asked about securing funding for a Great British innovation that has faced challenges due to imported bricks and energy prices.
5. **Chinese market share**: The Minister was questioned about the UK's industrial strategy and its approach to competing with Chinese companies.

**Key quotes:**

* ""We want to strike a fair balance between supporting farmers and fixing our public finances.""
* ""The Government wants to unlock capital into our economy via pensions reforms being undertaken.""
* ""Women have a voice in the economy, and we will make sure that women are championed right across the economy.""

**Reassurances:**

* The Minister offered reassurance about working with the Northern Ireland Executive to ensure benefits for Northern Ireland businesses.
* He also acknowledged the importance of high-quality workforce apprenticeships in sectors such as technology, manufacturing,"
soft_decay,uk,what was the specific budget allocated to security in 2024?,hard_filter,8,BM25,fixed,1528,0,":
The article appears to be a transcript of a debate or question-and-answer session between various members of Parliament (MPs) on the UK government's education policy. Here are some key points and quotes from the discussion:

**Key issues:**

* Funding for schools, particularly in England
* The impact of the 2023-24 core school budget allocations
* The role of the Department for Education in managing funding
* Concerns about the quality assurance process surrounding the calculation and quality assurance of the National Funding Formula (NFF)

**Specific quotes:**

* ""We are confident that the provision and capability is there, we are confident in the strength of the marketplace."" - Prime Minister's official spokesman
* ""Signing up to the new system was 'financial suicide' for providers."" - Chief executive of the Early Years Alliance
* ""It need not be this way. Sir David Bell is leading Labour's early years review to ensure that childcare is about life chances for children, as well as work choices for parents."" - MP (not named)

**Concerns and criticisms:**

* The article highlights concerns about the government's handling of funding for schools, particularly in England.
* There are reports of a 120 million shortfall due to miscalculations and lack of transparency.
* Some providers have expressed frustration with the lack of clarity around their funding rates.

**Calls for action:**

* The article suggests that the government needs to take more decisive action to address these issues, including guarantee"
soft_decay,uk,What was the specific amount allocated to support the public sector for National Insurance costs in 2025?,hard_filter,8,BM25,fixed,1563,0,":
The text appears to be a transcript of a parliamentary debate in the UK House of Commons. Here's a breakdown of what was said:

**Speaker's opening remarks**

* The Speaker welcomes the Member for Selby (Keir Mather) and invites him to join the ministerial team.
* The Speaker mentions that he will not be answering questions today, but will respond in writing.

**Member for Selby's question on transport funding**

* The Member for Selby asks if the Transport Secretary can rule out increased duty on fuel or flights, VAT on private hire, and increasing fares.
* The Minister responds by saying that these are just days away from the Budget, so there is no need to speculate about future announcements.

**Member for Calder Valley's question**

* The Member for Calder Valley asks if the extra funding announced today will cover national insurance contributions imposed on hospices through increased duty on fuel or flights.
* The Minister responds by saying that this is additional money to support hospices, but not a guarantee of coverage.

**Member for Selby's follow-up questions**

* The Member for Selby asks how many schools are short of money to pay their national insurance bills and if the Minister knows about these shortages.
* The Minister responds by saying that there are processes in place to administer funding, but does not provide any specific information about school budgets.

**Member for Calder Valley's question**

* The Member for Calder Valley asks what steps will be taken to support schools with increased national insurance costs"
soft_decay,uk,What is the current official position regarding the State of Israel?,recency,8,BM25,fixed,1567,0,":
The text appears to be an excerpt from a parliamentary debate or Q&A session. Here are some key points that can be extracted:

1. **Storm Babet**: The Prime Minister was asked about his official engagements on Wednesday 25 October, and he mentioned meeting with ministerial colleagues and others.
2. **Gaza aid**: The Prime Minister expressed sympathies to those affected by Storm Babet and emphasized the need for a humanitarian ceasefire in Gaza.
3. **Humanitarian aid**: The Prime Minister announced a doubling of international aid to the region and stated that double child rapist and murderer Colin Pitchfork had yet another parole review hearing.
4. **Kosovo peace agreement**: The Foreign Secretary was asked about bilateral security agreements between Kosovo and the UK, and he mentioned engaging with KFOR troops in Kosovo and supporting Serbia's efforts in the EU-facilitated dialogue.
5. **South Korea**: The Foreign Secretary was asked about communications with acting President Choi or suspended President Yoon concerning the current situation in South Korea, and he stated that the UK Government had been in touch with South Koreans to support their democratic moves towards stability.

Some notable quotes from the Prime Minister include:

* ""We have to make sure that they understand them.""
* ""I draw the House's attention to my entry in the Register of Members' Financial Interests regarding my recent trip to Kosovo.""
* ""The Israeli Government have stated that Israel's presence in the Golan heights buffer zone is defensive, limited and temporary"
soft_decay,uk,What is the current official position regarding Hamas/Gaza?,recency,8,BM25,fixed,1535,0,":
The article is a transcript of a debate in the House of Commons, specifically on the Israeli-Palestinian conflict. The speaker is discussing various aspects of the situation and the proposed solutions.

Some key points discussed include:

1. **Humanitarian crisis**: The speaker emphasizes the dire humanitarian situation in Gaza, with over 45,000 Palestinian people having lost their lives due to the ongoing conflict.
2. **Ceasefire agreement**: The speaker welcomes the end of the first phase of the ceasefire agreement and expresses hope that negotiations on phase 2 will be successful in achieving a two-state solution.
3. **Humanitarian aid**: The speaker highlights the importance of delivering humanitarian aid to Gaza, including food, water, and electricity supplies.
4. **Blockade of aid**: The speaker criticizes Israel's decision to block the entry of humanitarian aid into Gaza, which is seen as a form of starvation by the international community.
5. **Two-state solution**: The speaker emphasizes the need for a two-state solution, with a sovereign Palestinian state and a safe and secure Israel, in order to achieve long-term peace and security.

Some specific quotes from the debate include:

* ""You can hold in your heart the pain of the Israeli people and the plight of those hostages and their families, and at the same time, you can hold in your heart the awful damage, pain and suffering that this has wrought on Gaza...""
* ""We must continue to focus on the future and on turning the current ceasefire deal into"
soft_decay,uk,Was the official position in the last quarter of 2023 supportive of the State of Israel?,recency,8,BM25,fixed,1551,0,":
The text appears to be a transcript of a parliamentary debate on various issues related to the Middle East conflict, specifically Gaza and Iran. Here's a breakdown of the key points:

**Gaza**

* The UK is committed to supporting a two-state solution to the Israeli-Palestinian conflict.
* The pause in hostilities has provided an opportunity for humanitarian aid to enter Gaza, with 74 tonnes of aid being distributed via British aircraft.
* The UN resolution 2728 aims to ensure that all parties comply with international law and respect human rights.
* The UK is working closely with the US, Saudi Arabia, and the UAE on Iran policy.

**Iran**

* The UK has specified Iran under the foreign influence registration scheme, targeting those who undertake malign activity in the UK.
* The Government continues to look at state threats from Iran, including nuclear negotiations between the US and Iran.
* A contingency plan is being developed if talks fail to produce an acceptable result.

**Nuclear deal with Iran**

* The UK has encouraged Iran to engage in good faith with President Trump's efforts to reach a nuclear deal.
* The Government has discussed the range of threats posed by Iran, including its support for terrorism and its enrichment program.
* The US Administration is working on a nuclear deal with Iran.

**Arrests of Iranian nationals**

* The UK has arrested several Iranian nationals in counter-terrorism operations on British soil.
* This poses a direct threat to Britain and on British soil.

Overall, the debate highlights the"
soft_decay,uk,Was the official position in the last quarter of 2023 supportive of Hamas/Gaza?,recency,8,BM25,fixed,1606,0,":
The text appears to be a transcript of a debate in the House of Commons, specifically a speech by a member of the official Opposition (the SNP) against the UK's decision not to support a UN resolution calling for a ceasefire in Gaza.

Here are some key points from the speech:

* The speaker criticizes the UK's decision not to support the UN resolution calling for a ceasefire, citing concerns about Hamas's willingness to release hostages and its use of civilians as human shields.
* They argue that the UK should have condemned the terrorist attacks on 7 October and called for an immediate humanitarian pause leading to a sustainable ceasefire.
* The speaker emphasizes the need for Israel to take measures to protect civilians in Gaza and urges Hamas to vacate hospitals and stop using civilians as human shields.
* They also highlight the importance of supporting Palestinian refugees, who are facing a devastating humanitarian crisis in Gaza.
* The speaker notes that the UK has been engaged in international efforts to set up a maritime corridor for aid into Gaza and is working on building an international support package for the new Palestinian Government.

Some specific quotes from the speech include:

* ""We strongly support the intensive diplomatic efforts by Egypt, Qatar and the United States to secure their release.""
* ""The kidnapping and violence on 7 October was appalling. It has been unconscionable to hold them in captivity for so long...""
* ""We urge all sides to seize the opportunity and continue negotiations to reach an agreement as soon as possible.""

Overall, the speaker is"
soft_decay,uk,Has the official position in the last quarter of 2023 changed relative to the official position in the last quarter of 2025?,recency,8,BM25,fixed,1106,0,":
The text appears to be a speech delivered by a Member of Parliament (MP) in the House of Commons on June 20, 2023. The MP is discussing various topics related to healthcare, defense spending, and the proposed Bill on assisted dying.

Some key points from the speech include:

* The MP expresses concern about the current state of healthcare and the need for reform.
* They highlight the importance of palliative care and the potential benefits of an assisted dying law in certain circumstances.
* The MP also discusses the issue of self-coercion, arguing that it is a choice rather than a crime.
* They emphasize the need to support the Bill and ensure that it is implemented effectively.

The speech includes several topical questions from other MPs, including:

* A question about the estimated cost of the memorial for the proposed Bill on assisted dying.
* A question about the criminal offence created by the Bill.
* A question about the safeguards in place to prevent abuse of the law.

Overall, the speech is a passionate and well-reasoned argument in favor of the proposed Bill on assisted dying."
soft_decay,uk,What is the latest official position regarding legislation on the protection of veterans?,recency,8,BM25,fixed,1588,0,":
The text appears to be a transcript of a parliamentary debate on various topics related to veterans' affairs and the conflict in Gaza. Here's a summary of the key points:

**Veterans' Affairs**

* The Minister for Veterans' Affairs is asked about the progress made so far in improving access to public sector procurement processes for small and medium-sized businesses (SMBs).
* The Minister responds that they are committed to ensuring that SMBs get a bigger share of government work, but notes that more needs to be done to encourage them to enter tender processes.
* The Minister also mentions the recent investment by Ball Corporation in Kettering, which is seen as an example of good practice.

**Horizon Scandal**

* The Minister announces plans to bring forward legislation within weeks to overturn convictions made during the Horizon scandal.
* They confirm that those convictions will be included in the legislation and that postmasters who used the pilot version of Horizon are eligible for compensation schemes.
* However, they also note that some postmasters may have signed non-disclosure agreements or Official Secrets Acts, which could affect their eligibility.

**Rafah**

* The Minister expresses concern about the situation in Rafah, where civilians are sheltering and a military incursion is feared.
* They call for Israel to facilitate immediate humanitarian access in the south, including the reopening of Kerem Shalom and the protection of civilians.
* The Minister also mentions that Hamas has accepted a proposal by Egypt and Israel to release hostages.

**Cease"
soft_decay,uk,how did the prime minister/president's rhetoric regarding the war between israel and hamas/gaza change between his first and last speech?,evolution,8,BM25,fixed,1579,0,":
The text appears to be a transcript of a debate in the UK Parliament, specifically a House of Commons debate on the Israeli-Palestinian conflict.

Here are some key points that can be extracted from the debate:

1. **Humanitarian crisis**: The speaker emphasized the humanitarian crisis in Gaza, with over 15,000 civilians killed and many more injured.
2. **International condemnation**: The speaker called for international condemnation of Israel's actions in Gaza, including the use of excessive force against Palestinian civilians.
3. **Diplomatic efforts**: The speaker mentioned that the UK is working to bring about a diplomatic solution through various channels, including a contact group and mass atrocity prevention hubs.
4. **Atrocities prevention hub**: The speaker highlighted the importance of integrating atrocity prevention into the UK's foreign and development policy, with the Office for Conflict, Stabilisation and Mediation playing a key role in this effort.
5. **Journalist safety**: The speaker expressed concern about the safety of Palestinian journalists, including the 57 killed since October 7th, and called on Israel to take responsibility for its actions.
6. **Settler violence**: The speaker condemned settler violence in the West Bank and called on the Israeli authorities to prevent such violence and ensure accountability for perpetrators.
7. **Accountability**: The speaker emphasized the need for accountability for those responsible for the atrocity carried out by Hamas on October 7th.

Overall, the debate highlighted the humanitarian crisis"
soft_decay,uk,How has the approach to the restoration and maintenance of local and community infrastructure changed between late 2023 and late 2024?,evolution,8,BM25,fixed,1464,0,":
The text appears to be a transcript of a debate in the House of Commons on various topics related to environmental protection, conservation, and international cooperation.

Here are some key points from the debate:

1. **Chalk streams**: The Minister for Environment, Food and Rural Affairs (MPs) is asked about the government's plans to restore chalk streams, which are considered a national heritage site.
2. **Badger cull**: The MP for Chorley (John Whittaker) questions the government's decision to extend the badger cull, citing concerns that it may not be effective in controlling bovine tuberculosis.
3. **Restorative justice**: The Minister is asked about the government's plans to implement restorative justice programs, which aim to rehabilitate young people and give them a chance at a better life.
4. **International cooperation**: The MP for Chorley (John Whittaker) asks about the UK's involvement in international efforts to address climate change and restore nature.
5. **Ocean conference**: The Minister is asked about the UK's position on the 2025 UN ocean conference, which aims to ratify the high seas treaty and deliver domestic nature restoration goals.

Some notable quotes from the debate include:

* ""We cannot address the urgency of the climate and nature crisis without co-ordinated global action.""
* ""The release of Alaa Abd el-Fattah is a matter of great importance. We are committed to securing his release, and we continue to raise"
soft_decay,uk,who is the minister of defense/secretary of defense?,ambiguity,8,BM25,fixed,1387,0,":
The text appears to be a transcript of a debate in the House of Commons, specifically on October 28, 2023. Here's a summary of the key points:

**Key Issues:**

1. **Climate Change:** The UK is committed to reducing its carbon emissions and meeting its targets under the Paris Agreement.
2. **Polio Eradication:** The UK is a leading player in the global effort to eradicate polio, with a 1.25 billion pledge to Gavi for 2026-30.
3. **Rail Services:** The Government's rail services have been criticized for their reliability and performance, particularly during the Christmas period.

**Specific Questions:**

1. **Employment Rights Bill:** The Labour party supports better rights at work for people, but the Government has promised to deliver more reliable rail services without a pay deal.
2. **Wealth Tax:** The Government's no-strings agreement on paying drivers overtime was supposed to bring stability to the railways, but it only made services worse.

**Reactions:**

1. **The Secretary of State for Work and Pensions (Andrew Western):** Welcomes the hon. Gentleman's questions and acknowledges that the rail service has been affected by industrial action.
2. **The Labour party:** Supports better rights at work for people, but criticizes the Government's approach to addressing the issue.

**Notable Quotes:**

1. ""I had wanted to welcome her today, but I have to get through"
soft_decay,uk,Who holds the position responsible for Rural Development?,ambiguity,8,BM25,fixed,1579,0,":
The text appears to be a transcript of a debate on a specific topic, likely related to water pollution in the UK. Here's a breakdown of the key points:

**Main issues discussed:**

1. Water pollution from agricultural activities
2. The impact of industrial agriculture on water quality
3. The role of government and regulatory bodies in addressing water pollution

**Key quotes and statements:**

* ""The environmental land management schemes support farmers to reduce agricultural run-off.""
* ""We are making the announcement that she just mentioned today, and we are also supporting the ELM schemes, which help farmers to improve their farming practices.""
* ""Thames Water must meet its statutory and regulatory obligations to its customers and to the environment. It is only right that the company is subject to the same consequences as any other water company.""

**Notable mentions:**

* The Independent Water Commission report on agricultural pollution in the UK
* River Action's court case forcing planning authorities to consider the cumulative impact of industrial agricultural development
* Greenpeace's observation on the impact of toxic sewage sludge

**Government responses:**

* The Secretary of State for Environment, Food and Rural Affairs (Defra) is quoted as saying that they are ""cracking down"" on water pollution from all sources.
* Defra also mentions their efforts to improve farming practices through environmental land management schemes.

**Other notable figures mentioned:**

* Deidre Brock, the first woman to represent the constituency
* Mark Lazarowicz"
soft_decay,uk,what was the specific budget allocated to security in 2024?,hard_filter,8,BM25,parentSon,1335,0,":
The text appears to be from a parliamentary debate on childcare, specifically regarding the government's plans to roll out free childcare for two-year-olds from April 2024.

Here are some key points that can be extracted from the text:

1. The government is planning to provide working parents with 15 hours of free childcare per week from September 2025.
2. By September 2027-28, they expect to spend in excess of £8 billion on free hours in early education.
3. The government will introduce a new kinship allowance to help family members and friends care for vulnerable children.
4. They will also extend the ""virtual school head"" programme, placing it on a statutory footing and championing the education of children in kinship care.
5. The government is committed to helping families with childcare costs and has increased funding rates significantly.

Some notable quotes from the debate include:

* ""We know that we must also have strong child protection measures in place...""
* ""I do not agree with that, and nor will I take any lessons on political opportunism from the SNP.""
* ""The hon. Gentleman raises an important point about the increased cost pressures that everybody has to face.""

Overall, the debate highlights the government's efforts to address childcare costs and improve support for families with young children."
soft_decay,uk,What was the specific amount allocated to support the public sector for National Insurance costs in 2025?,hard_filter,8,BM25,parentSon,1478,0,":
The provided text appears to be a speech delivered by a Member of Parliament (MP) during a debate on the National Insurance Contributions (NICs) Bill. The MP is questioning the Scottish Government's decision to increase NICs and asking about their plans for Barnett consequentials.

Here are some key points from the speech:

1. The MP is concerned that the Scottish Government has not provided enough information about how they will fund the increased NICs.
2. They ask if the Scottish Government agrees with the LGA Conservative group's call to remove caps on council tax, and whether they want those caps to be reduced.
3. The MP expresses their frustration at the lack of clarity from the Opposition on this issue.
4. They highlight that local government finance is in its worst state for decades, according to recent LGA figures.

Some specific quotes from the speech include:

* ""14 years of Conservative austerity, initially with the Liberal Democrats, devastated the ability of many councils, including Luton council, to provide much-needed services to families in our constituencies.""
* ""The Opposition continue to claim that there is a multibillion-pound black hole in local council budgets. When asked how they would fix it, however, they said, 'It's not for us to do; we're in opposition. It's for the Government.'""
* ""As a member of a council for more than 30 years like other Members of this House, I am still one who believes that local government finance is in"
soft_decay,uk,What is the current official position regarding the State of Israel?,recency,8,BM25,parentSon,1556,0,":
The text appears to be a transcript of a parliamentary debate in the UK House of Commons. Here's a breakdown of the key points:

**Main topics:**

1. Gaza conflict: The Speaker of the House apologized for not accepting an SO24 (Standing Order 24) application to discuss the sale of arms to Israel and the call for an immediate ceasefire.
2. Foreign policy: The Minister for Security, Dan Jarvis, met with Hong Kong activists targeted by Chinese arrest warrants and bounties, reaffirming the UK's commitment to supporting democracy in Hong Kong.
3. Labour Party opposition day: The SNP Opposition motion was brought forward on Labour Opposition day, seeking to ensure the release of hostages currently under Hamas control and an immediate ceasefire in Gaza.

**Specific points:**

1. SO24 application: The Speaker refused to accept a private application for an emergency debate on the sale of arms to Israel.
2. Hong Kong protests: The Minister met with Hong Kong activists and reaffirmed the UK's support for democracy in Hong Kong.
3. Labour Party opposition day: The SNP Opposition motion was brought forward, seeking to ensure the release of hostages under Hamas control.

**Other notable points:**

1. Levelling-up agenda: The Business Secretary announced plans to promote business investment in north Northamptonshire through various initiatives.
2. Foreign direct investment: The Department for Business and Trade reported that foreign direct investment into north Northamptonshire had increased, with the Ball Corporation's new plant in Burton Lat"
soft_decay,uk,What is the current official position regarding Hamas/Gaza?,recency,8,BM25,parentSon,1563,0,":
The transcript appears to be a debate in the House of Commons, specifically on February 26, 2024. Here's a summary of the key points:

**Hamas Hostages**

* The Labour Party has called for an immediate release of hostages held by Hamas in Gaza.
* The Foreign Secretary indicated that the UK would consider recognising the Palestinian state to give the Palestinian people a political horizon and ensure progress towards a two-state solution.
* However, the Minister for Development said that progress had been made at Oslo and that the aim was to get a sustainable ceasefire and move to the political track.

**Two-State Solution**

* The Labour Party has brought forward a motion seeking to ensure the release of hostages currently under Hamas control and an immediate ceasefire in Gaza.
* The Speaker apologised to the SNP and this House for not accepting the SO24 application, which would have called on the Government to use their voice at the United Nations to exercise their view in favour of an immediate ceasefire.

**Ministerial Responsibility**

* The Minister for Development said that the matter relates to areas of ministerial responsibility and falls within the scope of ministerial action.
* However, the Speaker disagreed with this assessment, stating that the decision should not proceed due to the imminent opportunity for a relevant statement tomorrow.

**Emergency Debate**

* The Speaker decided not to allow an emergency debate on the matter, citing the need for further consultation with Deputies and Clerks before making a final decision."
soft_decay,uk,Was the official position in the last quarter of 2023 supportive of the State of Israel?,recency,8,BM25,parentSon,1544,0,":
The text appears to be a transcript of a parliamentary debate on various topics related to the Israeli-Palestinian conflict, specifically focusing on issues such as the ceasefire in Gaza, the impact of the latest developments on peace prospects, and the UK's role in promoting a peaceful resolution.

Here are some key points that can be extracted from the text:

1. The debate centered around the issue of a lasting, just, and fair peace in the Middle East.
2. The UK government has been working to push for a solution that is in line with international humanitarian law, including ensuring access to food, water, and medical supplies for civilians in Gaza.
3. The UK has announced significant funding commitments to support Palestinian refugees and infrastructure projects in the Occupied Palestinian Territories (OPTs).
4. The debate highlighted concerns about the impact of Israel's actions on the peace process, including evictions, demolitions, and settlement expansion.
5. The international community is aware of these developments and is working to stop annexation plans for the West Bank.

Some specific quotes from the debate include:

* ""The far-right Government in Israel may have no long-term plan on Gaza, but that there is a long-term plan for the West Bank"" (Chair of the Foreign Affairs Committee)
* ""It will not be enough to simply condemn it once it has happened. We need to take concrete steps to stop the annexation of the West Bank"" (Member for North Herefordshire)

Overall, the debate highlights the ongoing challenges"
soft_decay,uk,Was the official position in the last quarter of 2023 supportive of Hamas/Gaza?,recency,8,BM25,parentSon,1541,0,":
The text appears to be an excerpt from a parliamentary debate on various topics related to international relations, politics, and social issues. The speaker is a member of Parliament (MP) who is questioning the government's actions regarding the situation in Gaza.

Some key points raised by the MP include:

1. The Israeli-Palestinian conflict: The MP expresses concern about the ongoing violence and human rights abuses in Gaza, particularly the use of excessive force against civilians.
2. Humanitarian aid: The MP asks for assurances that humanitarian aid will be delivered to Gaza and that the blockade will be lifted.
3. Palestinian statehood: The MP questions whether the government is committed to recognizing a Palestinian state and ensuring its sovereignty over Gaza.
4. Economic migrants: The MP expresses concerns about the treatment of economic migrants, including those who are seeking asylum in the UK.
5. Fireworks and violence: The MP raises concerns about the use of fireworks as weapons in Scotland and the need for stronger controls on shoplifting and violence against retail workers.

The MP also asks questions about specific policies and actions taken by the government, such as:

1. The decision to grant economic migrants the right to remain in the UK.
2. The role of police officers in Scotland in relation to fireworks.
3. The implementation of a retail crime action plan.

Overall, the MP is seeking clarification and assurance on various issues related to international relations, politics, and social justice."
soft_decay,uk,Has the official position in the last quarter of 2023 changed relative to the official position in the last quarter of 2025?,recency,8,BM25,parentSon,1485,0,":
The text appears to be a transcript of a debate in the House of Commons, specifically on a Bill related to assisted dying for terminally ill adults. Here's a summary of the key points:

**Background**: The Bill aims to allow terminally ill adults to choose whether or not to end their lives, with the option to do so through assisted dying.

**Key arguments**:

* The hon. Member for North Antrim (Jim Allister) presented several points in favor of the Bill, including:
	+ The need to give a voice to those who are voiceless due to terminal illness or disability.
	+ The importance of dignity and autonomy in end-of-life decision-making.
	+ The potential benefits of assisted dying as a means of alleviating suffering and promoting human life.
* The hon. Member for North Dorset (Simon Hoare) presented several counterarguments, including:
	+ Concerns about coercion or pressure to end one's life through assisted dying.
	+ Questions about the effectiveness of assisted dying in preventing suicide.
	+ Worries about the potential for abuse or exploitation.

**Key points from the debate**:

* The Prime Minister (at the time) stated that the agreement would allow trade to flow freely within the UK internal market, protect Northern Ireland's place in the Union, and safeguard sovereignty.
* He also mentioned that the EU has accepted an important principle in the political declaration, which is subject to the Vienna convention.

**Current Prime Minister's statement**: The current"
soft_decay,uk,What is the latest official position regarding legislation on the protection of veterans?,recency,8,BM25,parentSon,1580,0,":
The text appears to be a transcript of a debate in the House of Commons, specifically on the issue of Northern Ireland's economy and trade with the European Union (EU). The speaker is a member of the Conservative Party, while the opposition party is represented by the Labour Party.

Some key points made during the debate include:

* The Conservative MP criticizes the Labour Party for not doing enough to address the economic challenges facing Northern Ireland.
* He highlights the importance of devolving power from Westminster to the Northern Ireland Assembly and suggests that this could be achieved through a package of measures, including investing in skills development and promoting economic growth.
* The Conservative MP also expresses concerns about the impact of the Windsor framework on Northern Ireland's economy and trade with the EU.
* He notes that manufacturing was not included in the new EU arrangement for sanitary and phytosanitary (SPS) measures, despite being a key area of concern for businesses in Northern Ireland.

Some specific quotes from the debate include:

* ""The Secretary of State has commented that there are 'so many more important things' in which to be involved, but... if there were no Executive at Stormont, he, as Secretary of State, would be in a position to make decisions on that and other equally important issues.""
* ""There is a great deal that the Executive can do to help promote economic growth. I have just given one example, and investing in and supporting the development of skills is another.""
* ""The new EU arrangement will"
soft_decay,uk,how did the prime minister/president's rhetoric regarding the war between israel and hamas/gaza change between his first and last speech?,evolution,8,BM25,parentSon,1477,0,":
The text appears to be a transcript of an urgent question session in the House of Commons, where several Members of Parliament (MPs) asked questions about various issues related to international relations and humanitarian crises.

Here's a breakdown of the key points:

1. **Hamas and Gaza**: The MPs discussed the situation in Gaza, including reports of Israeli strikes that killed up to 100 people. They also questioned the effectiveness of the ceasefire agreement and the role of Hamas.
2. **South African application to the International Court of Justice**: One MP asked about the South African application to the ICJ, which was described as ""meritless, counterproductive and completely without any basis in fact."" The UK government's stance on this issue was also questioned.
3. **Glioblastoma drug trial**: Another MP mentioned a patient who had entered a glioblastoma drug trial funded by the Jon Moulton foundation. They asked about the future of funding for such trials and whether the National Institute for Health and Care Research (NICE) would continue to support them.
4. **Banking hub in Totnes**: The Prime Minister was questioned about his decision not to grant a banking hub to Link, a local bank in Totnes. He was asked to reconsider this decision and provide an explanation for it.

Some specific quotes from the MPs include:

* ""We need to review it because it is not working for any of those involved, particularly children and parents."" - MP (Unknown)
*"
soft_decay,uk,How has the approach to the restoration and maintenance of local and community infrastructure changed between late 2023 and late 2024?,evolution,8,BM25,parentSon,1502,0,":
The text appears to be a transcript of a debate in the House of Commons, specifically a question-and-answer session with various members of Parliament (MPs) and their ministers.

Here's a breakdown of the key points:

1. **Question from Lady shakes her head**: The MP asks about progress on consulting MPs on the restoration and renewal programme.
2. **Response from the Security Minister**: The minister agrees that it is ""pretty incredible"" for the party whose Defence Secretary was sacked to pose as the protector of national security, but denies any wrongdoing by the current government.
3. **Question from Lady shakes her head (continued)**: The MP asks about the readiness of FIRS (Financial Incentives for Renewal and Sustainability) and whether it will be worth having if China is not in the enhanced tier.
4. **Response from the Security Minister**: The minister confirms that they are working at pace to make announcements on how to structure the scheme, but does not provide a specific timeline.
5. **Question from Lady shakes her head (continued)**: The MP asks about money in politics and whether it is a priority for ensuring robust electoral laws.
6. **Response from the Security Minister**: The minister agrees that dirty money can be a significant threat to democracy and appoints Baroness Hodge as the Government's new anti-corruption champion.

Overall, the debate appears to focus on national security, corruption, and the role of government in protecting parliamentary democracy."
soft_decay,uk,who is the minister of defense/secretary of defense?,ambiguity,8,BM25,parentSon,1539,0,":
The transcript appears to be a full House debate in the UK Parliament, with various MPs asking questions and making statements about different topics. Here's a summary of some key points:

**Transport**

* The Home Secretary was asked about her departmental responsibilities and whether she would make a statement on her departmental responsibilities.
* She responded by saying that Transport is at the heart of the Government's plan for change, with new initiatives such as the Bus Services Bill and the restoration of the 2030 phase-out date for new petrol and diesel cars.

**Grooming Gangs**

* The Home Secretary was asked about her handling of the grooming gangs scandal and whether she would make a statement on it.
* She responded by saying that the Prime Minister's judgment has been found wanting, and that Labour MPs voted against a national inquiry three times. She also acknowledged that there are no current plans to introduce an express service between Bournemouth and London.

**Bus Services**

* The Secretary of State for Transport was asked about the delay in new bus routes announced by Stagecoach East.
* He responded by saying that he is happy to speak further with the hon. Gentleman regarding local bus services, particularly in Barrow and Furness where the A590 and A595 are lifelines.

**Rail**

* The Secretary of State for Transport was asked about plans to introduce an express service between Bournemouth and London.
* He responded by saying that there are no current plans to do so, but that he is happy to"
soft_decay,uk,Who holds the position responsible for Rural Development?,ambiguity,8,BM25,parentSon,1015,0,":
The text appears to be a speech delivered by a Member of Parliament (MP) in the House of Commons. The MP discusses various topics, including:

1. The need for action on homelessness and poverty.
2. The issue of grooming gangs and child sexual abuse.
3. The importance of accountability and justice for victims of these crimes.

The MP also expresses their personal experiences as a councillor in Birmingham Erdington, where they have worked to support vulnerable women and children.

Some specific points made by the MP include:

* They are ""very sorry"" for making remarks on an episode of ""Any Questions"" that were critical of victims of child sexual abuse and grooming gangs.
* They want to ensure that the truth is heard and that those responsible are held accountable.
* They have campaigned on issues related to poverty, homelessness, and child protection for many years.

Overall, the speech highlights the MP's commitment to addressing social issues and advocating for the rights of vulnerable individuals."
soft_decay,us,what was the specific budget allocated to security in 2024?,hard_filter,3,DENSE,fixed,111,0,":
The specific budget allocated to security in 2024 is not mentioned in the provided context. SOURCES: [1], [2]"
soft_decay,us,What was the specific amount allocated to support the public sector for National Insurance costs in 2025?,hard_filter,3,DENSE,fixed,149,0,":
The specific amount allocated to support the public sector for National Insurance costs in 2025 was not provided in the context.

SOURCES: [1], [2]"
soft_decay,us,What is the current official position regarding the State of Israel?,recency,3,DENSE,fixed,172,0,":
The current official position regarding the State of Israel is that it is recognized as a sovereign state by most countries in the world, including the United States. [1]"
soft_decay,us,What is the current official position regarding Hamas/Gaza?,recency,3,DENSE,fixed,102,0,":
The current official position regarding Hamas/Gaza is not explicitly stated in the provided context."
soft_decay,us,Was the official position in the last quarter of 2023 supportive of the State of Israel?,recency,3,DENSE,fixed,116,0,":
The official position in the last quarter of 2023 was not supportive of the State of Israel. [1] SOURCES: [2], [3]"
soft_decay,us,Was the official position in the last quarter of 2023 supportive of Hamas/Gaza?,recency,3,DENSE,fixed,309,0,":
The official position in the last quarter of 2023 was not supportive of Hamas/Gaza, as there is no mention by the author of the 750,000 Jewish refugees in 1948 from Arab lands who left under duress, subject to pogroms and losing their belongings following centuries of discrimination. [1]

SOURCES: [1], [2]"
soft_decay,us,Has the official position in the last quarter of 2023 changed relative to the official position in the last quarter of 2025?,recency,3,DENSE,fixed,145,0,":
Has the official position in the last quarter of 2023 changed relative to the official position in the last quarter of 2025?

SOURCES: [1], [2]"
soft_decay,us,What is the latest official position regarding legislation on the protection of veterans?,recency,3,DENSE,fixed,151,0,":
The latest official position regarding legislation on the protection of veterans is not explicitly stated in the provided context.

SOURCES: [1], [2]"
soft_decay,us,how did the prime minister/president's rhetoric regarding the war between israel and hamas/gaza change between his first and last speech?,evolution,3,DENSE,fixed,166,0,":
The prime minister/president's rhetoric regarding the war between Israel and Hamas/Gaza changed significantly between his first and last speech. 

SOURCES: [1], [2]"
soft_decay,us,How has the approach to the restoration and maintenance of local and community infrastructure changed between late 2023 and late 2024?,evolution,3,DENSE,fixed,219,0,":
The approach to the restoration and maintenance of local and community infrastructure has changed between late 2023 and late 2024, with a focus on environmental conservation and civic participation.

SOURCES: [1], [2]"
soft_decay,us,who is the minister of defense/secretary of defense?,ambiguity,3,DENSE,fixed,47,0,":
The Minister of Defense is Michael Payne. [1]"
soft_decay,us,Who holds the position responsible for Rural Development?,ambiguity,3,DENSE,fixed,81,0,":
The person responsible for Rural Development is Judy Ahmann.

SOURCES: [1], [2]"
soft_decay,us,what was the specific budget allocated to security in 2024?,hard_filter,3,DENSE,parentSon,112,0,":
The specific budget allocated to security in 2024 is not mentioned in the provided context. 
SOURCES: [1], [2]"
soft_decay,us,What was the specific amount allocated to support the public sector for National Insurance costs in 2025?,hard_filter,3,DENSE,parentSon,155,0,":
The specific amount allocated to support the public sector for National Insurance costs in 2025 was not found in the provided context.

SOURCES: [1], [2]"
soft_decay,us,What is the current official position regarding the State of Israel?,recency,3,DENSE,parentSon,175,0,":
The current official position regarding the State of Israel is that it is a sovereign state with its own government, economy, and international relations.

SOURCES: [1], [2]"
soft_decay,us,What is the current official position regarding Hamas/Gaza?,recency,3,DENSE,parentSon,354,0,":
The current official position regarding Hamas/Gaza is that there is no single, unified stance among governments and international organizations regarding the conflict. However, many countries have expressed concerns about Hamas's human rights record, including its treatment of civilians and its use of violence against Palestinians.

SOURCES: [1], [2]"
soft_decay,us,Was the official position in the last quarter of 2023 supportive of the State of Israel?,recency,3,DENSE,parentSon,97,0,":
The official position in the last quarter of 2023 was not explicitly stated.

SOURCES: [1], [2]"
soft_decay,us,Was the official position in the last quarter of 2023 supportive of Hamas/Gaza?,recency,3,DENSE,parentSon,89,0,":
The official position in the last quarter of 2023 was not supportive of Hamas/Gaza. [1]"
soft_decay,us,Has the official position in the last quarter of 2023 changed relative to the official position in the last quarter of 2025?,recency,3,DENSE,parentSon,130,0,":
Has the official position in the last quarter of 2023 changed relative to the official position in the last quarter of 2025? [1]"
soft_decay,us,What is the latest official position regarding legislation on the protection of veterans?,recency,3,DENSE,parentSon,151,0,":
The latest official position regarding legislation on the protection of veterans is not explicitly stated in the provided context.

SOURCES: [1], [2]"
soft_decay,us,how did the prime minister/president's rhetoric regarding the war between israel and hamas/gaza change between his first and last speech?,evolution,3,DENSE,parentSon,172,0,":
The prime minister/president's rhetoric regarding the war between Israel and Hamas/Gaza changed significantly between his first speech and last speech.

SOURCES: [1], [2]"
soft_decay,us,How has the approach to the restoration and maintenance of local and community infrastructure changed between late 2023 and late 2024?,evolution,3,DENSE,parentSon,165,0,":
The approach to the restoration and maintenance of local and community infrastructure has changed significantly between late 2023 and late 2024.

SOURCES: [1], [2]"
soft_decay,us,who is the minister of defense/secretary of defense?,ambiguity,3,DENSE,parentSon,114,0,":
The Minister of Defense is Michael Borders, according to [1] SOURCE_FILE: exe3/clean-text/US/2025-10-31.txt [2]."
soft_decay,us,Who holds the position responsible for Rural Development?,ambiguity,3,DENSE,parentSon,78,0,":
Who holds the position responsible for Rural Development? 
SOURCES: [1], [2]"
soft_decay,us,what was the specific budget allocated to security in 2024?,hard_filter,3,BM25,fixed,24,0,":
SOURCES: [1], [2], [3]"
soft_decay,us,What was the specific amount allocated to support the public sector for National Insurance costs in 2025?,hard_filter,3,BM25,fixed,286,0,":
The specific amount allocated to support the public sector for National Insurance costs in 2025 was $800 billion per fiscal year, as stated in the Fiscal Year 2024 Defense Appropriations Act [1] and House passage of the Fiscal Year 2025 Defense Appropriations bill.

SOURCES: [1], [2]"
soft_decay,us,What is the current official position regarding the State of Israel?,recency,3,BM25,fixed,130,0,":
The current official position regarding the State of Israel is not explicitly stated in the provided context. 
SOURCES: [1], [2]"
soft_decay,us,What is the current official position regarding Hamas/Gaza?,recency,3,BM25,fixed,434,0,":
The current official position regarding Hamas/Gaza is that it is considered a terrorist organization by many countries, including the United States, Canada, and several European nations. [1] According to a 2023 report by the Israeli government, Hamas has committed numerous war crimes during its occupation of Gaza, including the use of civilians as human shields and the targeting of civilian infrastructure. [2]

SOURCES: [1], [2]"
soft_decay,us,Was the official position in the last quarter of 2023 supportive of the State of Israel?,recency,3,BM25,fixed,113,0,":
The official position in the last quarter of 2023 was not supportive of the State of Israel.

SOURCES: [1], [2]"
soft_decay,us,Was the official position in the last quarter of 2023 supportive of Hamas/Gaza?,recency,3,BM25,fixed,104,0,":
The official position in the last quarter of 2023 was not supportive of Hamas/Gaza. 
SOURCES: [1], [2]"
soft_decay,us,Has the official position in the last quarter of 2023 changed relative to the official position in the last quarter of 2025?,recency,3,BM25,fixed,145,0,":
Has the official position in the last quarter of 2023 changed relative to the official position in the last quarter of 2025?

SOURCES: [1], [2]"
soft_decay,us,What is the latest official position regarding legislation on the protection of veterans?,recency,3,BM25,fixed,151,0,":
The latest official position regarding legislation on the protection of veterans is not explicitly stated in the provided context. 
SOURCES: [1], [2]"
soft_decay,us,how did the prime minister/president's rhetoric regarding the war between israel and hamas/gaza change between his first and last speech?,evolution,3,BM25,fixed,189,0,":
The prime minister's rhetoric regarding the war between Israel and Hamas/gaza changed from being more conciliatory to more aggressive between his first and last speech.

SOURCES: [1], [2]"
soft_decay,us,How has the approach to the restoration and maintenance of local and community infrastructure changed between late 2023 and late 2024?,evolution,3,BM25,fixed,676,0,":
The approach to the restoration and maintenance of local and community infrastructure has changed significantly between late 2023 and late 2024. [1] According to the provided context, in late 2023, there was a bipartisan effort to pass the Lake Tahoe Restoration Reauthorization Act of 2023, which aimed to provide additional federal funding for restoration efforts across the Lake Tahoe Basin. In contrast, in late 2024, the Pittman-Robertson Wildlife Restoration Act and Dingell-Johnson Sport Fish Restoration Act District of Columbia Equality Act were introduced, which would make the District of Columbia eligible for federal funding under these acts.

SOURCES: [1], [2]"
soft_decay,us,who is the minister of defense/secretary of defense?,ambiguity,3,BM25,fixed,59,0,":
The minister of defense is Senator Joni Ernst (R-IA). [1]"
soft_decay,us,Who holds the position responsible for Rural Development?,ambiguity,3,BM25,fixed,238,0,":
The position responsible for Rural Development is held by Brian Murray, who served as the New York State Director for USDA Rural Development from 2002 to 2007 and has since worked on various initiatives related to rural development. [1]"
soft_decay,us,what was the specific budget allocated to security in 2024?,hard_filter,3,BM25,parentSon,88,0,":
The specific budget allocated to security in 2024 was $2.5 billion.

SOURCES: [1], [2]"
soft_decay,us,What was the specific amount allocated to support the public sector for National Insurance costs in 2025?,hard_filter,3,BM25,parentSon,149,0,":
The specific amount allocated to support the public sector for National Insurance costs in 2025 was not provided in the context.

SOURCES: [1], [2]"
soft_decay,us,What is the current official position regarding the State of Israel?,recency,3,BM25,parentSon,111,0,":
The current official position regarding the State of Israel is not explicitly stated in the provided context."
soft_decay,us,What is the current official position regarding Hamas/Gaza?,recency,3,BM25,parentSon,122,0,":
The current official position regarding Hamas/Gaza is not explicitly stated in the provided context. 

SOURCES: [1], [2]"
soft_decay,us,Was the official position in the last quarter of 2023 supportive of the State of Israel?,recency,3,BM25,parentSon,113,0,":
The official position in the last quarter of 2023 was not supportive of the State of Israel. 
SOURCES: [1], [2]"
soft_decay,us,Was the official position in the last quarter of 2023 supportive of Hamas/Gaza?,recency,3,BM25,parentSon,89,0,":
The official position in the last quarter of 2023 was not supportive of Hamas/Gaza. [1]"
soft_decay,us,Has the official position in the last quarter of 2023 changed relative to the official position in the last quarter of 2025?,recency,3,BM25,parentSon,145,0,":
Has the official position in the last quarter of 2023 changed relative to the official position in the last quarter of 2025?

SOURCES: [1], [2]"
soft_decay,us,What is the latest official position regarding legislation on the protection of veterans?,recency,3,BM25,parentSon,151,0,":
The latest official position regarding legislation on the protection of veterans is not explicitly stated in the provided context.

SOURCES: [1], [2]"
soft_decay,us,how did the prime minister/president's rhetoric regarding the war between israel and hamas/gaza change between his first and last speech?,evolution,3,BM25,parentSon,165,0,":
The prime minister/president's rhetoric regarding the war between Israel and Hamas/gaza changed significantly between his first and last speech.

SOURCES: [1], [2]"
soft_decay,us,How has the approach to the restoration and maintenance of local and community infrastructure changed between late 2023 and late 2024?,evolution,3,BM25,parentSon,165,0,":
The approach to the restoration and maintenance of local and community infrastructure has changed significantly between late 2023 and late 2024.

SOURCES: [1], [2]"
soft_decay,us,who is the minister of defense/secretary of defense?,ambiguity,3,BM25,parentSon,68,0,":
The Secretary of Defense is Alejandro Mayorkas.

SOURCES: [1], [2]"
soft_decay,us,Who holds the position responsible for Rural Development?,ambiguity,3,BM25,parentSon,164,0,":
The position responsible for Rural Development is the Secretary of Agriculture, who is currently the United States Department of Agriculture (USDA) Secretary. [1]"
soft_decay,us,what was the specific budget allocated to security in 2024?,hard_filter,5,DENSE,fixed,93,0,":
The specific budget allocated to security in 2024 is not mentioned in the provided context."
soft_decay,us,What was the specific amount allocated to support the public sector for National Insurance costs in 2025?,hard_filter,5,DENSE,fixed,149,0,":
The specific amount allocated to support the public sector for National Insurance costs in 2025 was not provided in the context.

SOURCES: [1], [2]"
soft_decay,us,What is the current official position regarding the State of Israel?,recency,5,DENSE,fixed,1161,0,":
The current official position regarding the State of Israel is not explicitly stated in the provided context. However, based on the information given, it appears that the United States has maintained a commitment to Kazakhstan's sovereignty, independence, and territorial integrity since its dissolution from the Soviet Union.

According to the text, the U.S. has:

* Remained committed to Kazakhstan's voluntary commitment to rapidly remove nuclear weapons from its territory and accede to the Non-Proliferation Treaty
* Supported stability and security in Central Asia through cooperation with Kazakhstan
* Invested in Kazakhstan's economic development, including through foreign direct investment

Additionally, the U.S. has expressed support for Kazakhstan's sovereignty and independence, as seen in the nominations of Michael Payne, Robert Kadlec, and Timothy Dill to various positions within the Department of Defense.

Therefore, based on this information, it can be inferred that the current official position regarding the State of Israel is one of continued support and commitment from the United States to Kazakhstan's sovereignty and independence."
soft_decay,us,What is the current official position regarding Hamas/Gaza?,recency,5,DENSE,fixed,177,0,":
The current official position regarding Hamas/Gaza is that there is no single, unified stance among governments or international organizations on the issue.

SOURCES: [1], [2]"
soft_decay,us,Was the official position in the last quarter of 2023 supportive of the State of Israel?,recency,5,DENSE,fixed,19,0,":
SOURCES: [1], [2]"
soft_decay,us,Was the official position in the last quarter of 2023 supportive of Hamas/Gaza?,recency,5,DENSE,fixed,19,0,":
SOURCES: [1], [2]"
soft_decay,us,Has the official position in the last quarter of 2023 changed relative to the official position in the last quarter of 2025?,recency,5,DENSE,fixed,272,0,":
Has the official position in the last quarter of 2023 changed relative to the official position in the last quarter of 2025? 
No, according to the provided context, there is no mention of any changes in the official positions between the two quarters.

SOURCES: [1], [2]"
soft_decay,us,What is the latest official position regarding legislation on the protection of veterans?,recency,5,DENSE,fixed,411,0,":
The latest official position regarding legislation on the protection of veterans is that it has been codified in the Federal Government Advertising Equity Accountability Act, which requires federal agencies to include in their annual budget requests to Congress the amount they spend on advertising contracts with small disadvantaged businesses (SDBs) and businesses owned by minorities and women. [1] [2] [3]"
soft_decay,us,how did the prime minister/president's rhetoric regarding the war between israel and hamas/gaza change between his first and last speech?,evolution,5,DENSE,fixed,889,0,":
The prime minister's rhetoric regarding the war between Israel and Hamas/Gaza changed significantly between his first speech in October 2025 and his last speech in October 2025.

In his first speech, the prime minister emphasized the need for a two-state solution and called for calm and restraint on both sides. He also acknowledged the suffering of civilians and expressed concern about the humanitarian situation in Gaza.

In contrast, his last speech was more confrontational and divisive, with references to ""terrorists"" and ""extremists."" The prime minister also criticized Israel's actions in Gaza, calling them ""unjustified"" and ""inhumane.""

It is worth noting that the context of these speeches was different, with the first speech taking place before the escalation of violence in Gaza, while the last speech occurred after a significant increase in violence.

SOURCES: [1], [2]"
soft_decay,us,How has the approach to the restoration and maintenance of local and community infrastructure changed between late 2023 and late 2024?,evolution,5,DENSE,fixed,151,0,":
The approach to the restoration and maintenance of local and community infrastructure has changed between late 2023 and late 2024.

SOURCES: [1], [2]"
soft_decay,us,who is the minister of defense/secretary of defense?,ambiguity,5,DENSE,fixed,54,0,":
who is the minister of defense/secretary of defense?"
soft_decay,us,Who holds the position responsible for Rural Development?,ambiguity,5,DENSE,fixed,79,0,":
Judy Ahmann holds the position responsible for Rural Development. [1] [2] [3]"
soft_decay,us,what was the specific budget allocated to security in 2024?,hard_filter,5,DENSE,parentSon,128,0,":
Based on the provided context, there is no mention of a specific budget allocated to security in 2024.

SOURCES: [1], [2], [3]"
soft_decay,us,What was the specific amount allocated to support the public sector for National Insurance costs in 2025?,hard_filter,5,DENSE,parentSon,158,0,":
The specific amount allocated to support the public sector for National Insurance costs in 2025 is not mentioned in the provided context. 
SOURCES: [1], [2]"
soft_decay,us,What is the current official position regarding the State of Israel?,recency,5,DENSE,parentSon,244,0,":
The current official position regarding the State of Israel is that the United States has not made a formal decision on its stance regarding the status of the Palestinian territories, including the West Bank and Gaza Strip.

SOURCES: [1], [2]"
soft_decay,us,What is the current official position regarding Hamas/Gaza?,recency,5,DENSE,parentSon,126,0,":
The current official position regarding Hamas/Gaza is not explicitly stated in the provided context. 
SOURCES: [1], [2], [3]"
soft_decay,us,Was the official position in the last quarter of 2023 supportive of the State of Israel?,recency,5,DENSE,parentSon,19,0,":
SOURCES: [1], [2]"
soft_decay,us,Was the official position in the last quarter of 2023 supportive of Hamas/Gaza?,recency,5,DENSE,parentSon,19,0,":
SOURCES: [1], [2]"
soft_decay,us,Has the official position in the last quarter of 2023 changed relative to the official position in the last quarter of 2025?,recency,5,DENSE,parentSon,168,0,":
Based on the provided context, there is no information available about the official position changes relative to the last quarter of 2023 and 2025.

SOURCES: [1], [2]"
soft_decay,us,What is the latest official position regarding legislation on the protection of veterans?,recency,5,DENSE,parentSon,186,0,":
The latest official position regarding legislation on the protection of veterans is that it has been taken into consideration by various committees in Congress.

SOURCES: [1], [2], [3]"
soft_decay,us,how did the prime minister/president's rhetoric regarding the war between israel and hamas/gaza change between his first and last speech?,evolution,5,DENSE,parentSon,162,0,":
The prime minister's rhetoric regarding the war between Israel and Hamas/Gaza changed significantly between his first speech and last speech.

SOURCES: [1], [2]"
soft_decay,us,How has the approach to the restoration and maintenance of local and community infrastructure changed between late 2023 and late 2024?,evolution,5,DENSE,parentSon,151,0,":
The approach to the restoration and maintenance of local and community infrastructure has changed between late 2023 and late 2024.

SOURCES: [1], [2]"
soft_decay,us,who is the minister of defense/secretary of defense?,ambiguity,5,DENSE,parentSon,44,0,":
The Minister of Defense is Brendan Rogers."
soft_decay,us,Who holds the position responsible for Rural Development?,ambiguity,5,DENSE,parentSon,24,0,":
SOURCES: [1], [2], [3]"
soft_decay,us,what was the specific budget allocated to security in 2024?,hard_filter,5,BM25,fixed,24,0,":
SOURCES: [1], [2], [3]"
soft_decay,us,What was the specific amount allocated to support the public sector for National Insurance costs in 2025?,hard_filter,5,BM25,fixed,149,0,":
The specific amount allocated to support the public sector for National Insurance costs in 2025 was not provided in the context.

SOURCES: [1], [2]"
soft_decay,us,What is the current official position regarding the State of Israel?,recency,5,BM25,fixed,19,0,":
SOURCES: [1], [2]"
soft_decay,us,What is the current official position regarding Hamas/Gaza?,recency,5,BM25,fixed,24,0,":
SOURCES: [1], [2], [3]"
soft_decay,us,Was the official position in the last quarter of 2023 supportive of the State of Israel?,recency,5,BM25,fixed,113,0,":
The official position in the last quarter of 2023 was not supportive of the State of Israel. 
SOURCES: [1], [2]"
soft_decay,us,Was the official position in the last quarter of 2023 supportive of Hamas/Gaza?,recency,5,BM25,fixed,19,0,":
SOURCES: [1], [2]"
soft_decay,us,Has the official position in the last quarter of 2023 changed relative to the official position in the last quarter of 2025?,recency,5,BM25,fixed,145,0,":
Has the official position in the last quarter of 2023 changed relative to the official position in the last quarter of 2025? 
SOURCES: [1], [2]"
soft_decay,us,What is the latest official position regarding legislation on the protection of veterans?,recency,5,BM25,fixed,19,0,":
SOURCES: [1], [2]"
soft_decay,us,how did the prime minister/president's rhetoric regarding the war between israel and hamas/gaza change between his first and last speech?,evolution,5,BM25,fixed,193,0,":
The prime minister/president's rhetoric regarding the war between Israel and Hamas/gaza changed significantly between his first speech to Congress and his last speech.

SOURCES: [1], [2], [3]"
soft_decay,us,How has the approach to the restoration and maintenance of local and community infrastructure changed between late 2023 and late 2024?,evolution,5,BM25,fixed,151,0,":
The approach to the restoration and maintenance of local and community infrastructure has changed between late 2023 and late 2024.

SOURCES: [1], [2]"
soft_decay,us,who is the minister of defense/secretary of defense?,ambiguity,5,BM25,fixed,82,0,":
The Secretary of Defense is typically the head of the Department of Defense. [1]"
soft_decay,us,Who holds the position responsible for Rural Development?,ambiguity,5,BM25,fixed,206,0,":
Based on the provided context, the answer to the question ""Who holds the position responsible for Rural Development?"" is:

Lloyd C. Caldwell, P.E. SES, US Army Corps of Engineers (Ret.)

SOURCES: [1], [2]"
soft_decay,us,what was the specific budget allocated to security in 2024?,hard_filter,5,BM25,parentSon,112,0,":
The specific budget allocated to security in 2024 is not mentioned in the provided context. 
SOURCES: [1], [2]"
soft_decay,us,What was the specific amount allocated to support the public sector for National Insurance costs in 2025?,hard_filter,5,BM25,parentSon,159,1,":
The specific amount allocated to support the public sector for National Insurance costs in 2025 was not mentioned in the provided context. 
SOURCES: [1], [2]"
soft_decay,us,What is the current official position regarding the State of Israel?,recency,5,BM25,parentSon,577,0,":
The current official position regarding the State of Israel is that it is a sovereign nation with its own government, economy, and foreign policy. The United States recognizes Israel as a legitimate state and has provided significant military and economic aid to support its existence and development. However, some lawmakers have introduced bills aimed at altering or changing the status of Israel, including proposals to recognize Palestine as a sovereign state, amend the Arms Export Control Act, or establish a National STEM Week to promote American innovation in Israel."
soft_decay,us,What is the current official position regarding Hamas/Gaza?,recency,5,BM25,parentSon,171,0,":
The current official position regarding Hamas/Gaza is that it is a terrorist organization responsible for violence against civilians. [1] [2] [3]

SOURCES: [1], [2], [3]"
soft_decay,us,Was the official position in the last quarter of 2023 supportive of the State of Israel?,recency,5,BM25,parentSon,24,0,":
SOURCES: [1], [2], [3]"
soft_decay,us,Was the official position in the last quarter of 2023 supportive of Hamas/Gaza?,recency,5,BM25,parentSon,24,0,":
SOURCES: [1], [2], [3]"
soft_decay,us,Has the official position in the last quarter of 2023 changed relative to the official position in the last quarter of 2025?,recency,5,BM25,parentSon,203,0,":
Based on the provided context, it appears that there is no information about the official position changing relative to the last quarter of 2023 compared to the last quarter of 2025.

SOURCES: [1], [2]"
soft_decay,us,What is the latest official position regarding legislation on the protection of veterans?,recency,5,BM25,parentSon,213,0,":
The latest official position regarding legislation on the protection of veterans is that it is a priority for the US government to provide support and resources to ensure their well-being and safety. [1] [2] [3]"
soft_decay,us,how did the prime minister/president's rhetoric regarding the war between israel and hamas/gaza change between his first and last speech?,evolution,5,BM25,parentSon,253,0,":
The prime minister/president's rhetoric regarding the war between Israel and Hamas/gaza changed from being conciliatory and focused on finding a peaceful solution to being more aggressive and dismissive of Palestinian concerns.

SOURCES: [1], [2], [3]"
soft_decay,us,How has the approach to the restoration and maintenance of local and community infrastructure changed between late 2023 and late 2024?,evolution,5,BM25,parentSon,151,0,":
The approach to the restoration and maintenance of local and community infrastructure has changed between late 2023 and late 2024.

SOURCES: [1], [2]"
soft_decay,us,who is the minister of defense/secretary of defense?,ambiguity,5,BM25,parentSon,19,0,":
SOURCES: [1], [2]"
soft_decay,us,Who holds the position responsible for Rural Development?,ambiguity,5,BM25,parentSon,222,0,":
Mr. WILSON of South Carolina. Mr. Speaker, I congratulate Dr. Dave Olson, President and Program Manager at Savannah River Mission Completion (SRMC), upon retirement after more than 40 years of dedicated work and service."
soft_decay,us,what was the specific budget allocated to security in 2024?,hard_filter,8,DENSE,fixed,1163,0,":
The text appears to be a list of meetings scheduled in May 2025 for various committees in the United States Senate. The meetings are related to various bills and proposals, including:

1. Foreign policy:
	* Meeting with Israeli Prime Minister Benjamin Netanyahu (May 20)
	* Hearing on supporting Israel's defense efforts (May 21)
2. Domestic policy:
	* One Big Beautiful Bill (a comprehensive bill that will make a difference in mountain communities) (June 25)
3. Energy and infrastructure:
	* Water Resources Development Act (WRDA) of 2024 (June 23)
4. Immigration and national security:
	* Hearing on immigration reform (May 21)
5. Military and defense:
	* Hearing on the Department of Defense's budget request for fiscal year 2026 (May 20)

The text also mentions several specific bills, including:

1. The National Dam Safety Program Amendment Act
2. The Low-Head Dam Inventory Act
3. The Water Resources Development Act (WRDA) of 2024

Overall, the meetings appear to be related to various issues affecting the United States, including foreign policy, domestic policy, energy and infrastructure, immigration and national security, and military and defense."
soft_decay,us,What was the specific amount allocated to support the public sector for National Insurance costs in 2025?,hard_filter,8,DENSE,fixed,1398,0,":
The text appears to be a list of individuals being recognized or honored by their respective committees or organizations. Here is a breakdown of what each individual is being recognized for:

1. Judy Ahmann - Napa County Farm Bureau's 2025 Member of the Year
2. Marie Carayanis - One of California's 8th Congressional District's Women of the Year
3. Stacey Mortensen - Retired and celebrated for her visionary leadership in public transportation across the Central Valley and Northern California

These individuals are being recognized for their contributions to their respective fields, including:

* Judy Ahmann: Advocacy work, ranching industry, and community service
* Marie Carayanis: Leadership roles in the cattle industry, advocacy, and community engagement
* Stacey Mortensen: Visionary leadership in public transportation, infrastructure development, and workforce training

The text also mentions several committees or organizations that are being recognized for their efforts, including:

* Napa County Farm Bureau
* California CattleWomen
* American National CattleWomen
* Common Threads California
* Environmental Protection Agency (EPA)
* San Joaquin Regional Rail Commission
* Valley Rail Program
* Rail Academy of Central California (TRACC)

Overall, the text appears to be a celebration of individuals who are making a positive impact in their respective fields and communities."
soft_decay,us,What is the current official position regarding the State of Israel?,recency,8,DENSE,fixed,758,0,":
The text appears to be a list of individuals being honored or recognized in various capacities, including:

1. Lasmockie Octavia Fountain (a woman who was tragically killed by her husband)
2. Anthony ""Tony"" Anello (a fisherman and community leader)
3. Judy Ahmann (a rancher and advocate for agriculture)
4. Marie Carayanis (a woman of the year in California's 8th Congressional District)

The text also mentions several individuals who are being recognized for their contributions to various fields, including:

1. Regina Whitney (a public servant and leader)
2. Karen Heggen (a district attorney and community leader)

Overall, the text appears to be a tribute to women who have made significant contributions to their communities and society as a whole."
soft_decay,us,What is the current official position regarding Hamas/Gaza?,recency,8,DENSE,fixed,1379,0,":
The text appears to be a list of meetings scheduled for November 2025 in the United States Congress. Here's a breakdown of what I found:

**Committee Hearings:**

1. Committee on Armed Services:
	* Austin Dahmer (Arizona) and Robert Kadlec (New York) nominated as Assistant Secretaries
	* Michael Borders (Florida) nominated as Assistant Secretary of the Air Force
2. Select Committee on Intelligence:
	* Closed business meeting to consider pending calendar business
3. Committee on Health, Education, Labor, and Pensions:
	* Registered apprenticeship hearings
4. Committee on Homeland Security and Governmental Affairs:
	* Nominations for Edward Forst (Florida) as Administrator of General Services, Charles Arrington (Illinois) as a Member of the Federal Labor Relations Authority, John Cuong Truong (District of Columbia), Elana S. Suttenberg (District of Columbia), and Stephen F. Rickard (District of Columbia)
5. Committee on Commerce, Science, and Transportation:
	* Hearings to examine nominations for Ryan McCormack (Virginia) as Under Secretary for Policy, Daniel Edwards (North Carolina) as an Assistant Secretary, Trent Morse (Florida) as a Member of the Board of Directors of the Metropolitan Washington Airports Authority
6. Committee on Indian Affairs:
	* Hearing to examine S. 107, to amend the Lumbee Act of 1956
7. Committee on Small Business and Entrepreneur"
soft_decay,us,Was the official position in the last quarter of 2023 supportive of the State of Israel?,recency,8,DENSE,fixed,1199,0,":
The text appears to be a speech or transcript from a meeting of the United States Congress, likely in response to a recent terrorist attack on October 7, 2023. The speaker mentions several bills and initiatives that were passed in support of Israel following the attack.

Some specific points mentioned in the text include:

* A bill providing an additional $14.1 billion in emergency appropriations for Israel's defense efforts against Iran.
* Strengthening US sanctions against Iran.
* Condemning the International Criminal Court's decision to file applications for arrest warrants against Israeli Prime Minister Benjamin Netanyahu and Defense Minister Yoav Gallant.
* Creating a legal definition of antisemitism to protect Jewish people and students on college campuses facing discrimination.

The text also mentions several organizations and individuals who were involved in the meeting, including:

* The Congressional Black Caucus
* The American Israel Public Affairs Committee (AIPAC)
* The Jewish Democratic Council of America (JDCA)
* The Anti-Defamation League (ADL)

Overall, the text appears to be a tribute to the victims of the terrorist attack and a statement of support for Israel."
soft_decay,us,Was the official position in the last quarter of 2023 supportive of Hamas/Gaza?,recency,8,DENSE,fixed,1543,0,":
The text appears to be a legislative hearing transcript, likely from the United States Congress. Here's a breakdown of the key points:

**Hearings on various bills**

* The first speaker is Hattie May Love Pettway Inge, who is recognized for her outstanding accomplishments and remarkable life.
* The second speaker is Sarah Milgrim and Yaron Lischinsky, whose tragic murder outside the Capital Jewish Museum in Washington, D.C., is remembered with a resolution condemning antisemitic violence.
* The third speaker is H. Res. 883, which condemns the use of a slogan that has been used by some individuals and groups for antisemitic purposes.

**Legislation**

* A bill (Forest Legacy Management Flexibility Act) is introduced to unlock new opportunities and funding for permanent land conservation.
* This legislation aims to preserve America's working forests and bolster rural economies, meeting the Biden-Harris Administration's ""America the Beautiful"" National Conservation Goal to conserve at least 30% of lands and waters in the United States by 2030.

**International Day of Democracy**

* The hearing also celebrates the International Day of Democracy on September 15.
* This day is an opportunity to promote democracy and freedom against authoritarianism and fanaticism across the globe, with estimates suggesting that two billion people will exercise their right to self-determination at the ballot box in 2024.

Overall, this transcript appears to be a mix of legislative hearings, commemorative events, and discussions on various"
soft_decay,us,Has the official position in the last quarter of 2023 changed relative to the official position in the last quarter of 2025?,recency,8,DENSE,fixed,1264,0,":
The text appears to be a meeting transcript from the United States Congress, specifically from June 11-15, 2024. It includes several notable speakers, including:

1. Representative Mike Bost (R-IL)
2. Representative Chris Deluzio (D-PA)
3. Representative Brian Fitzpatrick (R-PA)
4. Representative Brownley (D-CA)
5. Representative Krishnamoorthi (D-IL)
6. Representative Gottheimer (D-NJ)
7. Representative Elfreth (D-MD)

The speakers discuss various topics, including:

1. The Coast Guard and sexual assault and harassment
2. National Defense Authorization Act for fiscal year 2025
3. Budget estimates and justification for fiscal year 2025
4. Conservation easements purchased under the Forest Legacy Program

Some notable quotes from the speakers include:

* Representative Mike Bost: ""Today, I introduced the 'Bridge Corrosion Prevention and Repair Act of 2025' with Representative Mike Bost (R-IL), Representative Chris Deluzio (D-PA), and Representative Brian Fitzpatrick (R-PA).""
* Representative Chris Deluzio: ""I thank Representative Brownley (D-CA), Representative Krishnamoorthi (D-IL), Representative Gottheimer (D-NJ), and Representative Elfreth (D-MD) for their support.""
* Representative Brownley: ""We have witnessed a resurgence of authoritarian"
soft_decay,us,What is the latest official position regarding legislation on the protection of veterans?,recency,8,DENSE,fixed,1244,0,":
The text appears to be a list of speakers or individuals being recognized for their contributions and achievements. Here's a breakdown of what I've extracted:

1. **Rebecca Grasty**: California 8th Congressional District Women of the Year
2. **Miriam Wong**: California 8th Congressional District Women of the Year
3. **Rebecca Grasty** (again): Celebrated for her work as a Family Child Care Professional and leader in the Bay Area Professional Family Child Care Network.
4. **Rebecca Grasty** (third time): Recognized for her tireless efforts to uplift families, empower fellow professionals, and shape policy conversations that will benefit generations to come.
5. **Aaron Henderson**: Manheim Lions Club President
6. **Veasey**: Recognized for his outstanding contributions and legacy as the Junior League of Arlington.

The text also mentions several organizations and initiatives, including:

* The Latina Center
* The Bay Area Professional Family Child Care Network
* Solano Association of Providers
* Save California Family Child Care
* May 2025 Family Child Care Symposium
* State of the Bay Summit

Overall, it seems like this is a list of individuals being recognized for their contributions to their communities and organizations."
soft_decay,us,how did the prime minister/president's rhetoric regarding the war between israel and hamas/gaza change between his first and last speech?,evolution,8,DENSE,fixed,1663,0,":
The text appears to be a list of proclamations or resolutions from various members of Congress, honoring individuals who have made significant contributions to their communities.

Here are some key points that can be extracted from the text:

1. **Honoring individuals**: The text lists several individuals who have been honored by their respective members of Congress.
2. **Community service**: Many of these individuals have demonstrated a strong commitment to serving their communities, with some having worked tirelessly for decades in various roles.
3. **Awards and recognition**: Some of the individuals mentioned have received awards or recognition for their contributions, such as being named Member of the Year by the Napa County Farm Bureau.
4. **Community impact**: The text highlights the positive impact that these individuals have had on their communities, including providing support to families in need, advocating for affordable housing, and promoting spiritual wellness.

Some specific individuals mentioned include:

* Chase Crawford, a filmmaker and producer who has worked tirelessly to amplify independent voices in cinema
* Susan Zolotorofe, a mother and advocate who dedicated her life to helping children grow and learn
* Tony, a community leader who hosted vital community gatherings to preserve the future of the fishing industry at Bodega Bay
* Judy Ahmann, an agricultural advocate who has been recognized for her decades of service to the Farm Bureau.

Overall, the text appears to be a tribute to individuals who have made significant contributions to their communities and have demonstrated a strong commitment to serving others."
soft_decay,us,How has the approach to the restoration and maintenance of local and community infrastructure changed between late 2023 and late 2024?,evolution,8,DENSE,fixed,1475,0,":
The text appears to be a list of individuals who have received awards or recognition for their work in various fields. Here is a breakdown of the different sections:

**Section 1: Awards and Recognition**

* The text mentions several awards and recognitions, including:
	+ Vicki Turnbow's retirement from the Golden Empire Transit District
	+ Dr. Beauvais' fellowship with my office
	+ Karen King's retirement from the Golden Empire Transit District

**Section 2: Honors for Community Service**

* The text highlights several individuals who have made significant contributions to their communities, including:
	+ Vicki Turnbow (President of the Raytown Area Chamber of Commerce)
	+ Dr. Beauvais (Knauss fellow)
	+ Karen King (Executive Director of Transportation at Golden Empire Transit District)

**Section 3: Environmental and Economic Benefits**

* The text discusses several projects that have been completed or are underway to benefit the environment and economy, including:
	+ The On-Demand Microtransit service program in Bakersfield
	+ The use of hydropower generated by dams like Ice Harbor Dam
	+ The transportation of cargo through the Snake River dams

**Section 4: Counterproductive Effects of Dam Breach**

* The text notes that breaching the Lower Snake River Dams would have negative consequences, including:
	+ Decreased grid reliability and increased food production costs for local farmers
	+ Increased diesel fuel consumption and emissions
	+ Negative"
soft_decay,us,who is the minister of defense/secretary of defense?,ambiguity,8,DENSE,fixed,893,0,":
The text appears to be a list of meetings and hearings held by the United States House of Representatives in October 2023. The attendees are listed as various members of Congress, including Democrats and Republicans.

Some notable individuals mentioned include:

* Courtney Fry: A staff assistant in the office of then-Majority Leader Steny Hoyer
* Marc Berkowitz: An Assistant Secretary of Defense
* Joseph Jewell: An Assistant Secretary of Defense
* James Caggy: An Assistant Secretary of Defense
* Brendan Rogers: An Assistant Secretary of the Navy
* Lt. Col. Brenda Strength: A leader in Air Mobility Command's logistics operations

The text also mentions several committees, including:

* Committee on Armed Services
* Committee on Commerce, Science, and Transportation
* Committee on Health, Education, Labor, and Pensions
* Committee on Indian Affairs
* Committee on Veterans' Affairs"
soft_decay,us,Who holds the position responsible for Rural Development?,ambiguity,8,DENSE,fixed,1351,0,":
The text appears to be a list of individuals being honored by their respective congressional districts. Here is a breakdown of the individuals mentioned:

1. Rebecca Grasty - California 8th Congressional District
2. Regina Whitney - California 8th Congressional District
3. Karen Heggen - Saratoga County, New York
4. Lisa Nelson-Bonnington - California 8th Congressional District
5. Lucinda Bazile - California 8th Congressional District

The individuals being honored are:

* Rebecca Grasty (Family Child Care Professional and advocate for early childhood education)
* Regina Whitney (District Attorney of Saratoga County, New York)
* Karen Heggen (Saratoga County District Attorney)
* Lisa Nelson-Bonnington (CEO of Cancer Support Community San Francisco Bay Area)
* Lucinda Bazile (Chief Executive Officer of Cancer Support Community San Francisco Bay Area)

The individuals being recognized are:

* Rebecca Grasty for her work in Family Child Care and advocating for early childhood education
* Regina Whitney for her leadership as District Attorney of Saratoga County, New York
* Karen Heggen for her service as District Attorney of Saratoga County, New York
* Lisa Nelson-Bonnington for her work at Cancer Support Community San Francisco Bay Area
* Lucinda Bazile for her advocacy and leadership in the field of cancer care and health equity."
soft_decay,us,what was the specific budget allocated to security in 2024?,hard_filter,8,DENSE,parentSon,846,0,":
The text appears to be a list of members of Congress who are voting on various bills or resolutions. Here's a breakdown of what each member is doing:

1. **Mr. Edwards**: He is voting to table (not vote against) a resolution that would allow President Trump to be impeached without a full House vote.
2. **Mr. Goldman**: He is missing votes because of an important family matter, but he will likely vote in favor of the resolution.
3. **Mr. Fong**: He is voting in favor of the resolution.
4. **Mr. Larson of Connecticut**: He is voting to table (not vote against) a resolution that would allow unlimited expenditures by ""social welfare"" organizations.
5. **Mrs. Dingell**: She is voting in favor of the resolution.

The other members are not mentioned in this specific text, but it appears they are also voting on various bills or resolutions."
soft_decay,us,What was the specific amount allocated to support the public sector for National Insurance costs in 2025?,hard_filter,8,DENSE,parentSon,1407,0,":
The text appears to be a list of meetings scheduled in the United States Congress for November 2023. Here's a breakdown of what each meeting is about:

1. **Committee on Armed Services**: Hearings on nominations for various positions, including:
	* Austin Dahmer (Arizona) and Robert Kadlec (New York) as Assistant Secretaries of Defense
	* Michael Borders (Florida) as an Assistant Secretary of the Air Force
2. **Select Committee on Intelligence**: Closed business meeting to consider pending calendar business.
3. **Committee on Health, Education, Labor, and Pensions**: Hearings on registered apprenticeships, focusing on scaling the workforce for the future.
4. **Committee on Homeland Security and Governmental Affairs**: Business meeting to consider nominations:
	* Edward Forst (Florida) as Administrator of General Services
	* Charles Arrington (Illinois) as a Member of the Federal Labor Relations Authority
	* John Cuong Truong, Elana S. Suttenberg, and Stephen F. Rickard (District of Columbia) as Associate Judges of the Superior Court of the District of Columbia.
5. **Committee on Commerce, Science, and Transportation**: Hearings to examine nominations:
	* Ryan McCormack (Virginia) as Under Secretary for Policy
	* Daniel Edwards (North Carolina) as an Assistant Secretary of Transportation
	* Trent Morse (Florida) as a Member of the Board of Directors of the Metropolitan Washington Air"
soft_decay,us,What is the current official position regarding the State of Israel?,recency,8,DENSE,parentSon,1449,0,":
The text appears to be a list of meetings held by the United States Congress, specifically the House of Representatives and the Senate. The meetings are related to various topics such as national security, energy policy, agriculture, veterans' affairs, and more.

Here's a breakdown of what I found:

* There were 12 meetings mentioned in the text, including:
	+ Committee on Energy and Natural Resources
	+ Committee on Commerce, Science, and Transportation
	+ Committee on Health, Education, Labor, and Pensions
	+ Committee on Indian Affairs
	+ Committee on Finance
	+ Committee on Veterans' Affairs
* The meetings were held in various locations across the United States.
* Some of the specific topics discussed during these meetings include:
	+ Big Tech and silencing Americans part 2 (Committee on Commerce, Science, and Transportation)
	+ Reviving commercial shipbuilding (Committee on Energy and Natural Resources)
	+ Reauthorizing funding to monitor, assess, and research the Great Lakes Basin (Committee on Agriculture, Nutrition, and Forestry)
* Several individuals were recognized for their contributions to their respective fields:
	+ Bishop Leslie Patterson, Jr. and Co-Pastor Dr. Francene Patterson for their 30th Pastoral Anniversary at First Baptist Church
	+ Dr. Latyna Young as one of California's Women of the Year

Overall, it seems that these meetings were related to various policy issues and legislative efforts in Congress."
soft_decay,us,What is the current official position regarding Hamas/Gaza?,recency,8,DENSE,parentSon,1328,0,":
The text appears to be a list of individuals being recognized for their achievements and contributions to their communities. Here is a breakdown of the individuals mentioned:

1. **Lucinda Bazile**: Recognized as one of California's 8th Congressional District's Women of the Year.
2. **Paul Eckstein**: Inducted into the United States Hockey Hall of Fame, and recognized for his dedication to serving the people of Arizona through his work with Phoenix Children's Hospital.
3. **Florence ""Flo"" Eckstein**: Endowed a scholarship at Pomona College, supporting refugee and forcibly displaced students.
4. **Cooper Guldin**: Won the Virginia Class 3, Region A Golf Championship as part of the Tabb High School Tigers Golf Team.
5. **Jack Houseknecht**: Contributed to the Tabb High School Tigers Golf Team's victory in the Virginia Class 3, Region A Golf Championship.
6. **Brodi Bartee**: Contributed to the Tabb High School Tigers Golf Team's victory in the Virginia Class 3, Region A Golf Championship.
7. **Ethan Thompson**: Contributed to the Tabb High School Tigers Golf Team's victory in the Virginia Class 3, Region A Golf Championship.
8. **Chriss Bassett**: Contributed to the Tabb High School Tigers Golf Team's victory in the Virginia Class 3, Region A Golf Championship.
9. **Ainsley Asbury**: Contributed to the Tabb"
soft_decay,us,Was the official position in the last quarter of 2023 supportive of the State of Israel?,recency,8,DENSE,parentSon,1261,0,":
The text appears to be a list of resolutions or statements from members of Congress, likely from the 117th Congress (2021-2023), on various topics such as healthcare, education, and social justice.

Here are some specific points that can be extracted from the text:

* The resolution in support of Black Maternal Health Week
* The passage of the Momnibus Act, H.R. 3305, to address maternal health disparities for Black mothers
* The establishment of a community-owned grocery store by the Food Shed Co-op family
* Darrell S. Tremblay's retirement from the fire service

It appears that there are several bills and resolutions being proposed or passed in Congress related to various issues, including:

* Healthcare: The Momnibus Act aims to address maternal health disparities for Black mothers.
* Education: There is a bill (H.R. 3305) introduced to establish a community-owned grocery store.
* Social justice: The resolution in support of Black Maternal Health Week highlights the ongoing epidemic surrounding maternal mortality and health among Black women.

Overall, it seems that Congress is taking steps to address various social and economic issues affecting different communities, including those related to healthcare, education, and social justice."
soft_decay,us,Was the official position in the last quarter of 2023 supportive of Hamas/Gaza?,recency,8,DENSE,parentSon,1447,0,":
The text appears to be a transcript of a speech delivered by President Joe Biden at the Munich Security Conference on February 18, 2025. The speech is part of a series of events and meetings held in Germany, where the US delegation was meeting with European leaders and officials.

Here are some key points from the speech:

* The US delegation was honored to include Congressman Lloyd Doggett, Congresswoman Victoria Spartz, and Margaret Grun Kibben, Chaplain of the U.S. House of Representatives, among others.
* The US Organization for Cooperation in Europe delegation was bi-cameral with Senator Thom Tillis (NC) and bi-partisan with Representative Nancy Pelosi (D-CA).
* Darrell S. Tremblay, a retired fireman from Stafford County, Virginia, is being recognized for his 30 years of service to the DCFD.
* The speech also mentions the US Organization for Cooperation in Europe's efforts to address the threat from Iran and its ballistic missile program.

Some notable quotes from the speech include:

* ""Children First, Excellence Always!"" - a motto that was repeated throughout the speech as a tribute to Darrell S. Tremblay's dedication to his work.
* ""May the Lord bless him as he embarks on his next challenge"" - a sentiment expressed by President Biden in recognition of Darrell Tremblay's service and retirement.

Overall, the speech is a celebration of US efforts to promote international cooperation, address global security threats,"
soft_decay,us,Has the official position in the last quarter of 2023 changed relative to the official position in the last quarter of 2025?,recency,8,DENSE,parentSon,1447,0,":
The text appears to be a list of upcoming meetings in the United States Congress, specifically scheduled for July 2024. The meetings are related to various topics such as agriculture, energy, environment, finance, homeland security, and foreign relations.

Here is a breakdown of the meetings mentioned:

1. Committee on Agriculture, Nutrition, and Forestry: To hold an oversight hearing to examine digital commodities.
2. SR-328A Committee on Energy and Natural Resources: To hold hearings to examine the nomination of Shannon A. Estenoz, of Florida, to be Deputy Secretary of the Interior.
3. SD-366 Committee on Environment and Public Works: To hold hearings to examine the state and federal response to the Francis Scott Key Bridge collapse on March 26, 2024.
4. SD-406 Committee on Finance: To hold hearings to examine the nominations of Jeffrey Samuel Arbeit, of the District of Columbia, Benjamin A. Guider III, of Louisiana, and Cathy Fung, of California, each to be a Judge of the United States Tax Court.
5. SD-215 Committee on Homeland Security and Governmental Affairs: To hold an oversight hearing to examine the Permitting Council, focusing on improving transparency and coordination.
6. SD-342 Committee on the Judiciary: To hold hearings to examine certain pending nominations.
7. RHOB-2247 2 p.m.: Commission on Security and Cooperation in Europe To hold hearings to examine war crimes and complicity from Syria to Ukraine.

The"
soft_decay,us,What is the latest official position regarding legislation on the protection of veterans?,recency,8,DENSE,parentSon,1084,0,":
The text appears to be a list of meetings held by various committees in the United States Congress. The meetings are related to several bills and resolutions, including:

* Committee on Agriculture, Nutrition, and Forestry: hearings on nominations for positions such as Under Secretary for Food Safety and Inspector General.
* Committee on Armed Services: hearings on nominations for positions such as Vice Admiral Richard A. Correll, USN, and Inspector General.
* Committee on Commerce, Science, and Transportation: hearings on Big Tech issues and the Section 106 consultation process under the National Historic Preservation Act.
* Committee on Education and Labor: hearings on the future of biotech and its impact on patients.
* Committee on Foreign Relations: hearings on economic tools to deter aggression by China and improving the AUKUS partnership.
* Committee on Health, Education, Labor, and Pensions: hearings on the future of biotech and maintaining competitiveness in the US economy.

The committees are discussing various bills and resolutions related to these topics."
soft_decay,us,how did the prime minister/president's rhetoric regarding the war between israel and hamas/gaza change between his first and last speech?,evolution,8,DENSE,parentSon,1061,0,":
The text appears to be a list of individuals who have been recognized or honored by their respective communities or organizations. Here is a breakdown of what I've extracted from the text:

**Individuals Honored:**

1. Dipesh and Dipti Pandya (30th wedding anniversary)
2. Margaret Hopson Brown
3. Lisa Nelson-Bonnington (Women of the Year, California 8th Congressional District)
4. Lucinda Bazile (Women of the Year, California 8th Congressional District)

**Honors:**

1. Dipesh and Dipti Pandya's 30th wedding anniversary celebration
2. Margaret Hopson Brown's legacy in kindness, resilience, and love
3. Lisa Nelson-Bonnington's leadership and dedication to economic and community development
4. Lucinda Bazile's advocacy for health equity, access to care, and empowerment of those affected by cancer and chronic illness

**Notable Events:**

1. Kazakhstan Republic Day (October 25, 1990)
2. Voluntary commitment to remove nuclear weapons from Kazakhstan's territory
3. Wabtec Corporation and Kazakhstan Temir Zholy announce a $4.2 billion locomotive deal"
soft_decay,us,How has the approach to the restoration and maintenance of local and community infrastructure changed between late 2023 and late 2024?,evolution,8,DENSE,parentSon,977,0,":
The text appears to be a record of speeches delivered by various members of Congress on February 13, 2024. The speeches are related to several topics, including:

1. Honoring individuals for their contributions to society.
2. Recognizing organizations and initiatives that support education, conservation, and public service.
3. Commemorating the founding of an educational foundation in Dexter, Michigan.

Some specific mentions include:

* Mayor Anderson's 40th anniversary of founding the Educational Foundation of Dexter (EFD)
* The EFD's Spring Auction raising over $24,000 for Dexter students
* Bob Lambe's work with the Great Lakes Fishery Commission and his dedication to conservation efforts.
* The Maritime Security Infrastructure Council's plan to modernize the U.S. Merchant Marine Academy's infrastructure.

Overall, the speeches reflect a sense of appreciation and recognition for individuals and organizations that are making positive contributions to society."
soft_decay,us,who is the minister of defense/secretary of defense?,ambiguity,8,DENSE,parentSon,1456,0,":
The text appears to be a list of meetings held by Congress, specifically the House of Representatives, on November 5-31, 2023. The meetings were related to various bills and resolutions that have been introduced or passed during this time period.

Here is a breakdown of the content:

* Several members of Congress are mentioned, including:
	+ Representative Michael Zurlo (R-NY) from Saratoga County
	+ Representatives Lasmockie Octavia Fountain's family members, who are not named in the text
	+ Bishop Leslie Patterson Jr. and Co-Pastor Francene Patterson from First Baptist Church in Northern Virginia
* The text mentions several bills and resolutions that have been introduced or passed during this time period, including:
	+ S. 2082, which aims to modify the definition of a ""production facility"" to exclude equipment capable of reprocessing spent nuclear fuel.
	+ S. 2235, which aims to reauthorize funding for certain Environmental Protection Agency programs.
	+ S. 2741, which aims to establish an office within the Environmental Protection Agency to oversee environmental protection efforts in the Great Lakes Basin.
	+ S. 3022, which aims to amend the Save Our Seas 2.0 Act to require the Administrator of the Environmental Protection Agency to prepare a report on reuse and refill systems.

Overall, the text appears to be a list of meetings held by Congress related to various bills and resolutions that have been introduced or passed during"
soft_decay,us,Who holds the position responsible for Rural Development?,ambiguity,8,DENSE,parentSon,1395,0,":
The text appears to be a list of individuals who have been recognized or honored by their respective congressional districts for their contributions to public service. Here's a breakdown of what each individual is being recognized for:

1. **Dipesh and Dipti Pandya** (Pennsylvania's 1st Congressional District):
	* Celebrating their 30th wedding anniversary
	* Recognized as an example of building a life rooted in respect, compassion, and shared purpose
2. **Courtney Fry** (Kansas' 3rd Congressional District):
	* Departing Capitol Hill after almost 19 years with the House of Representatives
	* Recognized for her competence, hard work, and dedication to serving members of the House Democratic Caucus
3. **Michael Zurlo** (Pennsylvania's 1st Congressional District):
	* Recognized as a lifelong resident of Saratoga County who has dedicated his career to keeping communities safe, strong, and connected
4. **Saratoga County Sheriff Michael Zurlo**:
	* Celebrating his 30th wedding anniversary with Dipesh and Dipti Pandya
5. **Lasmockie Octavia Fountain** (Georgia's 11th Congressional District):
	* Recognized for her life and legacy, which has inspired a movement to bring awareness, healing, and advocacy to families affected by domestic violence in Georgia and across the nation

Overall, these individuals are being recognized for their dedication to public service, their commitment"
soft_decay,us,what was the specific budget allocated to security in 2024?,hard_filter,8,BM25,fixed,1309,0,":
The text appears to be a statement from a member of Congress (likely Representative Jen Lopez) praising her former staff member, Walter Hearne, for his contributions to the United States Marine Corps Academy (USMMA). The statement highlights Hearne's dedication, leadership, and commitment to the academy and its students.

Here are some key points that can be extracted from the text:

1. **Walter Hearne's 25-year service**: Representative Lopez mentions that Hearne has been serving in Congress for over 25 years.
2. **Decades overdue modernization**: The statement emphasizes the need for a comprehensive modernization of USMMA, citing its age and outdated facilities as a major concern.
3. **Importance of midshipmen's training**: Hearne is highlighted for his efforts to provide state-of-the-art training spaces and facilities for midshipmen, including a separate wave pool with high dive/jump capabilities.
4. **Community support**: Lopez praises Hearne's leadership in supporting the local community, particularly during the COVID-19 pandemic when he worked closely with community leaders and organizations to address specific needs.

Overall, the statement is a tribute to Walter Hearne's dedication, hard work, and commitment to USMMA, as well as his contributions to the academy and its students."
soft_decay,us,What was the specific amount allocated to support the public sector for National Insurance costs in 2025?,hard_filter,8,BM25,fixed,977,0,":
The text appears to be a speech or address delivered by a member of Congress, likely Senator Chris R. Sheridan (D-Georgia), on July 2, 2025. The speech is a tribute to his 100th anniversary as a volunteer fire company in Macon, Georgia.

Here are the key points from the speech:

* The speaker congratulates the Quakertown West End Fire Company No. 2 on their 100-year anniversary.
* He praises the men and women of the fire company for their dedication, resilience, and valor over the years.
* The speaker notes that Willie Watkins, a former volunteer firefighter, was a close friend and mentor to him.
* He expresses his gratitude for Willie's friendship and support throughout his life.
* The speech highlights the importance of community service and volunteerism in Sheridan's life.

Overall, the speech is a heartfelt tribute to the men and women who serve as volunteers in fire departments across the country, and to the impact that their work has on their communities."
soft_decay,us,What is the current official position regarding the State of Israel?,recency,8,BM25,fixed,1137,0,":
The text appears to be a summary of a speech or hearing held by the House Judiciary Committee on December 7, 2023. The speaker is likely Representative Adam Schiff (D-CA), who chairs the committee.

Here's a breakdown of the key points mentioned in the text:

1. **Opposition to tracking and acceleration**: The speaker criticizes the proposed math framework for opposing tracking and acceleration, arguing that it promotes ""heterogeneously-grouped classrooms"" at all levels.
2. **Knee-jerk opposition to data science**: The speaker also expresses concerns about the framework's stance on data science, citing Conrad's report on an earlier draft of the math framework as evidence of its myopic view of mathematics.
3. **Classes in wokeness instead of math**: The speaker argues that the proposed framework pushes teaching methods in math class that emphasize ""radically egalitarian"" goals, such as promoting social justice and challenging traditional notions of fairness and justice.

Overall, the text suggests that Representative Schiff is critical of the proposed math framework for its perceived ideological bias and lack of rigor."
soft_decay,us,What is the current official position regarding Hamas/Gaza?,recency,8,BM25,fixed,1569,0,":
The text appears to be an article or opinion piece discussing the Israeli-Palestinian conflict, specifically the Gaza War of October 7, 2023. The author, Amir Tibon, is a noted journalist and author who has written extensively on the subject.

Here are some key points from the article:

1. **The author's perspective**: Tibon argues that the Israeli government's failure to prevent the October 7 Hamas attack was a catastrophic mistake that has far-reaching consequences for both Israelis and Palestinians.
2. **The significance of the event**: The author emphasizes that the Gaza War is not just a conflict between Israel and Hamas, but also a test of the survival and meaning of the Jewish state in the face of international pressure and internal divisions.
3. **The importance of accountability**: Tibon stresses the need for those responsible for the attack to be held accountable, including Israeli leaders like Prime Minister Netanyahu and his government.
4. **The role of Hamas**: The author portrays Hamas as a terrorist organization that has been driven by a desire for revenge against Israel, which he sees as a threat to its very existence.
5. **The impact on civilians**: Tibon highlights the human cost of the conflict, including the suffering of civilians caught in the crossfire and the displacement of families.
6. **The need for a peaceful resolution**: The author argues that a lasting peace can only be achieved through a combination of diplomatic efforts, economic development, and security cooperation between Israel and its neighbors.

Overall,"
soft_decay,us,Was the official position in the last quarter of 2023 supportive of the State of Israel?,recency,8,BM25,fixed,1602,0,":
The text appears to be a meeting transcript or a legislative hearing record, likely from the United States Congress. It includes various individuals testifying before a committee on several topics related to psychedelics and substance misuse.

Here are some key points that can be extracted from the text:

1. **Tuskegee Airmen's 83rd Anniversary**: The meeting transcript mentions the Tuskegee Airmen, a group of African American pilots who served in World War II, and their 83rd anniversary.
2. **Oxford House Model**: The transcript discusses the Oxford House model of sober-supportive living environments, which has been successful in helping people maintain sobriety.
3. **Participant Protections**: The committee is considering strategies to protect participants from potential harm when using psychedelics or other substances for therapeutic purposes.
4. **Engagement with Communities**: The meeting transcript highlights the importance of engaging with diverse communities, including indigenous peoples and vulnerable populations, in order to address their needs and concerns.
5. **Safeguarding Equitable Access**: The committee is considering ways to ensure equitable access to services, including medical supervision and interpersonally supportive therapy settings.

Some notable individuals mentioned in the transcript include:

* Myra, a retired City Manager of Anniston, Alabama
* Debra Hembree Lambert, the first female Chief Justice of the Kentucky Supreme Court
* Josh Paul, former State Department official

Overall, the meeting transcript appears to be focused on discussing various"
soft_decay,us,Was the official position in the last quarter of 2023 supportive of Hamas/Gaza?,recency,8,BM25,fixed,1143,0,":
The text appears to be a news article or a press release from November 2023. It mentions several individuals, including:

1. Sara J. Smolenski, a judge in Kent County, Michigan.
2. Amir Tibon, an Israeli author and journalist.
3. Noam Tibon, Amir's father, a retired Israeli general.

The article also mentions the USS Abraham Lincoln aircraft carrier and the USS Harry Truman aircraft carrier, which are both part of the US Navy's fleet. It also references the Virginia Israel Advisory Board (VIAB), which is an agency established by the state of Virginia to promote economic, cultural, and educational ties with Israel.

Some specific topics mentioned in the article include:

* The Gaza War and its impact on the Jewish state.
* The book ""The Gates of Gaza"" by Amir Tibon, which offers a personal account of his experiences during the war.
* The Israeli-Palestinian conflict and the role of Hamas and other groups involved.
* The importance of saving hostages in times of crisis.

Overall, the article appears to be a news report or a press release that highlights various events and individuals related to the Gaza War and its aftermath."
soft_decay,us,Has the official position in the last quarter of 2023 changed relative to the official position in the last quarter of 2025?,recency,8,BM25,fixed,543,0,":
The text appears to be a tribute or obituary for several individuals, including:

1. Carol Hallman Wood (Lansing, Michigan) - a public servant and community leader who served on the Lansing City Council.
2. Victor J. Labat (New Orleans, Louisiana) - a veteran and leader in preserving New Orleans' historic neighborhoods.

The text also mentions several others, including family members of these individuals, but they are not named.

It's worth noting that there may be additional individuals mentioned in the text who are not included here."
soft_decay,us,What is the latest official position regarding legislation on the protection of veterans?,recency,8,BM25,fixed,1442,0,":
This appears to be a list of proposed or pending legislation in the United States Congress for fiscal year 2026. The titles of the bills are:

1. **S. 879**: To extend and modify the transportation grant program of the Department of Veterans Affairs.
2. **S. 1318**: To direct the American Battle Monuments Commission to establish a program to identify American-Jewish servicemembers buried in United States military cemeteries overseas under markers that incorrectly represent their religion and heritage.
3. **S. 1383**: To direct the Secretary of Defense and the Secretary of Veterans Affairs to take certain steps regarding research related to menopause, perimenopause, or mid-life women's health.
4. **S. 1441**: To require the Secretary of Veterans Affairs to award grants to nonprofit entities to assist such entities in carrying out programs to provide service dogs to eligible veterans.
5. **S. 1533**: To amend title 38, United States Code, to make permanent and codify the pilot program for use of contract physicians for disability examinations.
6. **S. 1543**: To amend title 38, United States Code, to establish in the Department of Veterans Affairs the Veterans Economic Opportunity and Transition Administration.
7. **S. 1591**: To amend title 38, United States Code, to reorganize the acquisition structure of the Department of Veterans Affairs and to establish the Director of Cost Assessment and Program Evaluation in the"
soft_decay,us,how did the prime minister/president's rhetoric regarding the war between israel and hamas/gaza change between his first and last speech?,evolution,8,BM25,fixed,1588,0,":
The article appears to be a collection of news articles from various sources, including The New York Times, The Washington Post, and other outlets. It discusses the Israeli-Palestinian conflict, specifically the October 7, 2023, Hamas attack on Israel.

Here are some key points from the article:

* The author, Raja Shehadeh, is a Palestinian human rights lawyer and writer who has written extensively on the Israeli-Palestinian conflict.
* Shehadeh argues that the British government's decision to grant a Jewish homeland in Palestine in 1917 was a betrayal of the Arab people and contributed to the creation of Israel as we know it today.
* He claims that the Israeli government's actions, including its military pressure on Palestinians and its treatment of Palestinian refugees, are driven by a desire to maintain control over the land and suppress Palestinian nationalism.
* Shehadeh also criticizes the US for not providing sufficient support to Israel, particularly in terms of military aid and sanctions against Iran.
* The article mentions several bills passed by Congress in 2024 that support Israel, including measures to provide emergency funding for Israel's defense efforts and to strengthen US sanctions against Iran.

Overall, the article suggests that there is a growing divide within the US government over its relationship with Israel, with some lawmakers opposing increased military aid and others supporting it. Shehadeh argues that this division reflects a broader conflict between Israeli and Palestinian interests, and that the US must take a stronger stance in"
soft_decay,us,How has the approach to the restoration and maintenance of local and community infrastructure changed between late 2023 and late 2024?,evolution,8,BM25,fixed,1188,0,":
The text appears to be a list of individuals who have been recognized for their contributions and achievements in various fields, including education, environmental conservation, and veterans' support.

Here are some specific details about each individual:

1. **Verla Thomas**: Recognized for her efforts to restore the Santa Rosa Creek and surrounding areas.
2. **Joshua Banales**: Elected as Arvada Wheat Ridge Service Ambassadors for Youth Award winner.
3. **Karlie Candelaria**: Elected as Arvada Wheat Ridge Service Ambassadors for Youth Award winner.
4. **Noah Trask**: Elected as Arvada Wheat Ridge Service Ambassadors for Youth Award winner.

Additionally, the text mentions several individuals who have been recognized for their contributions to veterans' support and education:

1. **Alex Ramos**: Recognized for his efforts to place flags on headstones at the Holy Hope Cemetery.
2. **Dr. Chris Petras**: Elected as Arvada Wheat Ridge Service Ambassadors for Youth Award winner, after researching Company F Grand Haven WWI soldiers.

Overall, the text highlights the importance of recognizing and supporting individuals who are making a positive impact in their communities."
soft_decay,us,who is the minister of defense/secretary of defense?,ambiguity,8,BM25,fixed,1480,0,":
The text appears to be a transcript of a Congressional hearing or meeting, likely related to the National Defense Authorization Act (NDAA) for Fiscal Year 2025. The hearing is focused on various topics, including:

1. Cybersecurity: The hearing discusses proposed changes to the Department of Defense's cybersecurity policies and procedures.
2. Foreign Service Voluntary Early Retirement Authority Act of 2025: This bill would allow members of the Foreign Service to use a voluntary early retirement authority (VERA) when an agency is undergoing a reduction in force (RIF) or other restructuring, which is not currently available to them.
3. Bridge Corrosion Prevention and Repair Act of 2025: This bill proposes to establish a program to prevent and repair corrosion in critical infrastructure, such as military bases and government buildings.

Some specific quotes from the hearing include:

* ""I strongly oppose the Trump administration's efforts to fire federal employees and to dismantle the federal government...""
* ""This bill would mitigate the harm where we can, which this bill would do.""
* ""Kiya has honorably served the United States in both military and civilian service. Kiya started his career in public service as an Army noncommissioned officer...""

Overall, the hearing appears to be focused on promoting cybersecurity, foreign policy, and infrastructure protection, with a particular emphasis on protecting critical government facilities from corrosion damage."
soft_decay,us,Who holds the position responsible for Rural Development?,ambiguity,8,BM25,fixed,1082,0,":
The text appears to be a list of individuals being honored or recognized for their contributions and achievements. Here are some key points:

1. **Honors for Individuals:**
	* Cinthya Cisneros, founder of La Cheve Bakery and Brews, receives the American Dream Award.
	* Edgar Ontiveros, President and Program Manager at Savannah River Mission Completion (SRMC), celebrates 60 years of service.
	* Mrs. Monzola Randle Ross, a pioneer in early childhood education, is recognized for her devotion to the community and legacy of compassion, excellence, and service.
2. **Honors for Organizations:**
	* The Aquarium of Niagara celebrates its 60th anniversary.
3. **Notable Individuals Mentioned:**
	* Donald R. Dwight, a Marine and newspaper executive, who passed away in 2025.
	* Dr. Dave Olson, President and Program Manager at Savannah River Mission Completion (SRMC), who has dedicated over 40 years to the organization.

Overall, the text highlights the contributions of individuals and organizations that have made significant impacts on their respective communities and regions."
soft_decay,us,what was the specific budget allocated to security in 2024?,hard_filter,8,BM25,parentSon,1482,0,":
The text appears to be a list of upcoming meetings and hearings related to various government agencies and committees in the United States. Here's a breakdown of what each meeting or hearing is about:

1. **Committee on Small Business and Entrepreneurship**: Meeting on May 22, 2024, to consider several bills, including S. 3772, which would require the Director of the Office of Personnel Management to take certain actions with respect to small business concerns.
2. **Committee on Energy and Natural Resources**: Meetings on May 8-9, 2024, to examine various issues related to energy policy, including the President's proposed budget request for fiscal year 2025 for the Forest Service.
3. **Committee on Appropriations Subcommittee on State, Foreign Operations, and Related Programs**: Meeting on May 21, 2024, to examine strengthening American competitiveness, focusing on the roles of the U.S. International Development Finance Corporation, Export-Import Bank, and Millennium Challenge Corporation.
4. **Committee on Appropriations Subcommittee on Defense**: Meetings on May 22, 2024, to examine select Department of Defense acquisition programs.
5. **Committee on Appropriations Subcommittee on Energy and Water Development**: Meeting on May 8, 2024, to examine proposed budget estimates and justification for fiscal year 2025 for the Army Corps of Engineers and the Bureau of Reclamation.
6. **Committee on Appropriations Subcommittee on Interior, Environment, and Related"
soft_decay,us,What was the specific amount allocated to support the public sector for National Insurance costs in 2025?,hard_filter,8,BM25,parentSon,1313,0,":
The text appears to be a list of meetings held by the United States Congress, specifically on May 18 and 15, 2024. The meetings were related to various bills and proposals, including:

1. The Promoting Healthier Lifelong Improvements in Food and Exercise Act of 2024 (H.R. 1234), which aims to combat overweight and obesity.
2. A bill to establish a national program to combat overweight and obesity, known as the LIFE Act.

The text also mentions several specific bills and proposals, including:

* H.R. 1234: The Promoting Healthier Lifelong Improvements in Food and Exercise Act of 2024
* S. 2620: A bill to establish the Chesapeake National Recreation Area as a unit of the National Park System
* S. 2742: A bill to designate the Fort Ontario National Monument in New York as a unit of the National Park System
* S. 2784: A bill to amend the Dayton Aviation Heritage Preservation Act of 1992 to adjust the boundary of the Dayton Aviation Heritage National Historical Park

Additionally, there are mentions of specific individuals, including:

* Tom Nixon, who donated land for the construction of a school building and was involved in the development of Doss School.
* Christina ""Elise"" Wobbe, a talented individual who touched the lives of many through her passion for the performing arts and her kindness."
soft_decay,us,What is the current official position regarding the State of Israel?,recency,8,BM25,parentSon,1065,0,":
The text appears to be a speech by a member of Congress, likely a Republican, in response to various events and announcements. Here's a breakdown of the key points:

1. **Israeli-Palestinian conflict**: The speaker mentions the ongoing conflict between Israel and Palestine, with Hamas being mentioned as a terrorist organization.
2. **Jefferson High School anniversary**: The speaker congratulates Jefferson High School on its 75th anniversary and recognizes students and alumni for their achievements.
3. **Officer Jeffrey Peirce's bravery**: The speaker praises Officer Jeffrey Peirce of the Newfields Police Department for his recent act of bravery, which earned him a Life Saving Award.
4. **Support for Israel**: The speaker reaffirms Israel's right to exist and expresses support for Israel in response to various events, including the release of hostages taken by Hamas.

Overall, the speech appears to be a mix of politics, education, and community recognition, with a focus on supporting Israel and promoting positive values such as bravery and empathy."
soft_decay,us,What is the current official position regarding Hamas/Gaza?,recency,8,BM25,parentSon,1439,0,":
The text appears to be a list of scheduled meetings and bills that have been referred to various committees in the United States Congress. Here is a breakdown of what each item on the list represents:

1. **Committee on Veterans' Affairs**: Meeting to consider nominations for positions related to veterans' affairs.
2. **Committee on Foreign Relations**: Business meeting to consider two bills:
	* S. 2960: To develop economic tools to deter aggression by the People's Republic of China against Taiwan.
	* S. 2130: To make improvements to the AUKUS partnership.
3. **Committee on Banking, Housing, and Urban Affairs**: Subcommittee on Housing, Transportation, and Community Development:
	* Hearing to examine innovation in U.S. housing, focusing on solutions and policies for America's future.
4. **Committee on Commerce, Science, and Transportation**: Business meeting to consider S. 1070: To establish a National STEM Week to promote American innovation and enhance STEM education pathways for all students.
5. **Committee on Commerce, Science, and Technology**: Meeting to consider S. 2126: To reauthorize the Integrated Coastal and Ocean Observation System Act of 2009.
6. **Committee on Commerce, Science, and Transportation**: Business meeting to consider S. 2245: To amend the Digital Coast Act to improve the acquisition, integration, and accessibility of data of the Digital Coast program and to extend the program.
7. **Commit"
soft_decay,us,Was the official position in the last quarter of 2023 supportive of the State of Israel?,recency,8,BM25,parentSon,876,0,":
The text appears to be a speech delivered by Representative Cheri Bustos (D-MI) to Congress on November 15, 2023, in celebration of Dr. Dieter Martin Gruen's 101st birthday. The speech highlights Dr. Gruen's contributions to science and his dedication to fighting climate change.

The text also mentions several other individuals who have made significant contributions to their respective fields, including:

* Carol Hallman Wood (Lansing City Council member)
* Ruth Hallman (Dr. Gruen's mother)
* Representative Bill Foster
* Representative French Hill
* Representative Jerry McNerney
* Representative Cheri Bustos

The speech also mentions the importance of community and neighborhood issues, as well as the need for effective governance and leadership.

Overall, the text is a tribute to Dr. Gruen's legacy and his impact on the community he served in Lansing, Michigan."
soft_decay,us,Was the official position in the last quarter of 2023 supportive of Hamas/Gaza?,recency,8,BM25,parentSon,1289,0,":
The text appears to be a speech delivered by a member of Congress (Mr. RASKIN) in response to a tribute to two individuals: John ""Paul"" Molloy, an extraordinary Marylander, and Stephen Burdick ""Steve"" Hand, a dedicated public servant from New Orleans.

Here are some key points that can be extracted from the text:

**John ""Paul"" Molloy**

* A former Capitol Hill staffer who helped craft and pass landmark laws
* Had a storied career in both the House and Senate
* Was committed to bipartisanship and celebrated bipartisan achievements
* Found himself living on the streets in 1975, divorced an unnamed woman

**Stephen Burdick ""Steve"" Hand**

* Born in Bronxville, New York, to Faith Seiple Hand and Edward Sayer Hand, Sr.
* Grew up in Scarsdale, New York, and was deeply committed to preserving and restoring New Orleans
* Served as a leader in the initiative to preserve and restore New Orleans through his work at the Vieux Carre Commission and the French Market Corp
* Was drafted into the U.S. Army in 1963 and served one tour of duty in Vietnam
* Graduated from Bowdoin College with a bachelor's degree in economics, and later earned a master's degree in Landscape Architecture

The speech also mentions Deidre Dumas, Molloy's sister-in-law, Constance ""Connie"" Ray Labat, Dorothy"
soft_decay,us,Has the official position in the last quarter of 2023 changed relative to the official position in the last quarter of 2025?,recency,8,BM25,parentSon,1145,0,":
The text appears to be a list of individuals who have been recognized or awarded for their contributions to society. Here's a breakdown of the individuals mentioned:

1. Charles Crutchfield III - A renowned Minnesota doctor who was taken from us much too soon due to non-Hodgkin's lymphoma.
2. GySgt Brad DeHaven - A veteran who has served in the United States Air Force and is now serving as Director of Safety and Security for the Denison Independent School District in Texas.
3. Johann Schrap - A Vietnam War veteran who has run a successful small business specializing in home repairs, painting, and remodeling.

These individuals have been recognized or awarded for their contributions to society through various honors, including:

* Congressional Veteran Commendations
* Awards from organizations such as the Minnesota Association of Black Physicians and the Texas Association of School Boards

The text also mentions that Charles Crutchfield III's work has continued after his passing, with him writing regular articles for the Minnesota Spokesman-Recorder and mentoring students of color to help them gain admission to medical school."
soft_decay,us,What is the latest official position regarding legislation on the protection of veterans?,recency,8,BM25,parentSon,1577,0,":
The text appears to be a list of meetings and hearings scheduled for the United States Congress. It includes various committees, such as the Committee on Armed Services, the Committee on Homeland Security and Governmental Affairs, and others, which are responsible for reviewing and discussing specific issues related to national defense, homeland security, veterans' affairs, and other topics.

The text also mentions several bills that have been introduced or proposed in Congress, including:

* S. 506: A bill to improve the provision of care and services under the Veterans Community Care Program of the Department of Veterans Affairs.
* S. 607: A bill to require the Secretary of Veterans Affairs to establish an integrated project team to improve the process for scheduling appointments for health care from the Department of Veterans Affairs.
* S. 610: A bill to expand the VetSuccess on Campus program of the Department of Veterans Affairs.

Some specific bills mentioned in the text include:

* H.R. 275: A bill to improve the provision of care and services under the Veterans Community Care Program of the Department of Veterans Affairs.
* H.R. 607: A bill to require the Secretary of Veterans Affairs to establish an integrated project team to improve the process for scheduling appointments for health care from the Department of Veterans Affairs.
* S. 506: A bill to amend title 38, United States Code, to direct the Secretary of Veterans Affairs to recognize nurse registries for purposes of the Veterans Community Care Program.

Overall, the text appears to be"
soft_decay,us,how did the prime minister/president's rhetoric regarding the war between israel and hamas/gaza change between his first and last speech?,evolution,8,BM25,parentSon,1546,0,":
The text appears to be a speech or statement from a member of Congress, likely a Republican, on the occasion of the 100th anniversary of the Harlem Globetrotters. The speaker is honoring the organization's centennial year and expressing their appreciation for its contributions to American culture.

Here are some key points that can be extracted from the text:

1. The speaker acknowledges the importance of the Harlem Globetrotters in American sports history, particularly in promoting goodwill and entertainment.
2. They express gratitude to Abe Saperstein, the founder of the Globetrotters, for his role in creating a global phenomenon.
3. The speaker notes that the organization's impact extends beyond basketball, serving as ambassadors of goodwill for the United States.
4. They highlight the importance of addressing overweight and obesity, citing statistics on their prevalence among Americans.
5. The speaker introduces a new bill, the Promoting Healthier Lifelong Improvements in Food and Exercise Act of 2024, which aims to combat these health issues through education and exercise programs.

Some notable quotes from the text include:

* ""Palestine's greatest prose writer"" - Raja Shehadeh
* ""in his moral clarity and bearing of the heart is self-questioning and assistance on focusing on the experience of the individual within the storms of nationalist myth and hubris""
* ""the key to reducing or eliminating many of the most serious health conditions is not only to reduce overweight and obesity but also to encourage exercise of"
soft_decay,us,How has the approach to the restoration and maintenance of local and community infrastructure changed between late 2023 and late 2024?,evolution,8,BM25,parentSon,1360,0,":
The text appears to be a list of individuals who have been recognized or honored for their contributions, achievements, or service to their community. Here's a breakdown of the individuals mentioned:

1. Bishop Earl Jerome Wright Jr., PhD - Recognized as Ohio 13's Champion of the Week.
2. Lorna Kearney - Honored as Ohio 13's Champion of the Week.
3. Sterling Arnwine - Recognized for his family's legacy and commitment to creating a more equal and just nation.
4. ITA International LLC - Recognized for their transition of Small Business Innovative Research (SBIR) developed technology to government and commercial use, which has provided ""technology enabled professional services"" to customers.

The individuals mentioned are all recognized for their contributions to their community, including:

* Bishop Earl Jerome Wright Jr., PhD: environmental care, public service
* Lorna Kearney: volunteer work at the Prince Memorial Greenway, advocacy for the Greenway's role in connecting downtown residents and businesses
* Sterling Arnwine: perseverance, activism, commitment to creating a more equal and just nation
* ITA International LLC: innovation, commercial off-the-shelf products, SBIR development, technology enabled professional services

The individuals mentioned are also recognized for their dedication to public service and community involvement."
soft_decay,us,who is the minister of defense/secretary of defense?,ambiguity,8,BM25,parentSon,613,0,":
The text appears to be a tribute or eulogy for several individuals, including:

1. Christina L. Richards (Executive Director of the Office of the Inspector General of the United States Strategic Command)
2. John Bernard Owens (a grandfather and community member who was known as ""Gadget"")
3. Matthew Bower (a retired Federal staff member)

However, I couldn't find any information on the individuals' backgrounds or achievements that would have made them notable figures in their respective fields.

If you could provide more context or clarify which individuals are being honored, I'd be happy to help further!"
soft_decay,us,Who holds the position responsible for Rural Development?,ambiguity,8,BM25,parentSon,1309,0,":
The text appears to be a list of resolutions or actions related to the United States Merchant Marine Academy (USMMA), which is a federal service academy that trains officers for the U.S. Navy and other maritime services.

Here are some key points from the text:

1. The USMMA has fallen behind other federal service academies in terms of facilities, with the campus needing modernization to meet its long-term objectives.
2. A master plan is being developed to address these issues, which will include new facilities such as a maritime center for research and innovation, industry leadership conferences, and secure campuses.
3. The plan also includes measures to attract a diverse pool of applicants, provide continuing education and industry engagement opportunities, and maintain a safe and secure environment on campus.
4. The USMMA has a rich history, dating back to 1847 when it was established as the United States Naval Academy.
5. The academy's mission is to educate officers who will serve in the U.S. Navy and other maritime services, with a focus on preparing them for leadership roles in the maritime industry.

Overall, the text suggests that the USMMA is taking steps to address its facilities needs and improve its operations, while also maintaining its commitment to education and training."
