approach,corpus,query,type,k,method,chunking,source_file,score,year
hard_filter,uk,what was the specific budget allocated to security in 2024?,hard_filter,3,DENSE,fixed,exe3/clean-text/UK/debates2024-04-24.txt (exe3/chunked-text/UK/chunk_3216.txt),0.856,2024
hard_filter,uk,what was the specific budget allocated to security in 2024?,hard_filter,3,DENSE,fixed,exe3/clean-text/UK/debates2024-03-11.txt (exe3/chunked-text/UK/chunk_2678.txt),0.8557,2024
hard_filter,uk,what was the specific budget allocated to security in 2024?,hard_filter,3,DENSE,fixed,exe3/clean-text/UK/debates2024-10-30.txt (exe3/chunked-text/UK/chunk_4683.txt),0.8557,2024
hard_filter,uk,What was the specific amount allocated to support the public sector for National Insurance costs in 2025?,hard_filter,3,DENSE,fixed,exe3/clean-text/UK/debates2025-01-27.txt (exe3/chunked-text/UK/chunk_5924.txt),0.8545,2025
hard_filter,uk,What was the specific amount allocated to support the public sector for National Insurance costs in 2025?,hard_filter,3,DENSE,fixed,exe3/clean-text/UK/debates2025-03-19.txt (exe3/chunked-text/UK/chunk_6722.txt),0.8524,2025
hard_filter,uk,What was the specific amount allocated to support the public sector for National Insurance costs in 2025?,hard_filter,3,DENSE,fixed,exe3/clean-text/UK/debates2025-03-04.txt (exe3/chunked-text/UK/chunk_6393.txt),0.8507,2025
hard_filter,uk,What is the current official position regarding the State of Israel?,recency,3,DENSE,fixed,exe3/clean-text/UK/debates2025-03-20.txt (exe3/chunked-text/UK/chunk_6728.txt),0.8429,2025
hard_filter,uk,What is the current official position regarding the State of Israel?,recency,3,DENSE,fixed,exe3/clean-text/UK/debates2025-05-13.txt (exe3/chunked-text/UK/chunk_7441.txt),0.8359,2025
hard_filter,uk,What is the current official position regarding the State of Israel?,recency,3,DENSE,fixed,exe3/clean-text/UK/debates2025-03-04.txt (exe3/chunked-text/UK/chunk_6408.txt),0.8358,2025
hard_filter,uk,What is the current official position regarding Hamas/Gaza?,recency,3,DENSE,fixed,exe3/clean-text/UK/debates2025-03-04.txt (exe3/chunked-text/UK/chunk_6408.txt),0.8762,2025
hard_filter,uk,What is the current official position regarding Hamas/Gaza?,recency,3,DENSE,fixed,exe3/clean-text/UK/debates2025-10-29.txt (exe3/chunked-text/UK/chunk_9174.txt),0.8754,2025
hard_filter,uk,What is the current official position regarding Hamas/Gaza?,recency,3,DENSE,fixed,exe3/clean-text/UK/debates2025-01-07.txt (exe3/chunked-text/UK/chunk_5570.txt),0.8753,2025
hard_filter,uk,Was the official position in the last quarter of 2023 supportive of the State of Israel?,recency,3,DENSE,fixed,exe3/clean-text/UK/debates2023-07-04.txt (exe3/chunked-text/UK/chunk_106.txt),0.8431,2023
hard_filter,uk,Was the official position in the last quarter of 2023 supportive of the State of Israel?,recency,3,DENSE,fixed,exe3/clean-text/UK/debates2023-11-14.txt (exe3/chunked-text/UK/chunk_1061.txt),0.8415,2023
hard_filter,uk,Was the official position in the last quarter of 2023 supportive of the State of Israel?,recency,3,DENSE,fixed,exe3/clean-text/UK/debates2023-07-18.txt (exe3/chunked-text/UK/chunk_313.txt),0.8415,2023
hard_filter,uk,Was the official position in the last quarter of 2023 supportive of Hamas/Gaza?,recency,3,DENSE,fixed,exe3/clean-text/UK/debates2023-10-16.txt (exe3/chunked-text/UK/chunk_699.txt),0.8693,2023
hard_filter,uk,Was the official position in the last quarter of 2023 supportive of Hamas/Gaza?,recency,3,DENSE,fixed,exe3/clean-text/UK/debates2023-11-14.txt (exe3/chunked-text/UK/chunk_1061.txt),0.8647,2023
hard_filter,uk,Was the official position in the last quarter of 2023 supportive of Hamas/Gaza?,recency,3,DENSE,fixed,exe3/clean-text/UK/debates2023-10-26.txt (exe3/chunked-text/UK/chunk_916.txt),0.8634,2023
hard_filter,uk,Has the official position in the last quarter of 2023 changed relative to the official position in the last quarter of 2025?,recency,3,DENSE,fixed,exe3/clean-text/UK/debates2023-10-17.txt (exe3/chunked-text/UK/chunk_717.txt),0.8599,2023
hard_filter,uk,Has the official position in the last quarter of 2023 changed relative to the official position in the last quarter of 2025?,recency,3,DENSE,fixed,exe3/clean-text/UK/debates2023-10-19.txt (exe3/chunked-text/UK/chunk_773.txt),0.8596,2023
hard_filter,uk,Has the official position in the last quarter of 2023 changed relative to the official position in the last quarter of 2025?,recency,3,DENSE,fixed,exe3/clean-text/UK/debates2023-11-23.txt (exe3/chunked-text/UK/chunk_1212.txt),0.8586,2023
hard_filter,uk,What is the latest official position regarding legislation on the protection of veterans?,recency,3,DENSE,fixed,exe3/clean-text/UK/debates2025-10-15.txt (exe3/chunked-text/UK/chunk_8936.txt),0.8661,2025
hard_filter,uk,What is the latest official position regarding legislation on the protection of veterans?,recency,3,DENSE,fixed,exe3/clean-text/UK/debates2025-10-15.txt (exe3/chunked-text/UK/chunk_8939.txt),0.866,2025
hard_filter,uk,What is the latest official position regarding legislation on the protection of veterans?,recency,3,DENSE,fixed,exe3/clean-text/UK/debates2025-06-30.txt (exe3/chunked-text/UK/chunk_8159.txt),0.8658,2025
hard_filter,uk,how did the prime minister/president's rhetoric regarding the war between israel and hamas/gaza change between his first and last speech?,evolution,3,DENSE,fixed,exe3/clean-text/UK/debates2023-10-16.txt (exe3/chunked-text/UK/chunk_695.txt),0.9044,2023
hard_filter,uk,how did the prime minister/president's rhetoric regarding the war between israel and hamas/gaza change between his first and last speech?,evolution,3,DENSE,fixed,exe3/clean-text/UK/debates2024-04-15.txt (exe3/chunked-text/UK/chunk_3019.txt),0.8997,2024
hard_filter,uk,how did the prime minister/president's rhetoric regarding the war between israel and hamas/gaza change between his first and last speech?,evolution,3,DENSE,fixed,exe3/clean-text/UK/debates2024-01-15.txt (exe3/chunked-text/UK/chunk_1756.txt),0.8987,2024
hard_filter,uk,How has the approach to the restoration and maintenance of local and community infrastructure changed between late 2023 and late 2024?,evolution,3,DENSE,fixed,exe3/clean-text/UK/debates2023-11-09.txt (exe3/chunked-text/UK/chunk_981.txt),0.8652,2023
hard_filter,uk,How has the approach to the restoration and maintenance of local and community infrastructure changed between late 2023 and late 2024?,evolution,3,DENSE,fixed,exe3/clean-text/UK/debates2023-11-09.txt (exe3/chunked-text/UK/chunk_980.txt),0.8613,2023
hard_filter,uk,How has the approach to the restoration and maintenance of local and community infrastructure changed between late 2023 and late 2024?,evolution,3,DENSE,fixed,exe3/clean-text/UK/debates2023-10-26.txt (exe3/chunked-text/UK/chunk_895.txt),0.8562,2023
hard_filter,uk,who is the minister of defense/secretary of defense?,ambiguity,3,DENSE,fixed,exe3/clean-text/UK/debates2024-04-24.txt (exe3/chunked-text/UK/chunk_3217.txt),0.8776,2024
hard_filter,uk,who is the minister of defense/secretary of defense?,ambiguity,3,DENSE,fixed,exe3/clean-text/UK/debates2025-01-06.txt (exe3/chunked-text/UK/chunk_5538.txt),0.8694,2025
hard_filter,uk,who is the minister of defense/secretary of defense?,ambiguity,3,DENSE,fixed,exe3/clean-text/UK/debates2023-12-18.txt (exe3/chunked-text/UK/chunk_1591.txt),0.8677,2023
hard_filter,uk,Who holds the position responsible for Rural Development?,ambiguity,3,DENSE,fixed,exe3/clean-text/UK/debates2024-12-19.txt (exe3/chunked-text/UK/chunk_5496.txt),0.8196,2024
hard_filter,uk,Who holds the position responsible for Rural Development?,ambiguity,3,DENSE,fixed,exe3/clean-text/UK/debates2025-01-16.txt (exe3/chunked-text/UK/chunk_5725.txt),0.8124,2025
hard_filter,uk,Who holds the position responsible for Rural Development?,ambiguity,3,DENSE,fixed,exe3/clean-text/UK/debates2023-10-19.txt (exe3/chunked-text/UK/chunk_764.txt),0.8119,2023
hard_filter,uk,what was the specific budget allocated to security in 2024?,hard_filter,3,DENSE,parentSon,exe3/clean-text/UK/debates2024-10-23.txt (exe3/parent-child-chunked-text/UK/children/child_chunk_10740.txt),0.8562,2024
hard_filter,uk,what was the specific budget allocated to security in 2024?,hard_filter,3,DENSE,parentSon,exe3/clean-text/UK/debates2024-03-11.txt (exe3/parent-child-chunked-text/UK/children/child_chunk_6320.txt),0.8553,2024
hard_filter,uk,what was the specific budget allocated to security in 2024?,hard_filter,3,DENSE,parentSon,exe3/clean-text/UK/debates2024-05-07.txt (exe3/parent-child-chunked-text/UK/children/child_chunk_7982.txt),0.8516,2024
hard_filter,uk,What was the specific amount allocated to support the public sector for National Insurance costs in 2025?,hard_filter,3,DENSE,parentSon,exe3/clean-text/UK/debates2025-04-02.txt (exe3/parent-child-chunked-text/UK/children/child_chunk_16422.txt),0.8541,2025
hard_filter,uk,What was the specific amount allocated to support the public sector for National Insurance costs in 2025?,hard_filter,3,DENSE,parentSon,exe3/clean-text/UK/debates2025-03-19.txt (exe3/parent-child-chunked-text/UK/children/child_chunk_15863.txt),0.8529,2025
hard_filter,uk,What was the specific amount allocated to support the public sector for National Insurance costs in 2025?,hard_filter,3,DENSE,parentSon,exe3/clean-text/UK/debates2025-01-27.txt (exe3/parent-child-chunked-text/UK/children/child_chunk_13969.txt),0.852,2025
hard_filter,uk,What is the current official position regarding the State of Israel?,recency,3,DENSE,parentSon,exe3/clean-text/UK/debates2025-03-20.txt (exe3/parent-child-chunked-text/UK/children/child_chunk_15875.txt),0.8373,2025
hard_filter,uk,What is the current official position regarding the State of Israel?,recency,3,DENSE,parentSon,exe3/clean-text/UK/debates2025-03-20.txt (exe3/parent-child-chunked-text/UK/children/child_chunk_15876.txt),0.8366,2025
hard_filter,uk,What is the current official position regarding the State of Israel?,recency,3,DENSE,parentSon,exe3/clean-text/UK/debates2025-06-24.txt (exe3/parent-child-chunked-text/UK/children/child_chunk_19060.txt),0.8338,2025
hard_filter,uk,What is the current official position regarding Hamas/Gaza?,recency,3,DENSE,parentSon,exe3/clean-text/UK/debates2025-10-29.txt (exe3/parent-child-chunked-text/UK/children/child_chunk_21667.txt),0.8699,2025
hard_filter,uk,What is the current official position regarding Hamas/Gaza?,recency,3,DENSE,parentSon,exe3/clean-text/UK/debates2025-02-27.txt (exe3/parent-child-chunked-text/UK/children/child_chunk_14978.txt),0.8676,2025
hard_filter,uk,What is the current official position regarding Hamas/Gaza?,recency,3,DENSE,parentSon,exe3/clean-text/UK/debates2025-02-25.txt (exe3/parent-child-chunked-text/UK/children/child_chunk_14809.txt),0.8673,2025
hard_filter,uk,Was the official position in the last quarter of 2023 supportive of the State of Israel?,recency,3,DENSE,parentSon,exe3/clean-text/UK/debates2023-10-17.txt (exe3/parent-child-chunked-text/UK/children/child_chunk_1714.txt),0.8446,2023
hard_filter,uk,Was the official position in the last quarter of 2023 supportive of the State of Israel?,recency,3,DENSE,parentSon,exe3/clean-text/UK/debates2023-07-04.txt (exe3/parent-child-chunked-text/UK/children/child_chunk_256.txt),0.8375,2023
hard_filter,uk,Was the official position in the last quarter of 2023 supportive of the State of Israel?,recency,3,DENSE,parentSon,exe3/clean-text/UK/debates2023-12-04.txt (exe3/parent-child-chunked-text/UK/children/child_chunk_3215.txt),0.8371,2023
hard_filter,uk,Was the official position in the last quarter of 2023 supportive of Hamas/Gaza?,recency,3,DENSE,parentSon,exe3/clean-text/UK/debates2023-10-16.txt (exe3/parent-child-chunked-text/UK/children/child_chunk_1651.txt),0.8507,2023
hard_filter,uk,Was the official position in the last quarter of 2023 supportive of Hamas/Gaza?,recency,3,DENSE,parentSon,exe3/clean-text/UK/debates2023-11-27.txt (exe3/parent-child-chunked-text/UK/children/child_chunk_2961.txt),0.8494,2023
hard_filter,uk,Was the official position in the last quarter of 2023 supportive of Hamas/Gaza?,recency,3,DENSE,parentSon,exe3/clean-text/UK/debates2023-12-11.txt (exe3/parent-child-chunked-text/UK/children/child_chunk_3487.txt),0.8487,2023
hard_filter,uk,Has the official position in the last quarter of 2023 changed relative to the official position in the last quarter of 2025?,recency,3,DENSE,parentSon,exe3/clean-text/UK/debates2023-10-17.txt (exe3/parent-child-chunked-text/UK/children/child_chunk_1714.txt),0.8661,2023
hard_filter,uk,Has the official position in the last quarter of 2023 changed relative to the official position in the last quarter of 2025?,recency,3,DENSE,parentSon,exe3/clean-text/UK/debates2023-10-17.txt (exe3/parent-child-chunked-text/UK/children/child_chunk_1692.txt),0.8656,2023
hard_filter,uk,Has the official position in the last quarter of 2023 changed relative to the official position in the last quarter of 2025?,recency,3,DENSE,parentSon,exe3/clean-text/UK/debates2023-10-26.txt (exe3/parent-child-chunked-text/UK/children/child_chunk_2113.txt),0.8474,2023
hard_filter,uk,What is the latest official position regarding legislation on the protection of veterans?,recency,3,DENSE,parentSon,exe3/clean-text/UK/debates2025-10-15.txt (exe3/parent-child-chunked-text/UK/children/child_chunk_21109.txt),0.868,2025
hard_filter,uk,What is the latest official position regarding legislation on the protection of veterans?,recency,3,DENSE,parentSon,exe3/clean-text/UK/debates2025-06-30.txt (exe3/parent-child-chunked-text/UK/children/child_chunk_19269.txt),0.8599,2025
hard_filter,uk,What is the latest official position regarding legislation on the protection of veterans?,recency,3,DENSE,parentSon,exe3/clean-text/UK/debates2024-01-09.txt (exe3/parent-child-chunked-text/UK/children/child_chunk_3902.txt),0.8577,2024
hard_filter,uk,how did the prime minister/president's rhetoric regarding the war between israel and hamas/gaza change between his first and last speech?,evolution,3,DENSE,parentSon,exe3/clean-text/UK/debates2023-10-18.txt (exe3/parent-child-chunked-text/UK/children/child_chunk_1743.txt),0.8932,2023
hard_filter,uk,how did the prime minister/president's rhetoric regarding the war between israel and hamas/gaza change between his first and last speech?,evolution,3,DENSE,parentSon,exe3/clean-text/UK/debates2024-04-15.txt (exe3/parent-child-chunked-text/UK/children/child_chunk_7111.txt),0.8906,2024
hard_filter,uk,how did the prime minister/president's rhetoric regarding the war between israel and hamas/gaza change between his first and last speech?,evolution,3,DENSE,parentSon,exe3/clean-text/UK/debates2024-04-15.txt (exe3/parent-child-chunked-text/UK/children/child_chunk_7109.txt),0.8899,2024
hard_filter,uk,How has the approach to the restoration and maintenance of local and community infrastructure changed between late 2023 and late 2024?,evolution,3,DENSE,parentSon,exe3/clean-text/UK/debates2023-11-09.txt (exe3/parent-child-chunked-text/UK/children/child_chunk_2318.txt),0.8545,2023
hard_filter,uk,How has the approach to the restoration and maintenance of local and community infrastructure changed between late 2023 and late 2024?,evolution,3,DENSE,parentSon,exe3/clean-text/UK/debates2023-10-26.txt (exe3/parent-child-chunked-text/UK/children/child_chunk_2150.txt),0.8514,2023
hard_filter,uk,How has the approach to the restoration and maintenance of local and community infrastructure changed between late 2023 and late 2024?,evolution,3,DENSE,parentSon,exe3/clean-text/UK/debates2023-12-04.txt (exe3/parent-child-chunked-text/UK/children/child_chunk_3185.txt),0.8492,2023
hard_filter,uk,who is the minister of defense/secretary of defense?,ambiguity,3,DENSE,parentSon,exe3/clean-text/UK/debates2025-01-06.txt (exe3/parent-child-chunked-text/UK/children/child_chunk_13032.txt),0.8638,2025
hard_filter,uk,who is the minister of defense/secretary of defense?,ambiguity,3,DENSE,parentSon,exe3/clean-text/UK/debates2025-02-10.txt (exe3/parent-child-chunked-text/UK/children/child_chunk_14493.txt),0.86,2025
hard_filter,uk,who is the minister of defense/secretary of defense?,ambiguity,3,DENSE,parentSon,exe3/clean-text/UK/debates2025-09-08.txt (exe3/parent-child-chunked-text/UK/children/child_chunk_20578.txt),0.8586,2025
hard_filter,uk,Who holds the position responsible for Rural Development?,ambiguity,3,DENSE,parentSon,exe3/clean-text/UK/debates2024-10-24.txt (exe3/parent-child-chunked-text/UK/children/child_chunk_10817.txt),0.8211,2024
hard_filter,uk,Who holds the position responsible for Rural Development?,ambiguity,3,DENSE,parentSon,exe3/clean-text/UK/debates2024-01-22.txt (exe3/parent-child-chunked-text/UK/children/child_chunk_4446.txt),0.8153,2024
hard_filter,uk,Who holds the position responsible for Rural Development?,ambiguity,3,DENSE,parentSon,exe3/clean-text/UK/debates2025-02-06.txt (exe3/parent-child-chunked-text/UK/children/child_chunk_14434.txt),0.8145,2025
hard_filter,uk,what was the specific budget allocated to security in 2024?,hard_filter,3,BM25,fixed,exe3/clean-text/UK/debates2024-11-04.txt (exe3/chunked-text/UK/chunk_4734.txt),57.4512,2024
hard_filter,uk,what was the specific budget allocated to security in 2024?,hard_filter,3,BM25,fixed,exe3/clean-text/UK/debates2024-01-22.txt (exe3/chunked-text/UK/chunk_1876.txt),51.9978,2024
hard_filter,uk,what was the specific budget allocated to security in 2024?,hard_filter,3,BM25,fixed,exe3/clean-text/UK/debates2024-05-09.txt (exe3/chunked-text/UK/chunk_3448.txt),51.5565,2024
hard_filter,uk,What was the specific amount allocated to support the public sector for National Insurance costs in 2025?,hard_filter,3,BM25,fixed,exe3/clean-text/UK/debates2025-03-04.txt (exe3/chunked-text/UK/chunk_6393.txt),96.9902,2025
hard_filter,uk,What was the specific amount allocated to support the public sector for National Insurance costs in 2025?,hard_filter,3,BM25,fixed,exe3/clean-text/UK/debates2025-01-27.txt (exe3/chunked-text/UK/chunk_5924.txt),75.1984,2025
hard_filter,uk,What was the specific amount allocated to support the public sector for National Insurance costs in 2025?,hard_filter,3,BM25,fixed,exe3/clean-text/UK/debates2025-09-11.txt (exe3/chunked-text/UK/chunk_8809.txt),70.1873,2025
hard_filter,uk,What is the current official position regarding the State of Israel?,recency,3,BM25,fixed,exe3/clean-text/UK/debates2025-01-07.txt (exe3/chunked-text/UK/chunk_5571.txt),58.4074,2025
hard_filter,uk,What is the current official position regarding the State of Israel?,recency,3,BM25,fixed,exe3/clean-text/UK/debates2025-10-29.txt (exe3/chunked-text/UK/chunk_9174.txt),58.2186,2025
hard_filter,uk,What is the current official position regarding the State of Israel?,recency,3,BM25,fixed,exe3/clean-text/UK/debates2025-06-03.txt (exe3/chunked-text/UK/chunk_7697.txt),55.0122,2025
hard_filter,uk,What is the current official position regarding Hamas/Gaza?,recency,3,BM25,fixed,exe3/clean-text/UK/debates2025-10-29.txt (exe3/chunked-text/UK/chunk_9174.txt),99.8841,2025
hard_filter,uk,What is the current official position regarding Hamas/Gaza?,recency,3,BM25,fixed,exe3/clean-text/UK/debates2025-01-07.txt (exe3/chunked-text/UK/chunk_5570.txt),78.9744,2025
hard_filter,uk,What is the current official position regarding Hamas/Gaza?,recency,3,BM25,fixed,exe3/clean-text/UK/debates2025-03-04.txt (exe3/chunked-text/UK/chunk_6408.txt),78.678,2025
hard_filter,uk,Was the official position in the last quarter of 2023 supportive of the State of Israel?,recency,3,BM25,fixed,exe3/clean-text/UK/debates2023-11-27.txt (exe3/chunked-text/UK/chunk_1247.txt),62.138,2023
hard_filter,uk,Was the official position in the last quarter of 2023 supportive of the State of Israel?,recency,3,BM25,fixed,exe3/clean-text/UK/debates2023-12-04.txt (exe3/chunked-text/UK/chunk_1365.txt),57.1504,2023
hard_filter,uk,Was the official position in the last quarter of 2023 supportive of the State of Israel?,recency,3,BM25,fixed,exe3/clean-text/UK/debates2023-07-04.txt (exe3/chunked-text/UK/chunk_107.txt),57.0777,2023
hard_filter,uk,Was the official position in the last quarter of 2023 supportive of Hamas/Gaza?,recency,3,BM25,fixed,exe3/clean-text/UK/debates2023-12-04.txt (exe3/chunked-text/UK/chunk_1365.txt),93.1208,2023
hard_filter,uk,Was the official position in the last quarter of 2023 supportive of Hamas/Gaza?,recency,3,BM25,fixed,exe3/clean-text/UK/debates2023-12-12.txt (exe3/chunked-text/UK/chunk_1488.txt),93.011,2023
hard_filter,uk,Was the official position in the last quarter of 2023 supportive of Hamas/Gaza?,recency,3,BM25,fixed,exe3/clean-text/UK/debates2023-11-27.txt (exe3/chunked-text/UK/chunk_1247.txt),89.271,2023
hard_filter,uk,Has the official position in the last quarter of 2023 changed relative to the official position in the last quarter of 2025?,recency,3,BM25,fixed,exe3/clean-text/UK/debates2023-06-29.txt (exe3/chunked-text/UK/chunk_47.txt),71.4786,2023
hard_filter,uk,Has the official position in the last quarter of 2023 changed relative to the official position in the last quarter of 2025?,recency,3,BM25,fixed,exe3/clean-text/UK/debates2023-10-20.txt (exe3/chunked-text/UK/chunk_792.txt),65.3855,2023
hard_filter,uk,Has the official position in the last quarter of 2023 changed relative to the official position in the last quarter of 2025?,recency,3,BM25,fixed,exe3/clean-text/UK/debates2023-12-18.txt (exe3/chunked-text/UK/chunk_1594.txt),63.1496,2023
hard_filter,uk,What is the latest official position regarding legislation on the protection of veterans?,recency,3,BM25,fixed,exe3/clean-text/UK/debates2024-05-20.txt (exe3/chunked-text/UK/chunk_3624.txt),70.6588,2024
hard_filter,uk,What is the latest official position regarding legislation on the protection of veterans?,recency,3,BM25,fixed,exe3/clean-text/UK/debates2024-01-25.txt (exe3/chunked-text/UK/chunk_1985.txt),61.4863,2024
hard_filter,uk,What is the latest official position regarding legislation on the protection of veterans?,recency,3,BM25,fixed,exe3/clean-text/UK/debates2025-04-23.txt (exe3/chunked-text/UK/chunk_7135.txt),61.3975,2025
hard_filter,uk,how did the prime minister/president's rhetoric regarding the war between israel and hamas/gaza change between his first and last speech?,evolution,3,BM25,fixed,exe3/clean-text/UK/debates2024-01-08.txt (exe3/chunked-text/UK/chunk_1646.txt),156.0114,2024
hard_filter,uk,how did the prime minister/president's rhetoric regarding the war between israel and hamas/gaza change between his first and last speech?,evolution,3,BM25,fixed,exe3/clean-text/UK/debates2023-10-16.txt (exe3/chunked-text/UK/chunk_696.txt),151.9669,2023
hard_filter,uk,how did the prime minister/president's rhetoric regarding the war between israel and hamas/gaza change between his first and last speech?,evolution,3,BM25,fixed,exe3/clean-text/UK/debates2023-10-16.txt (exe3/chunked-text/UK/chunk_695.txt),140.3994,2023
hard_filter,uk,How has the approach to the restoration and maintenance of local and community infrastructure changed between late 2023 and late 2024?,evolution,3,BM25,fixed,exe3/clean-text/UK/debates2023-11-16.txt (exe3/chunked-text/UK/chunk_1105.txt),70.9065,2023
hard_filter,uk,How has the approach to the restoration and maintenance of local and community infrastructure changed between late 2023 and late 2024?,evolution,3,BM25,fixed,exe3/clean-text/UK/debates2023-10-26.txt (exe3/chunked-text/UK/chunk_910.txt),64.8066,2023
hard_filter,uk,How has the approach to the restoration and maintenance of local and community infrastructure changed between late 2023 and late 2024?,evolution,3,BM25,fixed,exe3/clean-text/UK/debates2023-11-21.txt (exe3/chunked-text/UK/chunk_1170.txt),64.6046,2023
hard_filter,uk,who is the minister of defense/secretary of defense?,ambiguity,3,BM25,fixed,exe3/clean-text/UK/debates2025-01-06.txt (exe3/chunked-text/UK/chunk_5532.txt),24.7463,2025
hard_filter,uk,who is the minister of defense/secretary of defense?,ambiguity,3,BM25,fixed,exe3/clean-text/UK/debates2023-11-09.txt (exe3/chunked-text/UK/chunk_983.txt),2.9528,2023
hard_filter,uk,who is the minister of defense/secretary of defense?,ambiguity,3,BM25,fixed,exe3/clean-text/UK/debates2025-01-09.txt (exe3/chunked-text/UK/chunk_5620.txt),2.9229,2025
hard_filter,uk,Who holds the position responsible for Rural Development?,ambiguity,3,BM25,fixed,exe3/clean-text/UK/debates2023-12-05.txt (exe3/chunked-text/UK/chunk_1388.txt),56.685,2023
hard_filter,uk,Who holds the position responsible for Rural Development?,ambiguity,3,BM25,fixed,exe3/clean-text/UK/debates2024-12-16.txt (exe3/chunked-text/UK/chunk_5428.txt),53.4639,2024
hard_filter,uk,Who holds the position responsible for Rural Development?,ambiguity,3,BM25,fixed,exe3/clean-text/UK/debates2024-12-03.txt (exe3/chunked-text/UK/chunk_5194.txt),52.7144,2024
hard_filter,uk,what was the specific budget allocated to security in 2024?,hard_filter,3,BM25,parentSon,exe3/clean-text/UK/debates2024-01-22.txt (exe3/parent-child-chunked-text/UK/children/child_chunk_4473.txt),71.6231,2024
hard_filter,uk,what was the specific budget allocated to security in 2024?,hard_filter,3,BM25,parentSon,exe3/clean-text/UK/debates2024-11-18.txt (exe3/parent-child-chunked-text/UK/children/child_chunk_11628.txt),68.7486,2024
hard_filter,uk,what was the specific budget allocated to security in 2024?,hard_filter,3,BM25,parentSon,exe3/clean-text/UK/debates2024-01-22.txt (exe3/parent-child-chunked-text/UK/children/child_chunk_4428.txt),68.0357,2024
hard_filter,uk,What was the specific amount allocated to support the public sector for National Insurance costs in 2025?,hard_filter,3,BM25,parentSon,exe3/clean-text/UK/debates2025-03-04.txt (exe3/parent-child-chunked-text/UK/children/child_chunk_15078.txt),134.7677,2025
hard_filter,uk,What was the specific amount allocated to support the public sector for National Insurance costs in 2025?,hard_filter,3,BM25,parentSon,exe3/clean-text/UK/debates2025-01-27.txt (exe3/parent-child-chunked-text/UK/children/child_chunk_13969.txt),105.8969,2025
hard_filter,uk,What was the specific amount allocated to support the public sector for National Insurance costs in 2025?,hard_filter,3,BM25,parentSon,exe3/clean-text/UK/debates2025-01-27.txt (exe3/parent-child-chunked-text/UK/children/child_chunk_13970.txt),92.18,2025
hard_filter,uk,What is the current official position regarding the State of Israel?,recency,3,BM25,parentSon,exe3/clean-text/UK/debates2025-10-29.txt (exe3/parent-child-chunked-text/UK/children/child_chunk_21668.txt),84.9508,2025
hard_filter,uk,What is the current official position regarding the State of Israel?,recency,3,BM25,parentSon,exe3/clean-text/UK/debates2025-09-02.txt (exe3/parent-child-chunked-text/UK/children/child_chunk_20403.txt),72.7896,2025
hard_filter,uk,What is the current official position regarding the State of Israel?,recency,3,BM25,parentSon,exe3/clean-text/UK/debates2025-09-11.txt (exe3/parent-child-chunked-text/UK/children/child_chunk_20782.txt),68.053,2025
hard_filter,uk,What is the current official position regarding Hamas/Gaza?,recency,3,BM25,parentSon,exe3/clean-text/UK/debates2025-10-29.txt (exe3/parent-child-chunked-text/UK/children/child_chunk_21668.txt),125.6326,2025
hard_filter,uk,What is the current official position regarding Hamas/Gaza?,recency,3,BM25,parentSon,exe3/clean-text/UK/debates2025-01-07.txt (exe3/parent-child-chunked-text/UK/children/child_chunk_13145.txt),100.2208,2025
hard_filter,uk,What is the current official position regarding Hamas/Gaza?,recency,3,BM25,parentSon,exe3/clean-text/UK/debates2025-01-07.txt (exe3/parent-child-chunked-text/UK/children/child_chunk_13151.txt),84.2105,2025
hard_filter,uk,Was the official position in the last quarter of 2023 supportive of the State of Israel?,recency,3,BM25,parentSon,exe3/clean-text/UK/debates2023-12-04.txt (exe3/parent-child-chunked-text/UK/children/child_chunk_3215.txt),92.1486,2023
hard_filter,uk,Was the official position in the last quarter of 2023 supportive of the State of Israel?,recency,3,BM25,parentSon,exe3/clean-text/UK/debates2023-11-14.txt (exe3/parent-child-chunked-text/UK/children/child_chunk_2506.txt),73.864,2023
hard_filter,uk,Was the official position in the last quarter of 2023 supportive of the State of Israel?,recency,3,BM25,parentSon,exe3/clean-text/UK/debates2023-06-29.txt (exe3/parent-child-chunked-text/UK/children/child_chunk_111.txt),72.5864,2023
hard_filter,uk,Was the official position in the last quarter of 2023 supportive of Hamas/Gaza?,recency,3,BM25,parentSon,exe3/clean-text/UK/debates2023-12-11.txt (exe3/parent-child-chunked-text/UK/children/child_chunk_3480.txt),113.0418,2023
hard_filter,uk,Was the official position in the last quarter of 2023 supportive of Hamas/Gaza?,recency,3,BM25,parentSon,exe3/clean-text/UK/debates2023-12-04.txt (exe3/parent-child-chunked-text/UK/children/child_chunk_3216.txt),111.5206,2023
hard_filter,uk,Was the official position in the last quarter of 2023 supportive of Hamas/Gaza?,recency,3,BM25,parentSon,exe3/clean-text/UK/debates2023-11-14.txt (exe3/parent-child-chunked-text/UK/children/child_chunk_2506.txt),107.6418,2023
hard_filter,uk,Has the official position in the last quarter of 2023 changed relative to the official position in the last quarter of 2025?,recency,3,BM25,parentSon,exe3/clean-text/UK/debates2023-06-29.txt (exe3/parent-child-chunked-text/UK/children/child_chunk_111.txt),82.0887,2023
hard_filter,uk,Has the official position in the last quarter of 2023 changed relative to the official position in the last quarter of 2025?,recency,3,BM25,parentSon,exe3/clean-text/UK/debates2023-07-19.txt (exe3/parent-child-chunked-text/UK/children/child_chunk_830.txt),77.233,2023
hard_filter,uk,Has the official position in the last quarter of 2023 changed relative to the official position in the last quarter of 2025?,recency,3,BM25,parentSon,exe3/clean-text/UK/debates2023-06-29.txt (exe3/parent-child-chunked-text/UK/children/child_chunk_104.txt),74.7405,2023
hard_filter,uk,What is the latest official position regarding legislation on the protection of veterans?,recency,3,BM25,parentSon,exe3/clean-text/UK/debates2024-01-25.txt (exe3/parent-child-chunked-text/UK/children/child_chunk_4692.txt),85.5638,2024
hard_filter,uk,What is the latest official position regarding legislation on the protection of veterans?,recency,3,BM25,parentSon,exe3/clean-text/UK/debates2024-05-07.txt (exe3/parent-child-chunked-text/UK/children/child_chunk_8019.txt),84.1478,2024
hard_filter,uk,What is the latest official position regarding legislation on the protection of veterans?,recency,3,BM25,parentSon,exe3/clean-text/UK/debates2025-09-02.txt (exe3/parent-child-chunked-text/UK/children/child_chunk_20403.txt),81.5555,2025
hard_filter,uk,how did the prime minister/president's rhetoric regarding the war between israel and hamas/gaza change between his first and last speech?,evolution,3,BM25,parentSon,exe3/clean-text/UK/debates2023-10-16.txt (exe3/parent-child-chunked-text/UK/children/child_chunk_1643.txt),172.8582,2023
hard_filter,uk,how did the prime minister/president's rhetoric regarding the war between israel and hamas/gaza change between his first and last speech?,evolution,3,BM25,parentSon,exe3/clean-text/UK/debates2024-01-08.txt (exe3/parent-child-chunked-text/UK/children/child_chunk_3876.txt),172.1456,2024
hard_filter,uk,how did the prime minister/president's rhetoric regarding the war between israel and hamas/gaza change between his first and last speech?,evolution,3,BM25,parentSon,exe3/clean-text/UK/debates2023-12-04.txt (exe3/parent-child-chunked-text/UK/children/child_chunk_3228.txt),156.1241,2023
hard_filter,uk,How has the approach to the restoration and maintenance of local and community infrastructure changed between late 2023 and late 2024?,evolution,3,BM25,parentSon,exe3/clean-text/UK/debates2023-10-26.txt (exe3/parent-child-chunked-text/UK/children/child_chunk_2150.txt),106.3702,2023
hard_filter,uk,How has the approach to the restoration and maintenance of local and community infrastructure changed between late 2023 and late 2024?,evolution,3,BM25,parentSon,exe3/clean-text/UK/debates2023-06-28.txt (exe3/parent-child-chunked-text/UK/children/child_chunk_37.txt),80.2547,2023
hard_filter,uk,How has the approach to the restoration and maintenance of local and community infrastructure changed between late 2023 and late 2024?,evolution,3,BM25,parentSon,exe3/clean-text/UK/debates2023-11-13.txt (exe3/parent-child-chunked-text/UK/children/child_chunk_2412.txt),78.1894,2023
hard_filter,uk,who is the minister of defense/secretary of defense?,ambiguity,3,BM25,parentSon,exe3/clean-text/UK/debates2025-01-06.txt (exe3/parent-child-chunked-text/UK/children/child_chunk_13049.txt),33.5971,2025
hard_filter,uk,who is the minister of defense/secretary of defense?,ambiguity,3,BM25,parentSon,exe3/clean-text/UK/debates2024-03-20.txt (exe3/parent-child-chunked-text/UK/children/child_chunk_6787.txt),7.1148,2024
hard_filter,uk,who is the minister of defense/secretary of defense?,ambiguity,3,BM25,parentSon,exe3/clean-text/UK/debates2023-11-14.txt (exe3/parent-child-chunked-text/UK/children/child_chunk_2490.txt),6.9933,2023
hard_filter,uk,Who holds the position responsible for Rural Development?,ambiguity,3,BM25,parentSon,exe3/clean-text/UK/debates2024-12-16.txt (exe3/parent-child-chunked-text/UK/children/child_chunk_12807.txt),80.0128,2024
hard_filter,uk,Who holds the position responsible for Rural Development?,ambiguity,3,BM25,parentSon,exe3/clean-text/UK/debates2023-12-05.txt (exe3/parent-child-chunked-text/UK/children/child_chunk_3272.txt),77.2889,2023
hard_filter,uk,Who holds the position responsible for Rural Development?,ambiguity,3,BM25,parentSon,exe3/clean-text/UK/debates2025-06-19.txt (exe3/parent-child-chunked-text/UK/children/child_chunk_18869.txt),65.9482,2025
hard_filter,uk,what was the specific budget allocated to security in 2024?,hard_filter,5,DENSE,fixed,exe3/clean-text/UK/debates2024-04-24.txt (exe3/chunked-text/UK/chunk_3216.txt),0.856,2024
hard_filter,uk,what was the specific budget allocated to security in 2024?,hard_filter,5,DENSE,fixed,exe3/clean-text/UK/debates2024-03-11.txt (exe3/chunked-text/UK/chunk_2678.txt),0.8557,2024
hard_filter,uk,what was the specific budget allocated to security in 2024?,hard_filter,5,DENSE,fixed,exe3/clean-text/UK/debates2024-10-30.txt (exe3/chunked-text/UK/chunk_4683.txt),0.8557,2024
hard_filter,uk,what was the specific budget allocated to security in 2024?,hard_filter,5,DENSE,fixed,exe3/clean-text/UK/debates2024-05-20.txt (exe3/chunked-text/UK/chunk_3616.txt),0.8539,2024
hard_filter,uk,what was the specific budget allocated to security in 2024?,hard_filter,5,DENSE,fixed,exe3/clean-text/UK/debates2024-12-05.txt (exe3/chunked-text/UK/chunk_5263.txt),0.8536,2024
hard_filter,uk,What was the specific amount allocated to support the public sector for National Insurance costs in 2025?,hard_filter,5,DENSE,fixed,exe3/clean-text/UK/debates2025-01-27.txt (exe3/chunked-text/UK/chunk_5924.txt),0.8545,2025
hard_filter,uk,What was the specific amount allocated to support the public sector for National Insurance costs in 2025?,hard_filter,5,DENSE,fixed,exe3/clean-text/UK/debates2025-03-19.txt (exe3/chunked-text/UK/chunk_6722.txt),0.8524,2025
hard_filter,uk,What was the specific amount allocated to support the public sector for National Insurance costs in 2025?,hard_filter,5,DENSE,fixed,exe3/clean-text/UK/debates2025-03-04.txt (exe3/chunked-text/UK/chunk_6393.txt),0.8507,2025
hard_filter,uk,What was the specific amount allocated to support the public sector for National Insurance costs in 2025?,hard_filter,5,DENSE,fixed,exe3/clean-text/UK/debates2025-01-21.txt (exe3/chunked-text/UK/chunk_5816.txt),0.8487,2025
hard_filter,uk,What was the specific amount allocated to support the public sector for National Insurance costs in 2025?,hard_filter,5,DENSE,fixed,exe3/clean-text/UK/debates2025-03-04.txt (exe3/chunked-text/UK/chunk_6391.txt),0.846,2025
hard_filter,uk,What is the current official position regarding the State of Israel?,recency,5,DENSE,fixed,exe3/clean-text/UK/debates2025-03-20.txt (exe3/chunked-text/UK/chunk_6728.txt),0.8429,2025
hard_filter,uk,What is the current official position regarding the State of Israel?,recency,5,DENSE,fixed,exe3/clean-text/UK/debates2025-05-13.txt (exe3/chunked-text/UK/chunk_7441.txt),0.8359,2025
hard_filter,uk,What is the current official position regarding the State of Israel?,recency,5,DENSE,fixed,exe3/clean-text/UK/debates2025-03-04.txt (exe3/chunked-text/UK/chunk_6408.txt),0.8358,2025
hard_filter,uk,What is the current official position regarding the State of Israel?,recency,5,DENSE,fixed,exe3/clean-text/UK/debates2025-01-07.txt (exe3/chunked-text/UK/chunk_5571.txt),0.8357,2025
hard_filter,uk,What is the current official position regarding the State of Israel?,recency,5,DENSE,fixed,exe3/clean-text/UK/debates2025-09-02.txt (exe3/chunked-text/UK/chunk_8637.txt),0.8351,2025
hard_filter,uk,What is the current official position regarding Hamas/Gaza?,recency,5,DENSE,fixed,exe3/clean-text/UK/debates2025-03-04.txt (exe3/chunked-text/UK/chunk_6408.txt),0.8762,2025
hard_filter,uk,What is the current official position regarding Hamas/Gaza?,recency,5,DENSE,fixed,exe3/clean-text/UK/debates2025-10-29.txt (exe3/chunked-text/UK/chunk_9174.txt),0.8754,2025
hard_filter,uk,What is the current official position regarding Hamas/Gaza?,recency,5,DENSE,fixed,exe3/clean-text/UK/debates2025-01-07.txt (exe3/chunked-text/UK/chunk_5570.txt),0.8753,2025
hard_filter,uk,What is the current official position regarding Hamas/Gaza?,recency,5,DENSE,fixed,exe3/clean-text/UK/debates2025-10-29.txt (exe3/chunked-text/UK/chunk_9173.txt),0.8738,2025
hard_filter,uk,What is the current official position regarding Hamas/Gaza?,recency,5,DENSE,fixed,exe3/clean-text/UK/debates2025-02-27.txt (exe3/chunked-text/UK/chunk_6351.txt),0.8726,2025
hard_filter,uk,Was the official position in the last quarter of 2023 supportive of the State of Israel?,recency,5,DENSE,fixed,exe3/clean-text/UK/debates2023-07-04.txt (exe3/chunked-text/UK/chunk_106.txt),0.8431,2023
hard_filter,uk,Was the official position in the last quarter of 2023 supportive of the State of Israel?,recency,5,DENSE,fixed,exe3/clean-text/UK/debates2023-11-14.txt (exe3/chunked-text/UK/chunk_1061.txt),0.8415,2023
hard_filter,uk,Was the official position in the last quarter of 2023 supportive of the State of Israel?,recency,5,DENSE,fixed,exe3/clean-text/UK/debates2023-07-18.txt (exe3/chunked-text/UK/chunk_313.txt),0.8415,2023
hard_filter,uk,Was the official position in the last quarter of 2023 supportive of the State of Israel?,recency,5,DENSE,fixed,exe3/clean-text/UK/debates2023-07-18.txt (exe3/chunked-text/UK/chunk_314.txt),0.8383,2023
hard_filter,uk,Was the official position in the last quarter of 2023 supportive of the State of Israel?,recency,5,DENSE,fixed,exe3/clean-text/UK/debates2023-10-16.txt (exe3/chunked-text/UK/chunk_699.txt),0.8375,2023
hard_filter,uk,Was the official position in the last quarter of 2023 supportive of Hamas/Gaza?,recency,5,DENSE,fixed,exe3/clean-text/UK/debates2023-10-16.txt (exe3/chunked-text/UK/chunk_699.txt),0.8693,2023
hard_filter,uk,Was the official position in the last quarter of 2023 supportive of Hamas/Gaza?,recency,5,DENSE,fixed,exe3/clean-text/UK/debates2023-11-14.txt (exe3/chunked-text/UK/chunk_1061.txt),0.8647,2023
hard_filter,uk,Was the official position in the last quarter of 2023 supportive of Hamas/Gaza?,recency,5,DENSE,fixed,exe3/clean-text/UK/debates2023-10-26.txt (exe3/chunked-text/UK/chunk_916.txt),0.8634,2023
hard_filter,uk,Was the official position in the last quarter of 2023 supportive of Hamas/Gaza?,recency,5,DENSE,fixed,exe3/clean-text/UK/debates2023-12-19.txt (exe3/chunked-text/UK/chunk_1620.txt),0.8581,2023
hard_filter,uk,Was the official position in the last quarter of 2023 supportive of Hamas/Gaza?,recency,5,DENSE,fixed,exe3/clean-text/UK/debates2023-12-05.txt (exe3/chunked-text/UK/chunk_1392.txt),0.8571,2023
hard_filter,uk,Has the official position in the last quarter of 2023 changed relative to the official position in the last quarter of 2025?,recency,5,DENSE,fixed,exe3/clean-text/UK/debates2023-10-17.txt (exe3/chunked-text/UK/chunk_717.txt),0.8599,2023
hard_filter,uk,Has the official position in the last quarter of 2023 changed relative to the official position in the last quarter of 2025?,recency,5,DENSE,fixed,exe3/clean-text/UK/debates2023-10-19.txt (exe3/chunked-text/UK/chunk_773.txt),0.8596,2023
hard_filter,uk,Has the official position in the last quarter of 2023 changed relative to the official position in the last quarter of 2025?,recency,5,DENSE,fixed,exe3/clean-text/UK/debates2023-11-23.txt (exe3/chunked-text/UK/chunk_1212.txt),0.8586,2023
hard_filter,uk,Has the official position in the last quarter of 2023 changed relative to the official position in the last quarter of 2025?,recency,5,DENSE,fixed,exe3/clean-text/UK/debates2023-11-23.txt (exe3/chunked-text/UK/chunk_1211.txt),0.8565,2023
hard_filter,uk,Has the official position in the last quarter of 2023 changed relative to the official position in the last quarter of 2025?,recency,5,DENSE,fixed,exe3/clean-text/UK/debates2023-12-18.txt (exe3/chunked-text/UK/chunk_1572.txt),0.8524,2023
hard_filter,uk,What is the latest official position regarding legislation on the protection of veterans?,recency,5,DENSE,fixed,exe3/clean-text/UK/debates2025-10-15.txt (exe3/chunked-text/UK/chunk_8936.txt),0.8661,2025
hard_filter,uk,What is the latest official position regarding legislation on the protection of veterans?,recency,5,DENSE,fixed,exe3/clean-text/UK/debates2025-10-15.txt (exe3/chunked-text/UK/chunk_8939.txt),0.866,2025
hard_filter,uk,What is the latest official position regarding legislation on the protection of veterans?,recency,5,DENSE,fixed,exe3/clean-text/UK/debates2025-06-30.txt (exe3/chunked-text/UK/chunk_8159.txt),0.8658,2025
hard_filter,uk,What is the latest official position regarding legislation on the protection of veterans?,recency,5,DENSE,fixed,exe3/clean-text/UK/debates2025-05-21.txt (exe3/chunked-text/UK/chunk_7597.txt),0.8585,2025
hard_filter,uk,What is the latest official position regarding legislation on the protection of veterans?,recency,5,DENSE,fixed,exe3/clean-text/UK/debates2023-12-13.txt (exe3/chunked-text/UK/chunk_1530.txt),0.857,2023
hard_filter,uk,how did the prime minister/president's rhetoric regarding the war between israel and hamas/gaza change between his first and last speech?,evolution,5,DENSE,fixed,exe3/clean-text/UK/debates2023-10-16.txt (exe3/chunked-text/UK/chunk_695.txt),0.9044,2023
hard_filter,uk,how did the prime minister/president's rhetoric regarding the war between israel and hamas/gaza change between his first and last speech?,evolution,5,DENSE,fixed,exe3/clean-text/UK/debates2024-04-15.txt (exe3/chunked-text/UK/chunk_3019.txt),0.8997,2024
hard_filter,uk,how did the prime minister/president's rhetoric regarding the war between israel and hamas/gaza change between his first and last speech?,evolution,5,DENSE,fixed,exe3/clean-text/UK/debates2024-01-15.txt (exe3/chunked-text/UK/chunk_1756.txt),0.8987,2024
hard_filter,uk,how did the prime minister/president's rhetoric regarding the war between israel and hamas/gaza change between his first and last speech?,evolution,5,DENSE,fixed,exe3/clean-text/UK/debates2023-10-16.txt (exe3/chunked-text/UK/chunk_696.txt),0.8981,2023
hard_filter,uk,how did the prime minister/president's rhetoric regarding the war between israel and hamas/gaza change between his first and last speech?,evolution,5,DENSE,fixed,exe3/clean-text/UK/debates2023-12-11.txt (exe3/chunked-text/UK/chunk_1477.txt),0.8976,2023
hard_filter,uk,How has the approach to the restoration and maintenance of local and community infrastructure changed between late 2023 and late 2024?,evolution,5,DENSE,fixed,exe3/clean-text/UK/debates2023-11-09.txt (exe3/chunked-text/UK/chunk_981.txt),0.8652,2023
hard_filter,uk,How has the approach to the restoration and maintenance of local and community infrastructure changed between late 2023 and late 2024?,evolution,5,DENSE,fixed,exe3/clean-text/UK/debates2023-11-09.txt (exe3/chunked-text/UK/chunk_980.txt),0.8613,2023
hard_filter,uk,How has the approach to the restoration and maintenance of local and community infrastructure changed between late 2023 and late 2024?,evolution,5,DENSE,fixed,exe3/clean-text/UK/debates2023-10-26.txt (exe3/chunked-text/UK/chunk_895.txt),0.8562,2023
hard_filter,uk,How has the approach to the restoration and maintenance of local and community infrastructure changed between late 2023 and late 2024?,evolution,5,DENSE,fixed,exe3/clean-text/UK/debates2023-07-13.txt (exe3/chunked-text/UK/chunk_269.txt),0.8538,2023
hard_filter,uk,How has the approach to the restoration and maintenance of local and community infrastructure changed between late 2023 and late 2024?,evolution,5,DENSE,fixed,exe3/clean-text/UK/debates2023-12-04.txt (exe3/chunked-text/UK/chunk_1354.txt),0.8525,2023
hard_filter,uk,who is the minister of defense/secretary of defense?,ambiguity,5,DENSE,fixed,exe3/clean-text/UK/debates2024-04-24.txt (exe3/chunked-text/UK/chunk_3217.txt),0.8776,2024
hard_filter,uk,who is the minister of defense/secretary of defense?,ambiguity,5,DENSE,fixed,exe3/clean-text/UK/debates2025-01-06.txt (exe3/chunked-text/UK/chunk_5538.txt),0.8694,2025
hard_filter,uk,who is the minister of defense/secretary of defense?,ambiguity,5,DENSE,fixed,exe3/clean-text/UK/debates2023-12-18.txt (exe3/chunked-text/UK/chunk_1591.txt),0.8677,2023
hard_filter,uk,who is the minister of defense/secretary of defense?,ambiguity,5,DENSE,fixed,exe3/clean-text/UK/debates2024-03-25.txt (exe3/chunked-text/UK/chunk_2948.txt),0.8646,2024
hard_filter,uk,who is the minister of defense/secretary of defense?,ambiguity,5,DENSE,fixed,exe3/clean-text/UK/debates2024-01-08.txt (exe3/chunked-text/UK/chunk_1634.txt),0.8633,2024
hard_filter,uk,Who holds the position responsible for Rural Development?,ambiguity,5,DENSE,fixed,exe3/clean-text/UK/debates2024-12-19.txt (exe3/chunked-text/UK/chunk_5496.txt),0.8196,2024
hard_filter,uk,Who holds the position responsible for Rural Development?,ambiguity,5,DENSE,fixed,exe3/clean-text/UK/debates2025-01-16.txt (exe3/chunked-text/UK/chunk_5725.txt),0.8124,2025
hard_filter,uk,Who holds the position responsible for Rural Development?,ambiguity,5,DENSE,fixed,exe3/clean-text/UK/debates2023-10-19.txt (exe3/chunked-text/UK/chunk_764.txt),0.8119,2023
hard_filter,uk,Who holds the position responsible for Rural Development?,ambiguity,5,DENSE,fixed,exe3/clean-text/UK/debates2023-12-07.txt (exe3/chunked-text/UK/chunk_1435.txt),0.8111,2023
hard_filter,uk,Who holds the position responsible for Rural Development?,ambiguity,5,DENSE,fixed,exe3/clean-text/UK/debates2024-12-04.txt (exe3/chunked-text/UK/chunk_5237.txt),0.8105,2024
hard_filter,uk,what was the specific budget allocated to security in 2024?,hard_filter,5,DENSE,parentSon,exe3/clean-text/UK/debates2024-10-23.txt (exe3/parent-child-chunked-text/UK/children/child_chunk_10740.txt),0.8562,2024
hard_filter,uk,what was the specific budget allocated to security in 2024?,hard_filter,5,DENSE,parentSon,exe3/clean-text/UK/debates2024-03-11.txt (exe3/parent-child-chunked-text/UK/children/child_chunk_6320.txt),0.8553,2024
hard_filter,uk,what was the specific budget allocated to security in 2024?,hard_filter,5,DENSE,parentSon,exe3/clean-text/UK/debates2024-05-07.txt (exe3/parent-child-chunked-text/UK/children/child_chunk_7982.txt),0.8516,2024
hard_filter,uk,what was the specific budget allocated to security in 2024?,hard_filter,5,DENSE,parentSon,exe3/clean-text/UK/debates2024-10-30.txt (exe3/parent-child-chunked-text/UK/children/child_chunk_11033.txt),0.8483,2024
hard_filter,uk,what was the specific budget allocated to security in 2024?,hard_filter,5,DENSE,parentSon,exe3/clean-text/UK/debates2024-04-29.txt (exe3/parent-child-chunked-text/UK/children/child_chunk_7732.txt),0.8479,2024
hard_filter,uk,What was the specific amount allocated to support the public sector for National Insurance costs in 2025?,hard_filter,5,DENSE,parentSon,exe3/clean-text/UK/debates2025-04-02.txt (exe3/parent-child-chunked-text/UK/children/child_chunk_16422.txt),0.8541,2025
hard_filter,uk,What was the specific amount allocated to support the public sector for National Insurance costs in 2025?,hard_filter,5,DENSE,parentSon,exe3/clean-text/UK/debates2025-03-19.txt (exe3/parent-child-chunked-text/UK/children/child_chunk_15863.txt),0.8529,2025
hard_filter,uk,What was the specific amount allocated to support the public sector for National Insurance costs in 2025?,hard_filter,5,DENSE,parentSon,exe3/clean-text/UK/debates2025-01-27.txt (exe3/parent-child-chunked-text/UK/children/child_chunk_13969.txt),0.852,2025
hard_filter,uk,What was the specific amount allocated to support the public sector for National Insurance costs in 2025?,hard_filter,5,DENSE,parentSon,exe3/clean-text/UK/debates2025-03-04.txt (exe3/parent-child-chunked-text/UK/children/child_chunk_15078.txt),0.8488,2025
hard_filter,uk,What was the specific amount allocated to support the public sector for National Insurance costs in 2025?,hard_filter,5,DENSE,parentSon,exe3/clean-text/UK/debates2025-01-21.txt (exe3/parent-child-chunked-text/UK/children/child_chunk_13718.txt),0.8439,2025
hard_filter,uk,What is the current official position regarding the State of Israel?,recency,5,DENSE,parentSon,exe3/clean-text/UK/debates2025-03-20.txt (exe3/parent-child-chunked-text/UK/children/child_chunk_15875.txt),0.8373,2025
hard_filter,uk,What is the current official position regarding the State of Israel?,recency,5,DENSE,parentSon,exe3/clean-text/UK/debates2025-03-20.txt (exe3/parent-child-chunked-text/UK/children/child_chunk_15876.txt),0.8366,2025
hard_filter,uk,What is the current official position regarding the State of Israel?,recency,5,DENSE,parentSon,exe3/clean-text/UK/debates2025-06-24.txt (exe3/parent-child-chunked-text/UK/children/child_chunk_19060.txt),0.8338,2025
hard_filter,uk,What is the current official position regarding the State of Israel?,recency,5,DENSE,parentSon,exe3/clean-text/UK/debates2025-03-04.txt (exe3/parent-child-chunked-text/UK/children/child_chunk_15114.txt),0.8335,2025
hard_filter,uk,What is the current official position regarding the State of Israel?,recency,5,DENSE,parentSon,exe3/clean-text/UK/debates2025-09-02.txt (exe3/parent-child-chunked-text/UK/children/child_chunk_20411.txt),0.8328,2025
hard_filter,uk,What is the current official position regarding Hamas/Gaza?,recency,5,DENSE,parentSon,exe3/clean-text/UK/debates2025-10-29.txt (exe3/parent-child-chunked-text/UK/children/child_chunk_21667.txt),0.8699,2025
hard_filter,uk,What is the current official position regarding Hamas/Gaza?,recency,5,DENSE,parentSon,exe3/clean-text/UK/debates2025-02-27.txt (exe3/parent-child-chunked-text/UK/children/child_chunk_14978.txt),0.8676,2025
hard_filter,uk,What is the current official position regarding Hamas/Gaza?,recency,5,DENSE,parentSon,exe3/clean-text/UK/debates2025-02-25.txt (exe3/parent-child-chunked-text/UK/children/child_chunk_14809.txt),0.8673,2025
hard_filter,uk,What is the current official position regarding Hamas/Gaza?,recency,5,DENSE,parentSon,exe3/clean-text/UK/debates2025-03-04.txt (exe3/parent-child-chunked-text/UK/children/child_chunk_15113.txt),0.8672,2025
hard_filter,uk,What is the current official position regarding Hamas/Gaza?,recency,5,DENSE,parentSon,exe3/clean-text/UK/debates2025-01-07.txt (exe3/parent-child-chunked-text/UK/children/child_chunk_13143.txt),0.8653,2025
hard_filter,uk,Was the official position in the last quarter of 2023 supportive of the State of Israel?,recency,5,DENSE,parentSon,exe3/clean-text/UK/debates2023-10-17.txt (exe3/parent-child-chunked-text/UK/children/child_chunk_1714.txt),0.8446,2023
hard_filter,uk,Was the official position in the last quarter of 2023 supportive of the State of Israel?,recency,5,DENSE,parentSon,exe3/clean-text/UK/debates2023-07-04.txt (exe3/parent-child-chunked-text/UK/children/child_chunk_256.txt),0.8375,2023
hard_filter,uk,Was the official position in the last quarter of 2023 supportive of the State of Israel?,recency,5,DENSE,parentSon,exe3/clean-text/UK/debates2023-12-04.txt (exe3/parent-child-chunked-text/UK/children/child_chunk_3215.txt),0.8371,2023
hard_filter,uk,Was the official position in the last quarter of 2023 supportive of the State of Israel?,recency,5,DENSE,parentSon,exe3/clean-text/UK/debates2023-11-28.txt (exe3/parent-child-chunked-text/UK/children/child_chunk_3016.txt),0.8368,2023
hard_filter,uk,Was the official position in the last quarter of 2023 supportive of the State of Israel?,recency,5,DENSE,parentSon,exe3/clean-text/UK/debates2023-07-18.txt (exe3/parent-child-chunked-text/UK/children/child_chunk_741.txt),0.8322,2023
hard_filter,uk,Was the official position in the last quarter of 2023 supportive of Hamas/Gaza?,recency,5,DENSE,parentSon,exe3/clean-text/UK/debates2023-10-16.txt (exe3/parent-child-chunked-text/UK/children/child_chunk_1651.txt),0.8507,2023
hard_filter,uk,Was the official position in the last quarter of 2023 supportive of Hamas/Gaza?,recency,5,DENSE,parentSon,exe3/clean-text/UK/debates2023-11-27.txt (exe3/parent-child-chunked-text/UK/children/child_chunk_2961.txt),0.8494,2023
hard_filter,uk,Was the official position in the last quarter of 2023 supportive of Hamas/Gaza?,recency,5,DENSE,parentSon,exe3/clean-text/UK/debates2023-12-11.txt (exe3/parent-child-chunked-text/UK/children/child_chunk_3487.txt),0.8487,2023
hard_filter,uk,Was the official position in the last quarter of 2023 supportive of Hamas/Gaza?,recency,5,DENSE,parentSon,exe3/clean-text/UK/debates2023-10-17.txt (exe3/parent-child-chunked-text/UK/children/child_chunk_1714.txt),0.8475,2023
hard_filter,uk,Was the official position in the last quarter of 2023 supportive of Hamas/Gaza?,recency,5,DENSE,parentSon,exe3/clean-text/UK/debates2023-10-18.txt (exe3/parent-child-chunked-text/UK/children/child_chunk_1759.txt),0.8466,2023
hard_filter,uk,Has the official position in the last quarter of 2023 changed relative to the official position in the last quarter of 2025?,recency,5,DENSE,parentSon,exe3/clean-text/UK/debates2023-10-17.txt (exe3/parent-child-chunked-text/UK/children/child_chunk_1714.txt),0.8661,2023
hard_filter,uk,Has the official position in the last quarter of 2023 changed relative to the official position in the last quarter of 2025?,recency,5,DENSE,parentSon,exe3/clean-text/UK/debates2023-10-17.txt (exe3/parent-child-chunked-text/UK/children/child_chunk_1692.txt),0.8656,2023
hard_filter,uk,Has the official position in the last quarter of 2023 changed relative to the official position in the last quarter of 2025?,recency,5,DENSE,parentSon,exe3/clean-text/UK/debates2023-10-26.txt (exe3/parent-child-chunked-text/UK/children/child_chunk_2113.txt),0.8474,2023
hard_filter,uk,Has the official position in the last quarter of 2023 changed relative to the official position in the last quarter of 2025?,recency,5,DENSE,parentSon,exe3/clean-text/UK/debates2023-11-28.txt (exe3/parent-child-chunked-text/UK/children/child_chunk_3016.txt),0.8443,2023
hard_filter,uk,Has the official position in the last quarter of 2023 changed relative to the official position in the last quarter of 2025?,recency,5,DENSE,parentSon,exe3/clean-text/UK/debates2023-12-19.txt (exe3/parent-child-chunked-text/UK/children/child_chunk_3785.txt),0.844,2023
hard_filter,uk,What is the latest official position regarding legislation on the protection of veterans?,recency,5,DENSE,parentSon,exe3/clean-text/UK/debates2025-10-15.txt (exe3/parent-child-chunked-text/UK/children/child_chunk_21109.txt),0.868,2025
hard_filter,uk,What is the latest official position regarding legislation on the protection of veterans?,recency,5,DENSE,parentSon,exe3/clean-text/UK/debates2025-06-30.txt (exe3/parent-child-chunked-text/UK/children/child_chunk_19269.txt),0.8599,2025
hard_filter,uk,What is the latest official position regarding legislation on the protection of veterans?,recency,5,DENSE,parentSon,exe3/clean-text/UK/debates2024-01-09.txt (exe3/parent-child-chunked-text/UK/children/child_chunk_3902.txt),0.8577,2024
hard_filter,uk,What is the latest official position regarding legislation on the protection of veterans?,recency,5,DENSE,parentSon,exe3/clean-text/UK/debates2025-09-08.txt (exe3/parent-child-chunked-text/UK/children/child_chunk_20575.txt),0.8561,2025
hard_filter,uk,What is the latest official position regarding legislation on the protection of veterans?,recency,5,DENSE,parentSon,exe3/clean-text/UK/debates2025-05-21.txt (exe3/parent-child-chunked-text/UK/children/child_chunk_17936.txt),0.8544,2025
hard_filter,uk,how did the prime minister/president's rhetoric regarding the war between israel and hamas/gaza change between his first and last speech?,evolution,5,DENSE,parentSon,exe3/clean-text/UK/debates2023-10-18.txt (exe3/parent-child-chunked-text/UK/children/child_chunk_1743.txt),0.8932,2023
hard_filter,uk,how did the prime minister/president's rhetoric regarding the war between israel and hamas/gaza change between his first and last speech?,evolution,5,DENSE,parentSon,exe3/clean-text/UK/debates2024-04-15.txt (exe3/parent-child-chunked-text/UK/children/child_chunk_7111.txt),0.8906,2024
hard_filter,uk,how did the prime minister/president's rhetoric regarding the war between israel and hamas/gaza change between his first and last speech?,evolution,5,DENSE,parentSon,exe3/clean-text/UK/debates2024-04-15.txt (exe3/parent-child-chunked-text/UK/children/child_chunk_7109.txt),0.8899,2024
hard_filter,uk,how did the prime minister/president's rhetoric regarding the war between israel and hamas/gaza change between his first and last speech?,evolution,5,DENSE,parentSon,exe3/clean-text/UK/debates2024-05-07.txt (exe3/parent-child-chunked-text/UK/children/child_chunk_8021.txt),0.8876,2024
hard_filter,uk,how did the prime minister/president's rhetoric regarding the war between israel and hamas/gaza change between his first and last speech?,evolution,5,DENSE,parentSon,exe3/clean-text/UK/debates2023-11-07.txt (exe3/parent-child-chunked-text/UK/children/child_chunk_2225.txt),0.8873,2023
hard_filter,uk,How has the approach to the restoration and maintenance of local and community infrastructure changed between late 2023 and late 2024?,evolution,5,DENSE,parentSon,exe3/clean-text/UK/debates2023-11-09.txt (exe3/parent-child-chunked-text/UK/children/child_chunk_2318.txt),0.8545,2023
hard_filter,uk,How has the approach to the restoration and maintenance of local and community infrastructure changed between late 2023 and late 2024?,evolution,5,DENSE,parentSon,exe3/clean-text/UK/debates2023-10-26.txt (exe3/parent-child-chunked-text/UK/children/child_chunk_2150.txt),0.8514,2023
hard_filter,uk,How has the approach to the restoration and maintenance of local and community infrastructure changed between late 2023 and late 2024?,evolution,5,DENSE,parentSon,exe3/clean-text/UK/debates2023-12-04.txt (exe3/parent-child-chunked-text/UK/children/child_chunk_3185.txt),0.8492,2023
hard_filter,uk,How has the approach to the restoration and maintenance of local and community infrastructure changed between late 2023 and late 2024?,evolution,5,DENSE,parentSon,exe3/clean-text/UK/debates2023-09-12.txt (exe3/parent-child-chunked-text/UK/children/child_chunk_1280.txt),0.8484,2023
hard_filter,uk,How has the approach to the restoration and maintenance of local and community infrastructure changed between late 2023 and late 2024?,evolution,5,DENSE,parentSon,exe3/clean-text/UK/debates2023-11-14.txt (exe3/parent-child-chunked-text/UK/children/child_chunk_2445.txt),0.8478,2023
hard_filter,uk,who is the minister of defense/secretary of defense?,ambiguity,5,DENSE,parentSon,exe3/clean-text/UK/debates2025-01-06.txt (exe3/parent-child-chunked-text/UK/children/child_chunk_13032.txt),0.8638,2025
hard_filter,uk,who is the minister of defense/secretary of defense?,ambiguity,5,DENSE,parentSon,exe3/clean-text/UK/debates2025-02-10.txt (exe3/parent-child-chunked-text/UK/children/child_chunk_14493.txt),0.86,2025
hard_filter,uk,who is the minister of defense/secretary of defense?,ambiguity,5,DENSE,parentSon,exe3/clean-text/UK/debates2025-09-08.txt (exe3/parent-child-chunked-text/UK/children/child_chunk_20578.txt),0.8586,2025
hard_filter,uk,who is the minister of defense/secretary of defense?,ambiguity,5,DENSE,parentSon,exe3/clean-text/UK/debates2025-04-30.txt (exe3/parent-child-chunked-text/UK/children/child_chunk_17190.txt),0.8584,2025
hard_filter,uk,who is the minister of defense/secretary of defense?,ambiguity,5,DENSE,parentSon,exe3/clean-text/UK/debates2023-12-05.txt (exe3/parent-child-chunked-text/UK/children/child_chunk_3284.txt),0.8581,2023
hard_filter,uk,Who holds the position responsible for Rural Development?,ambiguity,5,DENSE,parentSon,exe3/clean-text/UK/debates2024-10-24.txt (exe3/parent-child-chunked-text/UK/children/child_chunk_10817.txt),0.8211,2024
hard_filter,uk,Who holds the position responsible for Rural Development?,ambiguity,5,DENSE,parentSon,exe3/clean-text/UK/debates2024-01-22.txt (exe3/parent-child-chunked-text/UK/children/child_chunk_4446.txt),0.8153,2024
hard_filter,uk,Who holds the position responsible for Rural Development?,ambiguity,5,DENSE,parentSon,exe3/clean-text/UK/debates2025-02-06.txt (exe3/parent-child-chunked-text/UK/children/child_chunk_14434.txt),0.8145,2025
hard_filter,uk,Who holds the position responsible for Rural Development?,ambiguity,5,DENSE,parentSon,exe3/clean-text/UK/debates2025-05-01.txt (exe3/parent-child-chunked-text/UK/children/child_chunk_17220.txt),0.8119,2025
hard_filter,uk,Who holds the position responsible for Rural Development?,ambiguity,5,DENSE,parentSon,exe3/clean-text/UK/debates2023-10-19.txt (exe3/parent-child-chunked-text/UK/children/child_chunk_1807.txt),0.8112,2023
hard_filter,uk,what was the specific budget allocated to security in 2024?,hard_filter,5,BM25,fixed,exe3/clean-text/UK/debates2024-11-04.txt (exe3/chunked-text/UK/chunk_4734.txt),57.4512,2024
hard_filter,uk,what was the specific budget allocated to security in 2024?,hard_filter,5,BM25,fixed,exe3/clean-text/UK/debates2024-01-22.txt (exe3/chunked-text/UK/chunk_1876.txt),51.9978,2024
hard_filter,uk,what was the specific budget allocated to security in 2024?,hard_filter,5,BM25,fixed,exe3/clean-text/UK/debates2024-05-09.txt (exe3/chunked-text/UK/chunk_3448.txt),51.5565,2024
hard_filter,uk,what was the specific budget allocated to security in 2024?,hard_filter,5,BM25,fixed,exe3/clean-text/UK/debates2024-01-22.txt (exe3/chunked-text/UK/chunk_1895.txt),48.6826,2024
hard_filter,uk,what was the specific budget allocated to security in 2024?,hard_filter,5,BM25,fixed,exe3/clean-text/UK/debates2024-01-09.txt (exe3/chunked-text/UK/chunk_1653.txt),47.5149,2024
hard_filter,uk,What was the specific amount allocated to support the public sector for National Insurance costs in 2025?,hard_filter,5,BM25,fixed,exe3/clean-text/UK/debates2025-03-04.txt (exe3/chunked-text/UK/chunk_6393.txt),96.9902,2025
hard_filter,uk,What was the specific amount allocated to support the public sector for National Insurance costs in 2025?,hard_filter,5,BM25,fixed,exe3/clean-text/UK/debates2025-01-27.txt (exe3/chunked-text/UK/chunk_5924.txt),75.1984,2025
hard_filter,uk,What was the specific amount allocated to support the public sector for National Insurance costs in 2025?,hard_filter,5,BM25,fixed,exe3/clean-text/UK/debates2025-09-11.txt (exe3/chunked-text/UK/chunk_8809.txt),70.1873,2025
hard_filter,uk,What was the specific amount allocated to support the public sector for National Insurance costs in 2025?,hard_filter,5,BM25,fixed,exe3/clean-text/UK/debates2025-05-22.txt (exe3/chunked-text/UK/chunk_7644.txt),68.5563,2025
hard_filter,uk,What was the specific amount allocated to support the public sector for National Insurance costs in 2025?,hard_filter,5,BM25,fixed,exe3/clean-text/UK/debates2025-03-04.txt (exe3/chunked-text/UK/chunk_6392.txt),64.9873,2025
hard_filter,uk,What is the current official position regarding the State of Israel?,recency,5,BM25,fixed,exe3/clean-text/UK/debates2025-01-07.txt (exe3/chunked-text/UK/chunk_5571.txt),58.4074,2025
hard_filter,uk,What is the current official position regarding the State of Israel?,recency,5,BM25,fixed,exe3/clean-text/UK/debates2025-10-29.txt (exe3/chunked-text/UK/chunk_9174.txt),58.2186,2025
hard_filter,uk,What is the current official position regarding the State of Israel?,recency,5,BM25,fixed,exe3/clean-text/UK/debates2025-06-03.txt (exe3/chunked-text/UK/chunk_7697.txt),55.0122,2025
hard_filter,uk,What is the current official position regarding the State of Israel?,recency,5,BM25,fixed,exe3/clean-text/UK/debates2025-01-14.txt (exe3/chunked-text/UK/chunk_5677.txt),53.6335,2025
hard_filter,uk,What is the current official position regarding the State of Israel?,recency,5,BM25,fixed,exe3/clean-text/UK/debates2025-09-02.txt (exe3/chunked-text/UK/chunk_8641.txt),52.4779,2025
hard_filter,uk,What is the current official position regarding Hamas/Gaza?,recency,5,BM25,fixed,exe3/clean-text/UK/debates2025-10-29.txt (exe3/chunked-text/UK/chunk_9174.txt),99.8841,2025
hard_filter,uk,What is the current official position regarding Hamas/Gaza?,recency,5,BM25,fixed,exe3/clean-text/UK/debates2025-01-07.txt (exe3/chunked-text/UK/chunk_5570.txt),78.9744,2025
hard_filter,uk,What is the current official position regarding Hamas/Gaza?,recency,5,BM25,fixed,exe3/clean-text/UK/debates2025-03-04.txt (exe3/chunked-text/UK/chunk_6408.txt),78.678,2025
hard_filter,uk,What is the current official position regarding Hamas/Gaza?,recency,5,BM25,fixed,exe3/clean-text/UK/debates2025-10-29.txt (exe3/chunked-text/UK/chunk_9183.txt),77.6817,2025
hard_filter,uk,What is the current official position regarding Hamas/Gaza?,recency,5,BM25,fixed,exe3/clean-text/UK/debates2025-01-07.txt (exe3/chunked-text/UK/chunk_5574.txt),73.5015,2025
hard_filter,uk,Was the official position in the last quarter of 2023 supportive of the State of Israel?,recency,5,BM25,fixed,exe3/clean-text/UK/debates2023-11-27.txt (exe3/chunked-text/UK/chunk_1247.txt),62.138,2023
hard_filter,uk,Was the official position in the last quarter of 2023 supportive of the State of Israel?,recency,5,BM25,fixed,exe3/clean-text/UK/debates2023-12-04.txt (exe3/chunked-text/UK/chunk_1365.txt),57.1504,2023
hard_filter,uk,Was the official position in the last quarter of 2023 supportive of the State of Israel?,recency,5,BM25,fixed,exe3/clean-text/UK/debates2023-07-04.txt (exe3/chunked-text/UK/chunk_107.txt),57.0777,2023
hard_filter,uk,Was the official position in the last quarter of 2023 supportive of the State of Israel?,recency,5,BM25,fixed,exe3/clean-text/UK/debates2023-11-30.txt (exe3/chunked-text/UK/chunk_1326.txt),55.6719,2023
hard_filter,uk,Was the official position in the last quarter of 2023 supportive of the State of Israel?,recency,5,BM25,fixed,exe3/clean-text/UK/debates2023-07-18.txt (exe3/chunked-text/UK/chunk_313.txt),55.223,2023
hard_filter,uk,Was the official position in the last quarter of 2023 supportive of Hamas/Gaza?,recency,5,BM25,fixed,exe3/clean-text/UK/debates2023-12-04.txt (exe3/chunked-text/UK/chunk_1365.txt),93.1208,2023
hard_filter,uk,Was the official position in the last quarter of 2023 supportive of Hamas/Gaza?,recency,5,BM25,fixed,exe3/clean-text/UK/debates2023-12-12.txt (exe3/chunked-text/UK/chunk_1488.txt),93.011,2023
hard_filter,uk,Was the official position in the last quarter of 2023 supportive of Hamas/Gaza?,recency,5,BM25,fixed,exe3/clean-text/UK/debates2023-11-27.txt (exe3/chunked-text/UK/chunk_1247.txt),89.271,2023
hard_filter,uk,Was the official position in the last quarter of 2023 supportive of Hamas/Gaza?,recency,5,BM25,fixed,exe3/clean-text/UK/debates2023-12-11.txt (exe3/chunked-text/UK/chunk_1476.txt),85.663,2023
hard_filter,uk,Was the official position in the last quarter of 2023 supportive of Hamas/Gaza?,recency,5,BM25,fixed,exe3/clean-text/UK/debates2023-11-14.txt (exe3/chunked-text/UK/chunk_1061.txt),81.5848,2023
hard_filter,uk,Has the official position in the last quarter of 2023 changed relative to the official position in the last quarter of 2025?,recency,5,BM25,fixed,exe3/clean-text/UK/debates2023-06-29.txt (exe3/chunked-text/UK/chunk_47.txt),71.4786,2023
hard_filter,uk,Has the official position in the last quarter of 2023 changed relative to the official position in the last quarter of 2025?,recency,5,BM25,fixed,exe3/clean-text/UK/debates2023-10-20.txt (exe3/chunked-text/UK/chunk_792.txt),65.3855,2023
hard_filter,uk,Has the official position in the last quarter of 2023 changed relative to the official position in the last quarter of 2025?,recency,5,BM25,fixed,exe3/clean-text/UK/debates2023-12-18.txt (exe3/chunked-text/UK/chunk_1594.txt),63.1496,2023
hard_filter,uk,Has the official position in the last quarter of 2023 changed relative to the official position in the last quarter of 2025?,recency,5,BM25,fixed,exe3/clean-text/UK/debates2023-12-04.txt (exe3/chunked-text/UK/chunk_1344.txt),60.1779,2023
hard_filter,uk,Has the official position in the last quarter of 2023 changed relative to the official position in the last quarter of 2025?,recency,5,BM25,fixed,exe3/clean-text/UK/debates2023-12-18.txt (exe3/chunked-text/UK/chunk_1595.txt),58.42,2023
hard_filter,uk,What is the latest official position regarding legislation on the protection of veterans?,recency,5,BM25,fixed,exe3/clean-text/UK/debates2024-05-20.txt (exe3/chunked-text/UK/chunk_3624.txt),70.6588,2024
hard_filter,uk,What is the latest official position regarding legislation on the protection of veterans?,recency,5,BM25,fixed,exe3/clean-text/UK/debates2024-01-25.txt (exe3/chunked-text/UK/chunk_1985.txt),61.4863,2024
hard_filter,uk,What is the latest official position regarding legislation on the protection of veterans?,recency,5,BM25,fixed,exe3/clean-text/UK/debates2025-04-23.txt (exe3/chunked-text/UK/chunk_7135.txt),61.3975,2025
hard_filter,uk,What is the latest official position regarding legislation on the protection of veterans?,recency,5,BM25,fixed,exe3/clean-text/UK/debates2024-05-20.txt (exe3/chunked-text/UK/chunk_3625.txt),61.0638,2024
hard_filter,uk,What is the latest official position regarding legislation on the protection of veterans?,recency,5,BM25,fixed,exe3/clean-text/UK/debates2024-04-25.txt (exe3/chunked-text/UK/chunk_3223.txt),60.4367,2024
hard_filter,uk,how did the prime minister/president's rhetoric regarding the war between israel and hamas/gaza change between his first and last speech?,evolution,5,BM25,fixed,exe3/clean-text/UK/debates2024-01-08.txt (exe3/chunked-text/UK/chunk_1646.txt),156.0114,2024
hard_filter,uk,how did the prime minister/president's rhetoric regarding the war between israel and hamas/gaza change between his first and last speech?,evolution,5,BM25,fixed,exe3/clean-text/UK/debates2023-10-16.txt (exe3/chunked-text/UK/chunk_696.txt),151.9669,2023
hard_filter,uk,how did the prime minister/president's rhetoric regarding the war between israel and hamas/gaza change between his first and last speech?,evolution,5,BM25,fixed,exe3/clean-text/UK/debates2023-10-16.txt (exe3/chunked-text/UK/chunk_695.txt),140.3994,2023
hard_filter,uk,how did the prime minister/president's rhetoric regarding the war between israel and hamas/gaza change between his first and last speech?,evolution,5,BM25,fixed,exe3/clean-text/UK/debates2025-09-10.txt (exe3/chunked-text/UK/chunk_8790.txt),138.9847,2025
hard_filter,uk,how did the prime minister/president's rhetoric regarding the war between israel and hamas/gaza change between his first and last speech?,evolution,5,BM25,fixed,exe3/clean-text/UK/debates2023-12-19.txt (exe3/chunked-text/UK/chunk_1617.txt),135.8876,2023
hard_filter,uk,How has the approach to the restoration and maintenance of local and community infrastructure changed between late 2023 and late 2024?,evolution,5,BM25,fixed,exe3/clean-text/UK/debates2023-11-16.txt (exe3/chunked-text/UK/chunk_1105.txt),70.9065,2023
hard_filter,uk,How has the approach to the restoration and maintenance of local and community infrastructure changed between late 2023 and late 2024?,evolution,5,BM25,fixed,exe3/clean-text/UK/debates2023-10-26.txt (exe3/chunked-text/UK/chunk_910.txt),64.8066,2023
hard_filter,uk,How has the approach to the restoration and maintenance of local and community infrastructure changed between late 2023 and late 2024?,evolution,5,BM25,fixed,exe3/clean-text/UK/debates2023-11-21.txt (exe3/chunked-text/UK/chunk_1170.txt),64.6046,2023
hard_filter,uk,How has the approach to the restoration and maintenance of local and community infrastructure changed between late 2023 and late 2024?,evolution,5,BM25,fixed,exe3/clean-text/UK/debates2023-10-26.txt (exe3/chunked-text/UK/chunk_911.txt),63.2814,2023
hard_filter,uk,How has the approach to the restoration and maintenance of local and community infrastructure changed between late 2023 and late 2024?,evolution,5,BM25,fixed,exe3/clean-text/UK/debates2023-11-13.txt (exe3/chunked-text/UK/chunk_1021.txt),54.0627,2023
hard_filter,uk,who is the minister of defense/secretary of defense?,ambiguity,5,BM25,fixed,exe3/clean-text/UK/debates2025-01-06.txt (exe3/chunked-text/UK/chunk_5532.txt),24.7463,2025
hard_filter,uk,who is the minister of defense/secretary of defense?,ambiguity,5,BM25,fixed,exe3/clean-text/UK/debates2023-11-09.txt (exe3/chunked-text/UK/chunk_983.txt),2.9528,2023
hard_filter,uk,who is the minister of defense/secretary of defense?,ambiguity,5,BM25,fixed,exe3/clean-text/UK/debates2025-01-09.txt (exe3/chunked-text/UK/chunk_5620.txt),2.9229,2025
hard_filter,uk,who is the minister of defense/secretary of defense?,ambiguity,5,BM25,fixed,exe3/clean-text/UK/debates2024-03-20.txt (exe3/chunked-text/UK/chunk_2881.txt),2.913,2024
hard_filter,uk,who is the minister of defense/secretary of defense?,ambiguity,5,BM25,fixed,exe3/clean-text/UK/debates2024-02-26.txt (exe3/chunked-text/UK/chunk_2434.txt),2.8757,2024
hard_filter,uk,Who holds the position responsible for Rural Development?,ambiguity,5,BM25,fixed,exe3/clean-text/UK/debates2023-12-05.txt (exe3/chunked-text/UK/chunk_1388.txt),56.685,2023
hard_filter,uk,Who holds the position responsible for Rural Development?,ambiguity,5,BM25,fixed,exe3/clean-text/UK/debates2024-12-16.txt (exe3/chunked-text/UK/chunk_5428.txt),53.4639,2024
hard_filter,uk,Who holds the position responsible for Rural Development?,ambiguity,5,BM25,fixed,exe3/clean-text/UK/debates2024-12-03.txt (exe3/chunked-text/UK/chunk_5194.txt),52.7144,2024
hard_filter,uk,Who holds the position responsible for Rural Development?,ambiguity,5,BM25,fixed,exe3/clean-text/UK/debates2023-12-11.txt (exe3/chunked-text/UK/chunk_1475.txt),51.1839,2023
hard_filter,uk,Who holds the position responsible for Rural Development?,ambiguity,5,BM25,fixed,exe3/clean-text/UK/debates2024-09-09.txt (exe3/chunked-text/UK/chunk_4163.txt),50.1089,2024
hard_filter,uk,what was the specific budget allocated to security in 2024?,hard_filter,5,BM25,parentSon,exe3/clean-text/UK/debates2024-01-22.txt (exe3/parent-child-chunked-text/UK/children/child_chunk_4473.txt),71.6231,2024
hard_filter,uk,what was the specific budget allocated to security in 2024?,hard_filter,5,BM25,parentSon,exe3/clean-text/UK/debates2024-11-18.txt (exe3/parent-child-chunked-text/UK/children/child_chunk_11628.txt),68.7486,2024
hard_filter,uk,what was the specific budget allocated to security in 2024?,hard_filter,5,BM25,parentSon,exe3/clean-text/UK/debates2024-01-22.txt (exe3/parent-child-chunked-text/UK/children/child_chunk_4428.txt),68.0357,2024
hard_filter,uk,what was the specific budget allocated to security in 2024?,hard_filter,5,BM25,parentSon,exe3/clean-text/UK/debates2024-12-09.txt (exe3/parent-child-chunked-text/UK/children/child_chunk_12547.txt),60.667,2024
hard_filter,uk,what was the specific budget allocated to security in 2024?,hard_filter,5,BM25,parentSon,exe3/clean-text/UK/debates2024-11-21.txt (exe3/parent-child-chunked-text/UK/children/child_chunk_11784.txt),60.1756,2024
hard_filter,uk,What was the specific amount allocated to support the public sector for National Insurance costs in 2025?,hard_filter,5,BM25,parentSon,exe3/clean-text/UK/debates2025-03-04.txt (exe3/parent-child-chunked-text/UK/children/child_chunk_15078.txt),134.7677,2025
hard_filter,uk,What was the specific amount allocated to support the public sector for National Insurance costs in 2025?,hard_filter,5,BM25,parentSon,exe3/clean-text/UK/debates2025-01-27.txt (exe3/parent-child-chunked-text/UK/children/child_chunk_13969.txt),105.8969,2025
hard_filter,uk,What was the specific amount allocated to support the public sector for National Insurance costs in 2025?,hard_filter,5,BM25,parentSon,exe3/clean-text/UK/debates2025-01-27.txt (exe3/parent-child-chunked-text/UK/children/child_chunk_13970.txt),92.18,2025
hard_filter,uk,What was the specific amount allocated to support the public sector for National Insurance costs in 2025?,hard_filter,5,BM25,parentSon,exe3/clean-text/UK/debates2025-07-01.txt (exe3/parent-child-chunked-text/UK/children/child_chunk_19336.txt),88.3913,2025
hard_filter,uk,What was the specific amount allocated to support the public sector for National Insurance costs in 2025?,hard_filter,5,BM25,parentSon,exe3/clean-text/UK/debates2025-02-24.txt (exe3/parent-child-chunked-text/UK/children/child_chunk_14790.txt),83.6623,2025
hard_filter,uk,What is the current official position regarding the State of Israel?,recency,5,BM25,parentSon,exe3/clean-text/UK/debates2025-10-29.txt (exe3/parent-child-chunked-text/UK/children/child_chunk_21668.txt),84.9508,2025
hard_filter,uk,What is the current official position regarding the State of Israel?,recency,5,BM25,parentSon,exe3/clean-text/UK/debates2025-09-02.txt (exe3/parent-child-chunked-text/UK/children/child_chunk_20403.txt),72.7896,2025
hard_filter,uk,What is the current official position regarding the State of Israel?,recency,5,BM25,parentSon,exe3/clean-text/UK/debates2025-09-11.txt (exe3/parent-child-chunked-text/UK/children/child_chunk_20782.txt),68.053,2025
hard_filter,uk,What is the current official position regarding the State of Israel?,recency,5,BM25,parentSon,exe3/clean-text/UK/debates2025-01-07.txt (exe3/parent-child-chunked-text/UK/children/child_chunk_13145.txt),66.7005,2025
hard_filter,uk,What is the current official position regarding the State of Israel?,recency,5,BM25,parentSon,exe3/clean-text/UK/debates2025-04-23.txt (exe3/parent-child-chunked-text/UK/children/child_chunk_16848.txt),63.8935,2025
hard_filter,uk,What is the current official position regarding Hamas/Gaza?,recency,5,BM25,parentSon,exe3/clean-text/UK/debates2025-10-29.txt (exe3/parent-child-chunked-text/UK/children/child_chunk_21668.txt),125.6326,2025
hard_filter,uk,What is the current official position regarding Hamas/Gaza?,recency,5,BM25,parentSon,exe3/clean-text/UK/debates2025-01-07.txt (exe3/parent-child-chunked-text/UK/children/child_chunk_13145.txt),100.2208,2025
hard_filter,uk,What is the current official position regarding Hamas/Gaza?,recency,5,BM25,parentSon,exe3/clean-text/UK/debates2025-01-07.txt (exe3/parent-child-chunked-text/UK/children/child_chunk_13151.txt),84.2105,2025
hard_filter,uk,What is the current official position regarding Hamas/Gaza?,recency,5,BM25,parentSon,exe3/clean-text/UK/debates2025-10-29.txt (exe3/parent-child-chunked-text/UK/children/child_chunk_21674.txt),83.392,2025
hard_filter,uk,What is the current official position regarding Hamas/Gaza?,recency,5,BM25,parentSon,exe3/clean-text/UK/debates2025-01-07.txt (exe3/parent-child-chunked-text/UK/children/child_chunk_13143.txt),81.7693,2025
hard_filter,uk,Was the official position in the last quarter of 2023 supportive of the State of Israel?,recency,5,BM25,parentSon,exe3/clean-text/UK/debates2023-12-04.txt (exe3/parent-child-chunked-text/UK/children/child_chunk_3215.txt),92.1486,2023
hard_filter,uk,Was the official position in the last quarter of 2023 supportive of the State of Israel?,recency,5,BM25,parentSon,exe3/clean-text/UK/debates2023-11-14.txt (exe3/parent-child-chunked-text/UK/children/child_chunk_2506.txt),73.864,2023
hard_filter,uk,Was the official position in the last quarter of 2023 supportive of the State of Israel?,recency,5,BM25,parentSon,exe3/clean-text/UK/debates2023-06-29.txt (exe3/parent-child-chunked-text/UK/children/child_chunk_111.txt),72.5864,2023
hard_filter,uk,Was the official position in the last quarter of 2023 supportive of the State of Israel?,recency,5,BM25,parentSon,exe3/clean-text/UK/debates2023-06-29.txt (exe3/parent-child-chunked-text/UK/children/child_chunk_104.txt),67.0713,2023
hard_filter,uk,Was the official position in the last quarter of 2023 supportive of the State of Israel?,recency,5,BM25,parentSon,exe3/clean-text/UK/debates2023-12-04.txt (exe3/parent-child-chunked-text/UK/children/child_chunk_3163.txt),65.5498,2023
hard_filter,uk,Was the official position in the last quarter of 2023 supportive of Hamas/Gaza?,recency,5,BM25,parentSon,exe3/clean-text/UK/debates2023-12-11.txt (exe3/parent-child-chunked-text/UK/children/child_chunk_3480.txt),113.0418,2023
hard_filter,uk,Was the official position in the last quarter of 2023 supportive of Hamas/Gaza?,recency,5,BM25,parentSon,exe3/clean-text/UK/debates2023-12-04.txt (exe3/parent-child-chunked-text/UK/children/child_chunk_3216.txt),111.5206,2023
hard_filter,uk,Was the official position in the last quarter of 2023 supportive of Hamas/Gaza?,recency,5,BM25,parentSon,exe3/clean-text/UK/debates2023-11-14.txt (exe3/parent-child-chunked-text/UK/children/child_chunk_2506.txt),107.6418,2023
hard_filter,uk,Was the official position in the last quarter of 2023 supportive of Hamas/Gaza?,recency,5,BM25,parentSon,exe3/clean-text/UK/debates2023-11-27.txt (exe3/parent-child-chunked-text/UK/children/child_chunk_2941.txt),93.187,2023
hard_filter,uk,Was the official position in the last quarter of 2023 supportive of Hamas/Gaza?,recency,5,BM25,parentSon,exe3/clean-text/UK/debates2023-12-12.txt (exe3/parent-child-chunked-text/UK/children/child_chunk_3508.txt),91.1671,2023
hard_filter,uk,Has the official position in the last quarter of 2023 changed relative to the official position in the last quarter of 2025?,recency,5,BM25,parentSon,exe3/clean-text/UK/debates2023-06-29.txt (exe3/parent-child-chunked-text/UK/children/child_chunk_111.txt),82.0887,2023
hard_filter,uk,Has the official position in the last quarter of 2023 changed relative to the official position in the last quarter of 2025?,recency,5,BM25,parentSon,exe3/clean-text/UK/debates2023-07-19.txt (exe3/parent-child-chunked-text/UK/children/child_chunk_830.txt),77.233,2023
hard_filter,uk,Has the official position in the last quarter of 2023 changed relative to the official position in the last quarter of 2025?,recency,5,BM25,parentSon,exe3/clean-text/UK/debates2023-06-29.txt (exe3/parent-child-chunked-text/UK/children/child_chunk_104.txt),74.7405,2023
hard_filter,uk,Has the official position in the last quarter of 2023 changed relative to the official position in the last quarter of 2025?,recency,5,BM25,parentSon,exe3/clean-text/UK/debates2023-12-04.txt (exe3/parent-child-chunked-text/UK/children/child_chunk_3163.txt),73.9251,2023
hard_filter,uk,Has the official position in the last quarter of 2023 changed relative to the official position in the last quarter of 2025?,recency,5,BM25,parentSon,exe3/clean-text/UK/debates2023-11-21.txt (exe3/parent-child-chunked-text/UK/children/child_chunk_2757.txt),73.6258,2023
hard_filter,uk,What is the latest official position regarding legislation on the protection of veterans?,recency,5,BM25,parentSon,exe3/clean-text/UK/debates2024-01-25.txt (exe3/parent-child-chunked-text/UK/children/child_chunk_4692.txt),85.5638,2024
hard_filter,uk,What is the latest official position regarding legislation on the protection of veterans?,recency,5,BM25,parentSon,exe3/clean-text/UK/debates2024-05-07.txt (exe3/parent-child-chunked-text/UK/children/child_chunk_8019.txt),84.1478,2024
hard_filter,uk,What is the latest official position regarding legislation on the protection of veterans?,recency,5,BM25,parentSon,exe3/clean-text/UK/debates2025-09-02.txt (exe3/parent-child-chunked-text/UK/children/child_chunk_20403.txt),81.5555,2025
hard_filter,uk,What is the latest official position regarding legislation on the protection of veterans?,recency,5,BM25,parentSon,exe3/clean-text/UK/debates2025-06-25.txt (exe3/parent-child-chunked-text/UK/children/child_chunk_19152.txt),77.6594,2025
hard_filter,uk,What is the latest official position regarding legislation on the protection of veterans?,recency,5,BM25,parentSon,exe3/clean-text/UK/debates2024-12-03.txt (exe3/parent-child-chunked-text/UK/children/child_chunk_12288.txt),77.5732,2024
hard_filter,uk,how did the prime minister/president's rhetoric regarding the war between israel and hamas/gaza change between his first and last speech?,evolution,5,BM25,parentSon,exe3/clean-text/UK/debates2023-10-16.txt (exe3/parent-child-chunked-text/UK/children/child_chunk_1643.txt),172.8582,2023
hard_filter,uk,how did the prime minister/president's rhetoric regarding the war between israel and hamas/gaza change between his first and last speech?,evolution,5,BM25,parentSon,exe3/clean-text/UK/debates2024-01-08.txt (exe3/parent-child-chunked-text/UK/children/child_chunk_3876.txt),172.1456,2024
hard_filter,uk,how did the prime minister/president's rhetoric regarding the war between israel and hamas/gaza change between his first and last speech?,evolution,5,BM25,parentSon,exe3/clean-text/UK/debates2023-12-04.txt (exe3/parent-child-chunked-text/UK/children/child_chunk_3228.txt),156.1241,2023
hard_filter,uk,how did the prime minister/president's rhetoric regarding the war between israel and hamas/gaza change between his first and last speech?,evolution,5,BM25,parentSon,exe3/clean-text/UK/debates2025-05-14.txt (exe3/parent-child-chunked-text/UK/children/child_chunk_17658.txt),153.7175,2025
hard_filter,uk,how did the prime minister/president's rhetoric regarding the war between israel and hamas/gaza change between his first and last speech?,evolution,5,BM25,parentSon,exe3/clean-text/UK/debates2023-10-24.txt (exe3/parent-child-chunked-text/UK/children/child_chunk_1990.txt),143.2249,2023
hard_filter,uk,How has the approach to the restoration and maintenance of local and community infrastructure changed between late 2023 and late 2024?,evolution,5,BM25,parentSon,exe3/clean-text/UK/debates2023-10-26.txt (exe3/parent-child-chunked-text/UK/children/child_chunk_2150.txt),106.3702,2023
hard_filter,uk,How has the approach to the restoration and maintenance of local and community infrastructure changed between late 2023 and late 2024?,evolution,5,BM25,parentSon,exe3/clean-text/UK/debates2023-06-28.txt (exe3/parent-child-chunked-text/UK/children/child_chunk_37.txt),80.2547,2023
hard_filter,uk,How has the approach to the restoration and maintenance of local and community infrastructure changed between late 2023 and late 2024?,evolution,5,BM25,parentSon,exe3/clean-text/UK/debates2023-11-13.txt (exe3/parent-child-chunked-text/UK/children/child_chunk_2412.txt),78.1894,2023
hard_filter,uk,How has the approach to the restoration and maintenance of local and community infrastructure changed between late 2023 and late 2024?,evolution,5,BM25,parentSon,exe3/clean-text/UK/debates2023-07-12.txt (exe3/parent-child-chunked-text/UK/children/child_chunk_590.txt),76.4947,2023
hard_filter,uk,How has the approach to the restoration and maintenance of local and community infrastructure changed between late 2023 and late 2024?,evolution,5,BM25,parentSon,exe3/clean-text/UK/debates2023-11-16.txt (exe3/parent-child-chunked-text/UK/children/child_chunk_2611.txt),74.7464,2023
hard_filter,uk,who is the minister of defense/secretary of defense?,ambiguity,5,BM25,parentSon,exe3/clean-text/UK/debates2025-01-06.txt (exe3/parent-child-chunked-text/UK/children/child_chunk_13049.txt),33.5971,2025
hard_filter,uk,who is the minister of defense/secretary of defense?,ambiguity,5,BM25,parentSon,exe3/clean-text/UK/debates2024-03-20.txt (exe3/parent-child-chunked-text/UK/children/child_chunk_6787.txt),7.1148,2024
hard_filter,uk,who is the minister of defense/secretary of defense?,ambiguity,5,BM25,parentSon,exe3/clean-text/UK/debates2023-11-14.txt (exe3/parent-child-chunked-text/UK/children/child_chunk_2490.txt),6.9933,2023
hard_filter,uk,who is the minister of defense/secretary of defense?,ambiguity,5,BM25,parentSon,exe3/clean-text/UK/debates2023-11-09.txt (exe3/parent-child-chunked-text/UK/children/child_chunk_2335.txt),6.9818,2023
hard_filter,uk,who is the minister of defense/secretary of defense?,ambiguity,5,BM25,parentSon,exe3/clean-text/UK/debates2023-11-09.txt (exe3/parent-child-chunked-text/UK/children/child_chunk_2323.txt),6.8831,2023
hard_filter,uk,Who holds the position responsible for Rural Development?,ambiguity,5,BM25,parentSon,exe3/clean-text/UK/debates2024-12-16.txt (exe3/parent-child-chunked-text/UK/children/child_chunk_12807.txt),80.0128,2024
hard_filter,uk,Who holds the position responsible for Rural Development?,ambiguity,5,BM25,parentSon,exe3/clean-text/UK/debates2023-12-05.txt (exe3/parent-child-chunked-text/UK/children/child_chunk_3272.txt),77.2889,2023
hard_filter,uk,Who holds the position responsible for Rural Development?,ambiguity,5,BM25,parentSon,exe3/clean-text/UK/debates2025-06-19.txt (exe3/parent-child-chunked-text/UK/children/child_chunk_18869.txt),65.9482,2025
hard_filter,uk,Who holds the position responsible for Rural Development?,ambiguity,5,BM25,parentSon,exe3/clean-text/UK/debates2024-07-19.txt (exe3/parent-child-chunked-text/UK/children/child_chunk_8982.txt),64.2828,2024
hard_filter,uk,Who holds the position responsible for Rural Development?,ambiguity,5,BM25,parentSon,exe3/clean-text/UK/debates2024-12-03.txt (exe3/parent-child-chunked-text/UK/children/child_chunk_12258.txt),64.2686,2024
hard_filter,uk,what was the specific budget allocated to security in 2024?,hard_filter,8,DENSE,fixed,exe3/clean-text/UK/debates2024-04-24.txt (exe3/chunked-text/UK/chunk_3216.txt),0.856,2024
hard_filter,uk,what was the specific budget allocated to security in 2024?,hard_filter,8,DENSE,fixed,exe3/clean-text/UK/debates2024-03-11.txt (exe3/chunked-text/UK/chunk_2678.txt),0.8557,2024
hard_filter,uk,what was the specific budget allocated to security in 2024?,hard_filter,8,DENSE,fixed,exe3/clean-text/UK/debates2024-10-30.txt (exe3/chunked-text/UK/chunk_4683.txt),0.8557,2024
hard_filter,uk,what was the specific budget allocated to security in 2024?,hard_filter,8,DENSE,fixed,exe3/clean-text/UK/debates2024-05-20.txt (exe3/chunked-text/UK/chunk_3616.txt),0.8539,2024
hard_filter,uk,what was the specific budget allocated to security in 2024?,hard_filter,8,DENSE,fixed,exe3/clean-text/UK/debates2024-12-05.txt (exe3/chunked-text/UK/chunk_5263.txt),0.8536,2024
hard_filter,uk,what was the specific budget allocated to security in 2024?,hard_filter,8,DENSE,fixed,exe3/clean-text/UK/debates2024-10-30.txt (exe3/chunked-text/UK/chunk_4677.txt),0.8535,2024
hard_filter,uk,what was the specific budget allocated to security in 2024?,hard_filter,8,DENSE,fixed,exe3/clean-text/UK/debates2024-10-30.txt (exe3/chunked-text/UK/chunk_4684.txt),0.8534,2024
hard_filter,uk,what was the specific budget allocated to security in 2024?,hard_filter,8,DENSE,fixed,exe3/clean-text/UK/debates2024-12-19.txt (exe3/chunked-text/UK/chunk_5497.txt),0.8532,2024
hard_filter,uk,What was the specific amount allocated to support the public sector for National Insurance costs in 2025?,hard_filter,8,DENSE,fixed,exe3/clean-text/UK/debates2025-01-27.txt (exe3/chunked-text/UK/chunk_5924.txt),0.8545,2025
hard_filter,uk,What was the specific amount allocated to support the public sector for National Insurance costs in 2025?,hard_filter,8,DENSE,fixed,exe3/clean-text/UK/debates2025-03-19.txt (exe3/chunked-text/UK/chunk_6722.txt),0.8524,2025
hard_filter,uk,What was the specific amount allocated to support the public sector for National Insurance costs in 2025?,hard_filter,8,DENSE,fixed,exe3/clean-text/UK/debates2025-03-04.txt (exe3/chunked-text/UK/chunk_6393.txt),0.8507,2025
hard_filter,uk,What was the specific amount allocated to support the public sector for National Insurance costs in 2025?,hard_filter,8,DENSE,fixed,exe3/clean-text/UK/debates2025-01-21.txt (exe3/chunked-text/UK/chunk_5816.txt),0.8487,2025
hard_filter,uk,What was the specific amount allocated to support the public sector for National Insurance costs in 2025?,hard_filter,8,DENSE,fixed,exe3/clean-text/UK/debates2025-03-04.txt (exe3/chunked-text/UK/chunk_6391.txt),0.846,2025
hard_filter,uk,What was the specific amount allocated to support the public sector for National Insurance costs in 2025?,hard_filter,8,DENSE,fixed,exe3/clean-text/UK/debates2025-05-22.txt (exe3/chunked-text/UK/chunk_7644.txt),0.8458,2025
hard_filter,uk,What was the specific amount allocated to support the public sector for National Insurance costs in 2025?,hard_filter,8,DENSE,fixed,exe3/clean-text/UK/debates2025-04-02.txt (exe3/chunked-text/UK/chunk_6956.txt),0.8437,2025
hard_filter,uk,What was the specific amount allocated to support the public sector for National Insurance costs in 2025?,hard_filter,8,DENSE,fixed,exe3/clean-text/UK/debates2025-05-22.txt (exe3/chunked-text/UK/chunk_7628.txt),0.8391,2025
hard_filter,uk,What is the current official position regarding the State of Israel?,recency,8,DENSE,fixed,exe3/clean-text/UK/debates2025-03-20.txt (exe3/chunked-text/UK/chunk_6728.txt),0.8429,2025
hard_filter,uk,What is the current official position regarding the State of Israel?,recency,8,DENSE,fixed,exe3/clean-text/UK/debates2025-05-13.txt (exe3/chunked-text/UK/chunk_7441.txt),0.8359,2025
hard_filter,uk,What is the current official position regarding the State of Israel?,recency,8,DENSE,fixed,exe3/clean-text/UK/debates2025-03-04.txt (exe3/chunked-text/UK/chunk_6408.txt),0.8358,2025
hard_filter,uk,What is the current official position regarding the State of Israel?,recency,8,DENSE,fixed,exe3/clean-text/UK/debates2025-01-07.txt (exe3/chunked-text/UK/chunk_5571.txt),0.8357,2025
hard_filter,uk,What is the current official position regarding the State of Israel?,recency,8,DENSE,fixed,exe3/clean-text/UK/debates2025-09-02.txt (exe3/chunked-text/UK/chunk_8637.txt),0.8351,2025
hard_filter,uk,What is the current official position regarding the State of Israel?,recency,8,DENSE,fixed,exe3/clean-text/UK/debates2025-01-14.txt (exe3/chunked-text/UK/chunk_5677.txt),0.8343,2025
hard_filter,uk,What is the current official position regarding the State of Israel?,recency,8,DENSE,fixed,exe3/clean-text/UK/debates2025-02-25.txt (exe3/chunked-text/UK/chunk_6281.txt),0.834,2025
hard_filter,uk,What is the current official position regarding the State of Israel?,recency,8,DENSE,fixed,exe3/clean-text/UK/debates2025-09-02.txt (exe3/chunked-text/UK/chunk_8645.txt),0.8335,2025
hard_filter,uk,What is the current official position regarding Hamas/Gaza?,recency,8,DENSE,fixed,exe3/clean-text/UK/debates2025-03-04.txt (exe3/chunked-text/UK/chunk_6408.txt),0.8762,2025
hard_filter,uk,What is the current official position regarding Hamas/Gaza?,recency,8,DENSE,fixed,exe3/clean-text/UK/debates2025-10-29.txt (exe3/chunked-text/UK/chunk_9174.txt),0.8754,2025
hard_filter,uk,What is the current official position regarding Hamas/Gaza?,recency,8,DENSE,fixed,exe3/clean-text/UK/debates2025-01-07.txt (exe3/chunked-text/UK/chunk_5570.txt),0.8753,2025
hard_filter,uk,What is the current official position regarding Hamas/Gaza?,recency,8,DENSE,fixed,exe3/clean-text/UK/debates2025-10-29.txt (exe3/chunked-text/UK/chunk_9173.txt),0.8738,2025
hard_filter,uk,What is the current official position regarding Hamas/Gaza?,recency,8,DENSE,fixed,exe3/clean-text/UK/debates2025-02-27.txt (exe3/chunked-text/UK/chunk_6351.txt),0.8726,2025
hard_filter,uk,What is the current official position regarding Hamas/Gaza?,recency,8,DENSE,fixed,exe3/clean-text/UK/debates2025-01-07.txt (exe3/chunked-text/UK/chunk_5574.txt),0.872,2025
hard_filter,uk,What is the current official position regarding Hamas/Gaza?,recency,8,DENSE,fixed,exe3/clean-text/UK/debates2025-09-02.txt (exe3/chunked-text/UK/chunk_8637.txt),0.8706,2025
hard_filter,uk,What is the current official position regarding Hamas/Gaza?,recency,8,DENSE,fixed,exe3/clean-text/UK/debates2025-01-14.txt (exe3/chunked-text/UK/chunk_5671.txt),0.8699,2025
hard_filter,uk,Was the official position in the last quarter of 2023 supportive of the State of Israel?,recency,8,DENSE,fixed,exe3/clean-text/UK/debates2023-07-04.txt (exe3/chunked-text/UK/chunk_106.txt),0.8431,2023
hard_filter,uk,Was the official position in the last quarter of 2023 supportive of the State of Israel?,recency,8,DENSE,fixed,exe3/clean-text/UK/debates2023-11-14.txt (exe3/chunked-text/UK/chunk_1061.txt),0.8415,2023
hard_filter,uk,Was the official position in the last quarter of 2023 supportive of the State of Israel?,recency,8,DENSE,fixed,exe3/clean-text/UK/debates2023-07-18.txt (exe3/chunked-text/UK/chunk_313.txt),0.8415,2023
hard_filter,uk,Was the official position in the last quarter of 2023 supportive of the State of Israel?,recency,8,DENSE,fixed,exe3/clean-text/UK/debates2023-07-18.txt (exe3/chunked-text/UK/chunk_314.txt),0.8383,2023
hard_filter,uk,Was the official position in the last quarter of 2023 supportive of the State of Israel?,recency,8,DENSE,fixed,exe3/clean-text/UK/debates2023-10-16.txt (exe3/chunked-text/UK/chunk_699.txt),0.8375,2023
hard_filter,uk,Was the official position in the last quarter of 2023 supportive of the State of Israel?,recency,8,DENSE,fixed,exe3/clean-text/UK/debates2023-11-27.txt (exe3/chunked-text/UK/chunk_1248.txt),0.8365,2023
hard_filter,uk,Was the official position in the last quarter of 2023 supportive of the State of Israel?,recency,8,DENSE,fixed,exe3/clean-text/UK/debates2023-10-18.txt (exe3/chunked-text/UK/chunk_745.txt),0.8342,2023
hard_filter,uk,Was the official position in the last quarter of 2023 supportive of the State of Israel?,recency,8,DENSE,fixed,exe3/clean-text/UK/debates2023-07-04.txt (exe3/chunked-text/UK/chunk_107.txt),0.8332,2023
hard_filter,uk,Was the official position in the last quarter of 2023 supportive of Hamas/Gaza?,recency,8,DENSE,fixed,exe3/clean-text/UK/debates2023-10-16.txt (exe3/chunked-text/UK/chunk_699.txt),0.8693,2023
hard_filter,uk,Was the official position in the last quarter of 2023 supportive of Hamas/Gaza?,recency,8,DENSE,fixed,exe3/clean-text/UK/debates2023-11-14.txt (exe3/chunked-text/UK/chunk_1061.txt),0.8647,2023
hard_filter,uk,Was the official position in the last quarter of 2023 supportive of Hamas/Gaza?,recency,8,DENSE,fixed,exe3/clean-text/UK/debates2023-10-26.txt (exe3/chunked-text/UK/chunk_916.txt),0.8634,2023
hard_filter,uk,Was the official position in the last quarter of 2023 supportive of Hamas/Gaza?,recency,8,DENSE,fixed,exe3/clean-text/UK/debates2023-12-19.txt (exe3/chunked-text/UK/chunk_1620.txt),0.8581,2023
hard_filter,uk,Was the official position in the last quarter of 2023 supportive of Hamas/Gaza?,recency,8,DENSE,fixed,exe3/clean-text/UK/debates2023-12-05.txt (exe3/chunked-text/UK/chunk_1392.txt),0.8571,2023
hard_filter,uk,Was the official position in the last quarter of 2023 supportive of Hamas/Gaza?,recency,8,DENSE,fixed,exe3/clean-text/UK/debates2023-10-18.txt (exe3/chunked-text/UK/chunk_745.txt),0.8564,2023
hard_filter,uk,Was the official position in the last quarter of 2023 supportive of Hamas/Gaza?,recency,8,DENSE,fixed,exe3/clean-text/UK/debates2023-12-04.txt (exe3/chunked-text/UK/chunk_1363.txt),0.8544,2023
hard_filter,uk,Was the official position in the last quarter of 2023 supportive of Hamas/Gaza?,recency,8,DENSE,fixed,exe3/clean-text/UK/debates2023-10-24.txt (exe3/chunked-text/UK/chunk_842.txt),0.853,2023
hard_filter,uk,Has the official position in the last quarter of 2023 changed relative to the official position in the last quarter of 2025?,recency,8,DENSE,fixed,exe3/clean-text/UK/debates2023-10-17.txt (exe3/chunked-text/UK/chunk_717.txt),0.8599,2023
hard_filter,uk,Has the official position in the last quarter of 2023 changed relative to the official position in the last quarter of 2025?,recency,8,DENSE,fixed,exe3/clean-text/UK/debates2023-10-19.txt (exe3/chunked-text/UK/chunk_773.txt),0.8596,2023
hard_filter,uk,Has the official position in the last quarter of 2023 changed relative to the official position in the last quarter of 2025?,recency,8,DENSE,fixed,exe3/clean-text/UK/debates2023-11-23.txt (exe3/chunked-text/UK/chunk_1212.txt),0.8586,2023
hard_filter,uk,Has the official position in the last quarter of 2023 changed relative to the official position in the last quarter of 2025?,recency,8,DENSE,fixed,exe3/clean-text/UK/debates2023-11-23.txt (exe3/chunked-text/UK/chunk_1211.txt),0.8565,2023
hard_filter,uk,Has the official position in the last quarter of 2023 changed relative to the official position in the last quarter of 2025?,recency,8,DENSE,fixed,exe3/clean-text/UK/debates2023-12-18.txt (exe3/chunked-text/UK/chunk_1572.txt),0.8524,2023
hard_filter,uk,Has the official position in the last quarter of 2023 changed relative to the official position in the last quarter of 2025?,recency,8,DENSE,fixed,exe3/clean-text/UK/debates2023-12-07.txt (exe3/chunked-text/UK/chunk_1442.txt),0.8523,2023
hard_filter,uk,Has the official position in the last quarter of 2023 changed relative to the official position in the last quarter of 2025?,recency,8,DENSE,fixed,exe3/clean-text/UK/debates2023-10-17.txt (exe3/chunked-text/UK/chunk_726.txt),0.8518,2023
hard_filter,uk,Has the official position in the last quarter of 2023 changed relative to the official position in the last quarter of 2025?,recency,8,DENSE,fixed,exe3/clean-text/UK/debates2023-10-23.txt (exe3/chunked-text/UK/chunk_814.txt),0.8509,2023
hard_filter,uk,What is the latest official position regarding legislation on the protection of veterans?,recency,8,DENSE,fixed,exe3/clean-text/UK/debates2025-10-15.txt (exe3/chunked-text/UK/chunk_8936.txt),0.8661,2025
hard_filter,uk,What is the latest official position regarding legislation on the protection of veterans?,recency,8,DENSE,fixed,exe3/clean-text/UK/debates2025-10-15.txt (exe3/chunked-text/UK/chunk_8939.txt),0.866,2025
hard_filter,uk,What is the latest official position regarding legislation on the protection of veterans?,recency,8,DENSE,fixed,exe3/clean-text/UK/debates2025-06-30.txt (exe3/chunked-text/UK/chunk_8159.txt),0.8658,2025
hard_filter,uk,What is the latest official position regarding legislation on the protection of veterans?,recency,8,DENSE,fixed,exe3/clean-text/UK/debates2025-05-21.txt (exe3/chunked-text/UK/chunk_7597.txt),0.8585,2025
hard_filter,uk,What is the latest official position regarding legislation on the protection of veterans?,recency,8,DENSE,fixed,exe3/clean-text/UK/debates2023-12-13.txt (exe3/chunked-text/UK/chunk_1530.txt),0.857,2023
hard_filter,uk,What is the latest official position regarding legislation on the protection of veterans?,recency,8,DENSE,fixed,exe3/clean-text/UK/debates2025-09-08.txt (exe3/chunked-text/UK/chunk_8715.txt),0.8542,2025
hard_filter,uk,What is the latest official position regarding legislation on the protection of veterans?,recency,8,DENSE,fixed,exe3/clean-text/UK/debates2025-05-19.txt (exe3/chunked-text/UK/chunk_7544.txt),0.8533,2025
hard_filter,uk,What is the latest official position regarding legislation on the protection of veterans?,recency,8,DENSE,fixed,exe3/clean-text/UK/debates2025-03-24.txt (exe3/chunked-text/UK/chunk_6772.txt),0.8495,2025
hard_filter,uk,how did the prime minister/president's rhetoric regarding the war between israel and hamas/gaza change between his first and last speech?,evolution,8,DENSE,fixed,exe3/clean-text/UK/debates2023-10-16.txt (exe3/chunked-text/UK/chunk_695.txt),0.9044,2023
hard_filter,uk,how did the prime minister/president's rhetoric regarding the war between israel and hamas/gaza change between his first and last speech?,evolution,8,DENSE,fixed,exe3/clean-text/UK/debates2024-04-15.txt (exe3/chunked-text/UK/chunk_3019.txt),0.8997,2024
hard_filter,uk,how did the prime minister/president's rhetoric regarding the war between israel and hamas/gaza change between his first and last speech?,evolution,8,DENSE,fixed,exe3/clean-text/UK/debates2024-01-15.txt (exe3/chunked-text/UK/chunk_1756.txt),0.8987,2024
hard_filter,uk,how did the prime minister/president's rhetoric regarding the war between israel and hamas/gaza change between his first and last speech?,evolution,8,DENSE,fixed,exe3/clean-text/UK/debates2023-10-16.txt (exe3/chunked-text/UK/chunk_696.txt),0.8981,2023
hard_filter,uk,how did the prime minister/president's rhetoric regarding the war between israel and hamas/gaza change between his first and last speech?,evolution,8,DENSE,fixed,exe3/clean-text/UK/debates2023-12-11.txt (exe3/chunked-text/UK/chunk_1477.txt),0.8976,2023
hard_filter,uk,how did the prime minister/president's rhetoric regarding the war between israel and hamas/gaza change between his first and last speech?,evolution,8,DENSE,fixed,exe3/clean-text/UK/debates2024-07-19.txt (exe3/chunked-text/UK/chunk_3832.txt),0.8973,2024
hard_filter,uk,how did the prime minister/president's rhetoric regarding the war between israel and hamas/gaza change between his first and last speech?,evolution,8,DENSE,fixed,exe3/clean-text/UK/debates2024-04-15.txt (exe3/chunked-text/UK/chunk_3017.txt),0.8973,2024
hard_filter,uk,how did the prime minister/president's rhetoric regarding the war between israel and hamas/gaza change between his first and last speech?,evolution,8,DENSE,fixed,exe3/clean-text/UK/debates2023-10-18.txt (exe3/chunked-text/UK/chunk_739.txt),0.897,2023
hard_filter,uk,How has the approach to the restoration and maintenance of local and community infrastructure changed between late 2023 and late 2024?,evolution,8,DENSE,fixed,exe3/clean-text/UK/debates2023-11-09.txt (exe3/chunked-text/UK/chunk_981.txt),0.8652,2023
hard_filter,uk,How has the approach to the restoration and maintenance of local and community infrastructure changed between late 2023 and late 2024?,evolution,8,DENSE,fixed,exe3/clean-text/UK/debates2023-11-09.txt (exe3/chunked-text/UK/chunk_980.txt),0.8613,2023
hard_filter,uk,How has the approach to the restoration and maintenance of local and community infrastructure changed between late 2023 and late 2024?,evolution,8,DENSE,fixed,exe3/clean-text/UK/debates2023-10-26.txt (exe3/chunked-text/UK/chunk_895.txt),0.8562,2023
hard_filter,uk,How has the approach to the restoration and maintenance of local and community infrastructure changed between late 2023 and late 2024?,evolution,8,DENSE,fixed,exe3/clean-text/UK/debates2023-07-13.txt (exe3/chunked-text/UK/chunk_269.txt),0.8538,2023
hard_filter,uk,How has the approach to the restoration and maintenance of local and community infrastructure changed between late 2023 and late 2024?,evolution,8,DENSE,fixed,exe3/clean-text/UK/debates2023-12-04.txt (exe3/chunked-text/UK/chunk_1354.txt),0.8525,2023
hard_filter,uk,How has the approach to the restoration and maintenance of local and community infrastructure changed between late 2023 and late 2024?,evolution,8,DENSE,fixed,exe3/clean-text/UK/debates2023-07-13.txt (exe3/chunked-text/UK/chunk_261.txt),0.8521,2023
hard_filter,uk,How has the approach to the restoration and maintenance of local and community infrastructure changed between late 2023 and late 2024?,evolution,8,DENSE,fixed,exe3/clean-text/UK/debates2023-09-05.txt (exe3/chunked-text/UK/chunk_437.txt),0.8515,2023
hard_filter,uk,How has the approach to the restoration and maintenance of local and community infrastructure changed between late 2023 and late 2024?,evolution,8,DENSE,fixed,exe3/clean-text/UK/debates2023-11-28.txt (exe3/chunked-text/UK/chunk_1269.txt),0.8514,2023
hard_filter,uk,who is the minister of defense/secretary of defense?,ambiguity,8,DENSE,fixed,exe3/clean-text/UK/debates2024-04-24.txt (exe3/chunked-text/UK/chunk_3217.txt),0.8776,2024
hard_filter,uk,who is the minister of defense/secretary of defense?,ambiguity,8,DENSE,fixed,exe3/clean-text/UK/debates2025-01-06.txt (exe3/chunked-text/UK/chunk_5538.txt),0.8694,2025
hard_filter,uk,who is the minister of defense/secretary of defense?,ambiguity,8,DENSE,fixed,exe3/clean-text/UK/debates2023-12-18.txt (exe3/chunked-text/UK/chunk_1591.txt),0.8677,2023
hard_filter,uk,who is the minister of defense/secretary of defense?,ambiguity,8,DENSE,fixed,exe3/clean-text/UK/debates2024-03-25.txt (exe3/chunked-text/UK/chunk_2948.txt),0.8646,2024
hard_filter,uk,who is the minister of defense/secretary of defense?,ambiguity,8,DENSE,fixed,exe3/clean-text/UK/debates2024-01-08.txt (exe3/chunked-text/UK/chunk_1634.txt),0.8633,2024
hard_filter,uk,who is the minister of defense/secretary of defense?,ambiguity,8,DENSE,fixed,exe3/clean-text/UK/debates2025-09-08.txt (exe3/chunked-text/UK/chunk_8718.txt),0.863,2025
hard_filter,uk,who is the minister of defense/secretary of defense?,ambiguity,8,DENSE,fixed,exe3/clean-text/UK/debates2024-03-11.txt (exe3/chunked-text/UK/chunk_2682.txt),0.8629,2024
hard_filter,uk,who is the minister of defense/secretary of defense?,ambiguity,8,DENSE,fixed,exe3/clean-text/UK/debates2023-09-11.txt (exe3/chunked-text/UK/chunk_515.txt),0.8628,2023
hard_filter,uk,Who holds the position responsible for Rural Development?,ambiguity,8,DENSE,fixed,exe3/clean-text/UK/debates2024-12-19.txt (exe3/chunked-text/UK/chunk_5496.txt),0.8196,2024
hard_filter,uk,Who holds the position responsible for Rural Development?,ambiguity,8,DENSE,fixed,exe3/clean-text/UK/debates2025-01-16.txt (exe3/chunked-text/UK/chunk_5725.txt),0.8124,2025
hard_filter,uk,Who holds the position responsible for Rural Development?,ambiguity,8,DENSE,fixed,exe3/clean-text/UK/debates2023-10-19.txt (exe3/chunked-text/UK/chunk_764.txt),0.8119,2023
hard_filter,uk,Who holds the position responsible for Rural Development?,ambiguity,8,DENSE,fixed,exe3/clean-text/UK/debates2023-12-07.txt (exe3/chunked-text/UK/chunk_1435.txt),0.8111,2023
hard_filter,uk,Who holds the position responsible for Rural Development?,ambiguity,8,DENSE,fixed,exe3/clean-text/UK/debates2024-12-04.txt (exe3/chunked-text/UK/chunk_5237.txt),0.8105,2024
hard_filter,uk,Who holds the position responsible for Rural Development?,ambiguity,8,DENSE,fixed,exe3/clean-text/UK/debates2024-03-04.txt (exe3/chunked-text/UK/chunk_2563.txt),0.8098,2024
hard_filter,uk,Who holds the position responsible for Rural Development?,ambiguity,8,DENSE,fixed,exe3/clean-text/UK/debates2024-10-09.txt (exe3/chunked-text/UK/chunk_4349.txt),0.8088,2024
hard_filter,uk,Who holds the position responsible for Rural Development?,ambiguity,8,DENSE,fixed,exe3/clean-text/UK/debates2024-03-14.txt (exe3/chunked-text/UK/chunk_2745.txt),0.8087,2024
hard_filter,uk,what was the specific budget allocated to security in 2024?,hard_filter,8,DENSE,parentSon,exe3/clean-text/UK/debates2024-10-23.txt (exe3/parent-child-chunked-text/UK/children/child_chunk_10740.txt),0.8562,2024
hard_filter,uk,what was the specific budget allocated to security in 2024?,hard_filter,8,DENSE,parentSon,exe3/clean-text/UK/debates2024-03-11.txt (exe3/parent-child-chunked-text/UK/children/child_chunk_6320.txt),0.8553,2024
hard_filter,uk,what was the specific budget allocated to security in 2024?,hard_filter,8,DENSE,parentSon,exe3/clean-text/UK/debates2024-05-07.txt (exe3/parent-child-chunked-text/UK/children/child_chunk_7982.txt),0.8516,2024
hard_filter,uk,what was the specific budget allocated to security in 2024?,hard_filter,8,DENSE,parentSon,exe3/clean-text/UK/debates2024-10-30.txt (exe3/parent-child-chunked-text/UK/children/child_chunk_11033.txt),0.8483,2024
hard_filter,uk,what was the specific budget allocated to security in 2024?,hard_filter,8,DENSE,parentSon,exe3/clean-text/UK/debates2024-04-29.txt (exe3/parent-child-chunked-text/UK/children/child_chunk_7732.txt),0.8479,2024
hard_filter,uk,what was the specific budget allocated to security in 2024?,hard_filter,8,DENSE,parentSon,exe3/clean-text/UK/debates2024-05-20.txt (exe3/parent-child-chunked-text/UK/children/child_chunk_8520.txt),0.847,2024
hard_filter,uk,what was the specific budget allocated to security in 2024?,hard_filter,8,DENSE,parentSon,exe3/clean-text/UK/debates2024-05-20.txt (exe3/parent-child-chunked-text/UK/children/child_chunk_8519.txt),0.8462,2024
hard_filter,uk,what was the specific budget allocated to security in 2024?,hard_filter,8,DENSE,parentSon,exe3/clean-text/UK/debates2024-10-30.txt (exe3/parent-child-chunked-text/UK/children/child_chunk_11049.txt),0.8455,2024
hard_filter,uk,What was the specific amount allocated to support the public sector for National Insurance costs in 2025?,hard_filter,8,DENSE,parentSon,exe3/clean-text/UK/debates2025-04-02.txt (exe3/parent-child-chunked-text/UK/children/child_chunk_16422.txt),0.8541,2025
hard_filter,uk,What was the specific amount allocated to support the public sector for National Insurance costs in 2025?,hard_filter,8,DENSE,parentSon,exe3/clean-text/UK/debates2025-03-19.txt (exe3/parent-child-chunked-text/UK/children/child_chunk_15863.txt),0.8529,2025
hard_filter,uk,What was the specific amount allocated to support the public sector for National Insurance costs in 2025?,hard_filter,8,DENSE,parentSon,exe3/clean-text/UK/debates2025-01-27.txt (exe3/parent-child-chunked-text/UK/children/child_chunk_13969.txt),0.852,2025
hard_filter,uk,What was the specific amount allocated to support the public sector for National Insurance costs in 2025?,hard_filter,8,DENSE,parentSon,exe3/clean-text/UK/debates2025-03-04.txt (exe3/parent-child-chunked-text/UK/children/child_chunk_15078.txt),0.8488,2025
hard_filter,uk,What was the specific amount allocated to support the public sector for National Insurance costs in 2025?,hard_filter,8,DENSE,parentSon,exe3/clean-text/UK/debates2025-01-21.txt (exe3/parent-child-chunked-text/UK/children/child_chunk_13718.txt),0.8439,2025
hard_filter,uk,What was the specific amount allocated to support the public sector for National Insurance costs in 2025?,hard_filter,8,DENSE,parentSon,exe3/clean-text/UK/debates2025-05-22.txt (exe3/parent-child-chunked-text/UK/children/child_chunk_18048.txt),0.8424,2025
hard_filter,uk,What was the specific amount allocated to support the public sector for National Insurance costs in 2025?,hard_filter,8,DENSE,parentSon,exe3/clean-text/UK/debates2025-09-09.txt (exe3/parent-child-chunked-text/UK/children/child_chunk_20666.txt),0.8407,2025
hard_filter,uk,What was the specific amount allocated to support the public sector for National Insurance costs in 2025?,hard_filter,8,DENSE,parentSon,exe3/clean-text/UK/debates2025-06-23.txt (exe3/parent-child-chunked-text/UK/children/child_chunk_19027.txt),0.8392,2025
hard_filter,uk,What is the current official position regarding the State of Israel?,recency,8,DENSE,parentSon,exe3/clean-text/UK/debates2025-03-20.txt (exe3/parent-child-chunked-text/UK/children/child_chunk_15875.txt),0.8373,2025
hard_filter,uk,What is the current official position regarding the State of Israel?,recency,8,DENSE,parentSon,exe3/clean-text/UK/debates2025-03-20.txt (exe3/parent-child-chunked-text/UK/children/child_chunk_15876.txt),0.8366,2025
hard_filter,uk,What is the current official position regarding the State of Israel?,recency,8,DENSE,parentSon,exe3/clean-text/UK/debates2025-06-24.txt (exe3/parent-child-chunked-text/UK/children/child_chunk_19060.txt),0.8338,2025
hard_filter,uk,What is the current official position regarding the State of Israel?,recency,8,DENSE,parentSon,exe3/clean-text/UK/debates2025-03-04.txt (exe3/parent-child-chunked-text/UK/children/child_chunk_15114.txt),0.8335,2025
hard_filter,uk,What is the current official position regarding the State of Israel?,recency,8,DENSE,parentSon,exe3/clean-text/UK/debates2025-09-02.txt (exe3/parent-child-chunked-text/UK/children/child_chunk_20411.txt),0.8328,2025
hard_filter,uk,What is the current official position regarding the State of Israel?,recency,8,DENSE,parentSon,exe3/clean-text/UK/debates2025-04-01.txt (exe3/parent-child-chunked-text/UK/children/child_chunk_16354.txt),0.8326,2025
hard_filter,uk,What is the current official position regarding the State of Israel?,recency,8,DENSE,parentSon,exe3/clean-text/UK/debates2025-09-10.txt (exe3/parent-child-chunked-text/UK/children/child_chunk_20758.txt),0.8325,2025
hard_filter,uk,What is the current official position regarding the State of Israel?,recency,8,DENSE,parentSon,exe3/clean-text/UK/debates2025-09-10.txt (exe3/parent-child-chunked-text/UK/children/child_chunk_20742.txt),0.8323,2025
hard_filter,uk,What is the current official position regarding Hamas/Gaza?,recency,8,DENSE,parentSon,exe3/clean-text/UK/debates2025-10-29.txt (exe3/parent-child-chunked-text/UK/children/child_chunk_21667.txt),0.8699,2025
hard_filter,uk,What is the current official position regarding Hamas/Gaza?,recency,8,DENSE,parentSon,exe3/clean-text/UK/debates2025-02-27.txt (exe3/parent-child-chunked-text/UK/children/child_chunk_14978.txt),0.8676,2025
hard_filter,uk,What is the current official position regarding Hamas/Gaza?,recency,8,DENSE,parentSon,exe3/clean-text/UK/debates2025-02-25.txt (exe3/parent-child-chunked-text/UK/children/child_chunk_14809.txt),0.8673,2025
hard_filter,uk,What is the current official position regarding Hamas/Gaza?,recency,8,DENSE,parentSon,exe3/clean-text/UK/debates2025-03-04.txt (exe3/parent-child-chunked-text/UK/children/child_chunk_15113.txt),0.8672,2025
hard_filter,uk,What is the current official position regarding Hamas/Gaza?,recency,8,DENSE,parentSon,exe3/clean-text/UK/debates2025-01-07.txt (exe3/parent-child-chunked-text/UK/children/child_chunk_13143.txt),0.8653,2025
hard_filter,uk,What is the current official position regarding Hamas/Gaza?,recency,8,DENSE,parentSon,exe3/clean-text/UK/debates2025-02-06.txt (exe3/parent-child-chunked-text/UK/children/child_chunk_14450.txt),0.865,2025
hard_filter,uk,What is the current official position regarding Hamas/Gaza?,recency,8,DENSE,parentSon,exe3/clean-text/UK/debates2025-05-14.txt (exe3/parent-child-chunked-text/UK/children/child_chunk_17642.txt),0.8647,2025
hard_filter,uk,What is the current official position regarding Hamas/Gaza?,recency,8,DENSE,parentSon,exe3/clean-text/UK/debates2025-09-10.txt (exe3/parent-child-chunked-text/UK/children/child_chunk_20758.txt),0.8644,2025
hard_filter,uk,Was the official position in the last quarter of 2023 supportive of the State of Israel?,recency,8,DENSE,parentSon,exe3/clean-text/UK/debates2023-10-17.txt (exe3/parent-child-chunked-text/UK/children/child_chunk_1714.txt),0.8446,2023
hard_filter,uk,Was the official position in the last quarter of 2023 supportive of the State of Israel?,recency,8,DENSE,parentSon,exe3/clean-text/UK/debates2023-07-04.txt (exe3/parent-child-chunked-text/UK/children/child_chunk_256.txt),0.8375,2023
hard_filter,uk,Was the official position in the last quarter of 2023 supportive of the State of Israel?,recency,8,DENSE,parentSon,exe3/clean-text/UK/debates2023-12-04.txt (exe3/parent-child-chunked-text/UK/children/child_chunk_3215.txt),0.8371,2023
hard_filter,uk,Was the official position in the last quarter of 2023 supportive of the State of Israel?,recency,8,DENSE,parentSon,exe3/clean-text/UK/debates2023-11-28.txt (exe3/parent-child-chunked-text/UK/children/child_chunk_3016.txt),0.8368,2023
hard_filter,uk,Was the official position in the last quarter of 2023 supportive of the State of Israel?,recency,8,DENSE,parentSon,exe3/clean-text/UK/debates2023-07-18.txt (exe3/parent-child-chunked-text/UK/children/child_chunk_741.txt),0.8322,2023
hard_filter,uk,Was the official position in the last quarter of 2023 supportive of the State of Israel?,recency,8,DENSE,parentSon,exe3/clean-text/UK/debates2023-06-29.txt (exe3/parent-child-chunked-text/UK/children/child_chunk_79.txt),0.832,2023
hard_filter,uk,Was the official position in the last quarter of 2023 supportive of the State of Israel?,recency,8,DENSE,parentSon,exe3/clean-text/UK/debates2023-07-18.txt (exe3/parent-child-chunked-text/UK/children/child_chunk_738.txt),0.8308,2023
hard_filter,uk,Was the official position in the last quarter of 2023 supportive of the State of Israel?,recency,8,DENSE,parentSon,exe3/clean-text/UK/debates2023-07-04.txt (exe3/parent-child-chunked-text/UK/children/child_chunk_244.txt),0.829,2023
hard_filter,uk,Was the official position in the last quarter of 2023 supportive of Hamas/Gaza?,recency,8,DENSE,parentSon,exe3/clean-text/UK/debates2023-10-16.txt (exe3/parent-child-chunked-text/UK/children/child_chunk_1651.txt),0.8507,2023
hard_filter,uk,Was the official position in the last quarter of 2023 supportive of Hamas/Gaza?,recency,8,DENSE,parentSon,exe3/clean-text/UK/debates2023-11-27.txt (exe3/parent-child-chunked-text/UK/children/child_chunk_2961.txt),0.8494,2023
hard_filter,uk,Was the official position in the last quarter of 2023 supportive of Hamas/Gaza?,recency,8,DENSE,parentSon,exe3/clean-text/UK/debates2023-12-11.txt (exe3/parent-child-chunked-text/UK/children/child_chunk_3487.txt),0.8487,2023
hard_filter,uk,Was the official position in the last quarter of 2023 supportive of Hamas/Gaza?,recency,8,DENSE,parentSon,exe3/clean-text/UK/debates2023-10-17.txt (exe3/parent-child-chunked-text/UK/children/child_chunk_1714.txt),0.8475,2023
hard_filter,uk,Was the official position in the last quarter of 2023 supportive of Hamas/Gaza?,recency,8,DENSE,parentSon,exe3/clean-text/UK/debates2023-10-18.txt (exe3/parent-child-chunked-text/UK/children/child_chunk_1759.txt),0.8466,2023
hard_filter,uk,Was the official position in the last quarter of 2023 supportive of Hamas/Gaza?,recency,8,DENSE,parentSon,exe3/clean-text/UK/debates2023-11-14.txt (exe3/parent-child-chunked-text/UK/children/child_chunk_2506.txt),0.8466,2023
hard_filter,uk,Was the official position in the last quarter of 2023 supportive of Hamas/Gaza?,recency,8,DENSE,parentSon,exe3/clean-text/UK/debates2023-10-24.txt (exe3/parent-child-chunked-text/UK/children/child_chunk_2022.txt),0.8459,2023
hard_filter,uk,Was the official position in the last quarter of 2023 supportive of Hamas/Gaza?,recency,8,DENSE,parentSon,exe3/clean-text/UK/debates2023-11-27.txt (exe3/parent-child-chunked-text/UK/children/child_chunk_2941.txt),0.8455,2023
hard_filter,uk,Has the official position in the last quarter of 2023 changed relative to the official position in the last quarter of 2025?,recency,8,DENSE,parentSon,exe3/clean-text/UK/debates2023-10-17.txt (exe3/parent-child-chunked-text/UK/children/child_chunk_1714.txt),0.8661,2023
hard_filter,uk,Has the official position in the last quarter of 2023 changed relative to the official position in the last quarter of 2025?,recency,8,DENSE,parentSon,exe3/clean-text/UK/debates2023-10-17.txt (exe3/parent-child-chunked-text/UK/children/child_chunk_1692.txt),0.8656,2023
hard_filter,uk,Has the official position in the last quarter of 2023 changed relative to the official position in the last quarter of 2025?,recency,8,DENSE,parentSon,exe3/clean-text/UK/debates2023-10-26.txt (exe3/parent-child-chunked-text/UK/children/child_chunk_2113.txt),0.8474,2023
hard_filter,uk,Has the official position in the last quarter of 2023 changed relative to the official position in the last quarter of 2025?,recency,8,DENSE,parentSon,exe3/clean-text/UK/debates2023-11-28.txt (exe3/parent-child-chunked-text/UK/children/child_chunk_3016.txt),0.8443,2023
hard_filter,uk,Has the official position in the last quarter of 2023 changed relative to the official position in the last quarter of 2025?,recency,8,DENSE,parentSon,exe3/clean-text/UK/debates2023-12-19.txt (exe3/parent-child-chunked-text/UK/children/child_chunk_3785.txt),0.844,2023
hard_filter,uk,Has the official position in the last quarter of 2023 changed relative to the official position in the last quarter of 2025?,recency,8,DENSE,parentSon,exe3/clean-text/UK/debates2023-11-23.txt (exe3/parent-child-chunked-text/UK/children/child_chunk_2869.txt),0.8439,2023
hard_filter,uk,Has the official position in the last quarter of 2023 changed relative to the official position in the last quarter of 2025?,recency,8,DENSE,parentSon,exe3/clean-text/UK/debates2023-11-15.txt (exe3/parent-child-chunked-text/UK/children/child_chunk_2520.txt),0.8436,2023
hard_filter,uk,Has the official position in the last quarter of 2023 changed relative to the official position in the last quarter of 2025?,recency,8,DENSE,parentSon,exe3/clean-text/UK/debates2023-09-07.txt (exe3/parent-child-chunked-text/UK/children/child_chunk_1151.txt),0.8422,2023
hard_filter,uk,What is the latest official position regarding legislation on the protection of veterans?,recency,8,DENSE,parentSon,exe3/clean-text/UK/debates2025-10-15.txt (exe3/parent-child-chunked-text/UK/children/child_chunk_21109.txt),0.868,2025
hard_filter,uk,What is the latest official position regarding legislation on the protection of veterans?,recency,8,DENSE,parentSon,exe3/clean-text/UK/debates2025-06-30.txt (exe3/parent-child-chunked-text/UK/children/child_chunk_19269.txt),0.8599,2025
hard_filter,uk,What is the latest official position regarding legislation on the protection of veterans?,recency,8,DENSE,parentSon,exe3/clean-text/UK/debates2024-01-09.txt (exe3/parent-child-chunked-text/UK/children/child_chunk_3902.txt),0.8577,2024
hard_filter,uk,What is the latest official position regarding legislation on the protection of veterans?,recency,8,DENSE,parentSon,exe3/clean-text/UK/debates2025-09-08.txt (exe3/parent-child-chunked-text/UK/children/child_chunk_20575.txt),0.8561,2025
hard_filter,uk,What is the latest official position regarding legislation on the protection of veterans?,recency,8,DENSE,parentSon,exe3/clean-text/UK/debates2025-05-21.txt (exe3/parent-child-chunked-text/UK/children/child_chunk_17936.txt),0.8544,2025
hard_filter,uk,What is the latest official position regarding legislation on the protection of veterans?,recency,8,DENSE,parentSon,exe3/clean-text/UK/debates2025-10-15.txt (exe3/parent-child-chunked-text/UK/children/child_chunk_21103.txt),0.8515,2025
hard_filter,uk,What is the latest official position regarding legislation on the protection of veterans?,recency,8,DENSE,parentSon,exe3/clean-text/UK/debates2025-05-21.txt (exe3/parent-child-chunked-text/UK/children/child_chunk_17935.txt),0.8488,2025
hard_filter,uk,What is the latest official position regarding legislation on the protection of veterans?,recency,8,DENSE,parentSon,exe3/clean-text/UK/debates2025-06-30.txt (exe3/parent-child-chunked-text/UK/children/child_chunk_19268.txt),0.8474,2025
hard_filter,uk,how did the prime minister/president's rhetoric regarding the war between israel and hamas/gaza change between his first and last speech?,evolution,8,DENSE,parentSon,exe3/clean-text/UK/debates2023-10-18.txt (exe3/parent-child-chunked-text/UK/children/child_chunk_1743.txt),0.8932,2023
hard_filter,uk,how did the prime minister/president's rhetoric regarding the war between israel and hamas/gaza change between his first and last speech?,evolution,8,DENSE,parentSon,exe3/clean-text/UK/debates2024-04-15.txt (exe3/parent-child-chunked-text/UK/children/child_chunk_7111.txt),0.8906,2024
hard_filter,uk,how did the prime minister/president's rhetoric regarding the war between israel and hamas/gaza change between his first and last speech?,evolution,8,DENSE,parentSon,exe3/clean-text/UK/debates2024-04-15.txt (exe3/parent-child-chunked-text/UK/children/child_chunk_7109.txt),0.8899,2024
hard_filter,uk,how did the prime minister/president's rhetoric regarding the war between israel and hamas/gaza change between his first and last speech?,evolution,8,DENSE,parentSon,exe3/clean-text/UK/debates2024-05-07.txt (exe3/parent-child-chunked-text/UK/children/child_chunk_8021.txt),0.8876,2024
hard_filter,uk,how did the prime minister/president's rhetoric regarding the war between israel and hamas/gaza change between his first and last speech?,evolution,8,DENSE,parentSon,exe3/clean-text/UK/debates2023-11-07.txt (exe3/parent-child-chunked-text/UK/children/child_chunk_2225.txt),0.8873,2023
hard_filter,uk,how did the prime minister/president's rhetoric regarding the war between israel and hamas/gaza change between his first and last speech?,evolution,8,DENSE,parentSon,exe3/clean-text/UK/debates2023-12-11.txt (exe3/parent-child-chunked-text/UK/children/child_chunk_3483.txt),0.8866,2023
hard_filter,uk,how did the prime minister/president's rhetoric regarding the war between israel and hamas/gaza change between his first and last speech?,evolution,8,DENSE,parentSon,exe3/clean-text/UK/debates2023-10-16.txt (exe3/parent-child-chunked-text/UK/children/child_chunk_1641.txt),0.8866,2023
hard_filter,uk,how did the prime minister/president's rhetoric regarding the war between israel and hamas/gaza change between his first and last speech?,evolution,8,DENSE,parentSon,exe3/clean-text/UK/debates2024-02-21.txt (exe3/parent-child-chunked-text/UK/children/child_chunk_5511.txt),0.886,2024
hard_filter,uk,How has the approach to the restoration and maintenance of local and community infrastructure changed between late 2023 and late 2024?,evolution,8,DENSE,parentSon,exe3/clean-text/UK/debates2023-11-09.txt (exe3/parent-child-chunked-text/UK/children/child_chunk_2318.txt),0.8545,2023
hard_filter,uk,How has the approach to the restoration and maintenance of local and community infrastructure changed between late 2023 and late 2024?,evolution,8,DENSE,parentSon,exe3/clean-text/UK/debates2023-10-26.txt (exe3/parent-child-chunked-text/UK/children/child_chunk_2150.txt),0.8514,2023
hard_filter,uk,How has the approach to the restoration and maintenance of local and community infrastructure changed between late 2023 and late 2024?,evolution,8,DENSE,parentSon,exe3/clean-text/UK/debates2023-12-04.txt (exe3/parent-child-chunked-text/UK/children/child_chunk_3185.txt),0.8492,2023
hard_filter,uk,How has the approach to the restoration and maintenance of local and community infrastructure changed between late 2023 and late 2024?,evolution,8,DENSE,parentSon,exe3/clean-text/UK/debates2023-09-12.txt (exe3/parent-child-chunked-text/UK/children/child_chunk_1280.txt),0.8484,2023
hard_filter,uk,How has the approach to the restoration and maintenance of local and community infrastructure changed between late 2023 and late 2024?,evolution,8,DENSE,parentSon,exe3/clean-text/UK/debates2023-11-14.txt (exe3/parent-child-chunked-text/UK/children/child_chunk_2445.txt),0.8478,2023
hard_filter,uk,How has the approach to the restoration and maintenance of local and community infrastructure changed between late 2023 and late 2024?,evolution,8,DENSE,parentSon,exe3/clean-text/UK/debates2023-10-17.txt (exe3/parent-child-chunked-text/UK/children/child_chunk_1714.txt),0.8466,2023
hard_filter,uk,How has the approach to the restoration and maintenance of local and community infrastructure changed between late 2023 and late 2024?,evolution,8,DENSE,parentSon,exe3/clean-text/UK/debates2023-07-10.txt (exe3/parent-child-chunked-text/UK/children/child_chunk_410.txt),0.8458,2023
hard_filter,uk,How has the approach to the restoration and maintenance of local and community infrastructure changed between late 2023 and late 2024?,evolution,8,DENSE,parentSon,exe3/clean-text/UK/debates2023-07-13.txt (exe3/parent-child-chunked-text/UK/children/child_chunk_637.txt),0.8454,2023
hard_filter,uk,who is the minister of defense/secretary of defense?,ambiguity,8,DENSE,parentSon,exe3/clean-text/UK/debates2025-01-06.txt (exe3/parent-child-chunked-text/UK/children/child_chunk_13032.txt),0.8638,2025
hard_filter,uk,who is the minister of defense/secretary of defense?,ambiguity,8,DENSE,parentSon,exe3/clean-text/UK/debates2025-02-10.txt (exe3/parent-child-chunked-text/UK/children/child_chunk_14493.txt),0.86,2025
hard_filter,uk,who is the minister of defense/secretary of defense?,ambiguity,8,DENSE,parentSon,exe3/clean-text/UK/debates2025-09-08.txt (exe3/parent-child-chunked-text/UK/children/child_chunk_20578.txt),0.8586,2025
hard_filter,uk,who is the minister of defense/secretary of defense?,ambiguity,8,DENSE,parentSon,exe3/clean-text/UK/debates2025-04-30.txt (exe3/parent-child-chunked-text/UK/children/child_chunk_17190.txt),0.8584,2025
hard_filter,uk,who is the minister of defense/secretary of defense?,ambiguity,8,DENSE,parentSon,exe3/clean-text/UK/debates2023-12-05.txt (exe3/parent-child-chunked-text/UK/children/child_chunk_3284.txt),0.8581,2023
hard_filter,uk,who is the minister of defense/secretary of defense?,ambiguity,8,DENSE,parentSon,exe3/clean-text/UK/debates2025-07-15.txt (exe3/parent-child-chunked-text/UK/children/child_chunk_20022.txt),0.8576,2025
hard_filter,uk,who is the minister of defense/secretary of defense?,ambiguity,8,DENSE,parentSon,exe3/clean-text/UK/debates2024-11-18.txt (exe3/parent-child-chunked-text/UK/children/child_chunk_11586.txt),0.8566,2024
hard_filter,uk,who is the minister of defense/secretary of defense?,ambiguity,8,DENSE,parentSon,exe3/clean-text/UK/debates2024-12-11.txt (exe3/parent-child-chunked-text/UK/children/child_chunk_12666.txt),0.8563,2024
hard_filter,uk,Who holds the position responsible for Rural Development?,ambiguity,8,DENSE,parentSon,exe3/clean-text/UK/debates2024-10-24.txt (exe3/parent-child-chunked-text/UK/children/child_chunk_10817.txt),0.8211,2024
hard_filter,uk,Who holds the position responsible for Rural Development?,ambiguity,8,DENSE,parentSon,exe3/clean-text/UK/debates2024-01-22.txt (exe3/parent-child-chunked-text/UK/children/child_chunk_4446.txt),0.8153,2024
hard_filter,uk,Who holds the position responsible for Rural Development?,ambiguity,8,DENSE,parentSon,exe3/clean-text/UK/debates2025-02-06.txt (exe3/parent-child-chunked-text/UK/children/child_chunk_14434.txt),0.8145,2025
hard_filter,uk,Who holds the position responsible for Rural Development?,ambiguity,8,DENSE,parentSon,exe3/clean-text/UK/debates2025-05-01.txt (exe3/parent-child-chunked-text/UK/children/child_chunk_17220.txt),0.8119,2025
hard_filter,uk,Who holds the position responsible for Rural Development?,ambiguity,8,DENSE,parentSon,exe3/clean-text/UK/debates2023-10-19.txt (exe3/parent-child-chunked-text/UK/children/child_chunk_1807.txt),0.8112,2023
hard_filter,uk,Who holds the position responsible for Rural Development?,ambiguity,8,DENSE,parentSon,exe3/clean-text/UK/debates2025-06-09.txt (exe3/parent-child-chunked-text/UK/children/child_chunk_18357.txt),0.8111,2025
hard_filter,uk,Who holds the position responsible for Rural Development?,ambiguity,8,DENSE,parentSon,exe3/clean-text/UK/debates2025-03-31.txt (exe3/parent-child-chunked-text/UK/children/child_chunk_16300.txt),0.811,2025
hard_filter,uk,Who holds the position responsible for Rural Development?,ambiguity,8,DENSE,parentSon,exe3/clean-text/UK/debates2023-12-04.txt (exe3/parent-child-chunked-text/UK/children/child_chunk_3189.txt),0.8089,2023
hard_filter,uk,what was the specific budget allocated to security in 2024?,hard_filter,8,BM25,fixed,exe3/clean-text/UK/debates2024-11-04.txt (exe3/chunked-text/UK/chunk_4734.txt),57.4512,2024
hard_filter,uk,what was the specific budget allocated to security in 2024?,hard_filter,8,BM25,fixed,exe3/clean-text/UK/debates2024-01-22.txt (exe3/chunked-text/UK/chunk_1876.txt),51.9978,2024
hard_filter,uk,what was the specific budget allocated to security in 2024?,hard_filter,8,BM25,fixed,exe3/clean-text/UK/debates2024-05-09.txt (exe3/chunked-text/UK/chunk_3448.txt),51.5565,2024
hard_filter,uk,what was the specific budget allocated to security in 2024?,hard_filter,8,BM25,fixed,exe3/clean-text/UK/debates2024-01-22.txt (exe3/chunked-text/UK/chunk_1895.txt),48.6826,2024
hard_filter,uk,what was the specific budget allocated to security in 2024?,hard_filter,8,BM25,fixed,exe3/clean-text/UK/debates2024-01-09.txt (exe3/chunked-text/UK/chunk_1653.txt),47.5149,2024
hard_filter,uk,what was the specific budget allocated to security in 2024?,hard_filter,8,BM25,fixed,exe3/clean-text/UK/debates2024-12-19.txt (exe3/chunked-text/UK/chunk_5521.txt),47.2956,2024
hard_filter,uk,what was the specific budget allocated to security in 2024?,hard_filter,8,BM25,fixed,exe3/clean-text/UK/debates2024-05-02.txt (exe3/chunked-text/UK/chunk_3385.txt),45.7543,2024
hard_filter,uk,what was the specific budget allocated to security in 2024?,hard_filter,8,BM25,fixed,exe3/clean-text/UK/debates2024-09-02.txt (exe3/chunked-text/UK/chunk_4052.txt),45.685,2024
hard_filter,uk,What was the specific amount allocated to support the public sector for National Insurance costs in 2025?,hard_filter,8,BM25,fixed,exe3/clean-text/UK/debates2025-03-04.txt (exe3/chunked-text/UK/chunk_6393.txt),96.9902,2025
hard_filter,uk,What was the specific amount allocated to support the public sector for National Insurance costs in 2025?,hard_filter,8,BM25,fixed,exe3/clean-text/UK/debates2025-01-27.txt (exe3/chunked-text/UK/chunk_5924.txt),75.1984,2025
hard_filter,uk,What was the specific amount allocated to support the public sector for National Insurance costs in 2025?,hard_filter,8,BM25,fixed,exe3/clean-text/UK/debates2025-09-11.txt (exe3/chunked-text/UK/chunk_8809.txt),70.1873,2025
hard_filter,uk,What was the specific amount allocated to support the public sector for National Insurance costs in 2025?,hard_filter,8,BM25,fixed,exe3/clean-text/UK/debates2025-05-22.txt (exe3/chunked-text/UK/chunk_7644.txt),68.5563,2025
hard_filter,uk,What was the specific amount allocated to support the public sector for National Insurance costs in 2025?,hard_filter,8,BM25,fixed,exe3/clean-text/UK/debates2025-03-04.txt (exe3/chunked-text/UK/chunk_6392.txt),64.9873,2025
hard_filter,uk,What was the specific amount allocated to support the public sector for National Insurance costs in 2025?,hard_filter,8,BM25,fixed,exe3/clean-text/UK/debates2025-01-22.txt (exe3/chunked-text/UK/chunk_5835.txt),61.5714,2025
hard_filter,uk,What was the specific amount allocated to support the public sector for National Insurance costs in 2025?,hard_filter,8,BM25,fixed,exe3/clean-text/UK/debates2025-06-12.txt (exe3/chunked-text/UK/chunk_7859.txt),60.162,2025
hard_filter,uk,What was the specific amount allocated to support the public sector for National Insurance costs in 2025?,hard_filter,8,BM25,fixed,exe3/clean-text/UK/debates2025-02-06.txt (exe3/chunked-text/UK/chunk_6113.txt),57.9462,2025
hard_filter,uk,What is the current official position regarding the State of Israel?,recency,8,BM25,fixed,exe3/clean-text/UK/debates2025-01-07.txt (exe3/chunked-text/UK/chunk_5571.txt),58.4074,2025
hard_filter,uk,What is the current official position regarding the State of Israel?,recency,8,BM25,fixed,exe3/clean-text/UK/debates2025-10-29.txt (exe3/chunked-text/UK/chunk_9174.txt),58.2186,2025
hard_filter,uk,What is the current official position regarding the State of Israel?,recency,8,BM25,fixed,exe3/clean-text/UK/debates2025-06-03.txt (exe3/chunked-text/UK/chunk_7697.txt),55.0122,2025
hard_filter,uk,What is the current official position regarding the State of Israel?,recency,8,BM25,fixed,exe3/clean-text/UK/debates2025-01-14.txt (exe3/chunked-text/UK/chunk_5677.txt),53.6335,2025
hard_filter,uk,What is the current official position regarding the State of Israel?,recency,8,BM25,fixed,exe3/clean-text/UK/debates2025-09-02.txt (exe3/chunked-text/UK/chunk_8641.txt),52.4779,2025
hard_filter,uk,What is the current official position regarding the State of Israel?,recency,8,BM25,fixed,exe3/clean-text/UK/debates2025-05-14.txt (exe3/chunked-text/UK/chunk_7470.txt),50.0782,2025
hard_filter,uk,What is the current official position regarding the State of Israel?,recency,8,BM25,fixed,exe3/clean-text/UK/debates2025-04-02.txt (exe3/chunked-text/UK/chunk_6978.txt),49.5325,2025
hard_filter,uk,What is the current official position regarding the State of Israel?,recency,8,BM25,fixed,exe3/clean-text/UK/debates2025-03-04.txt (exe3/chunked-text/UK/chunk_6408.txt),49.2123,2025
hard_filter,uk,What is the current official position regarding Hamas/Gaza?,recency,8,BM25,fixed,exe3/clean-text/UK/debates2025-10-29.txt (exe3/chunked-text/UK/chunk_9174.txt),99.8841,2025
hard_filter,uk,What is the current official position regarding Hamas/Gaza?,recency,8,BM25,fixed,exe3/clean-text/UK/debates2025-01-07.txt (exe3/chunked-text/UK/chunk_5570.txt),78.9744,2025
hard_filter,uk,What is the current official position regarding Hamas/Gaza?,recency,8,BM25,fixed,exe3/clean-text/UK/debates2025-03-04.txt (exe3/chunked-text/UK/chunk_6408.txt),78.678,2025
hard_filter,uk,What is the current official position regarding Hamas/Gaza?,recency,8,BM25,fixed,exe3/clean-text/UK/debates2025-10-29.txt (exe3/chunked-text/UK/chunk_9183.txt),77.6817,2025
hard_filter,uk,What is the current official position regarding Hamas/Gaza?,recency,8,BM25,fixed,exe3/clean-text/UK/debates2025-01-07.txt (exe3/chunked-text/UK/chunk_5574.txt),73.5015,2025
hard_filter,uk,What is the current official position regarding Hamas/Gaza?,recency,8,BM25,fixed,exe3/clean-text/UK/debates2025-09-10.txt (exe3/chunked-text/UK/chunk_8791.txt),73.2657,2025
hard_filter,uk,What is the current official position regarding Hamas/Gaza?,recency,8,BM25,fixed,exe3/clean-text/UK/debates2025-02-25.txt (exe3/chunked-text/UK/chunk_6280.txt),72.707,2025
hard_filter,uk,What is the current official position regarding Hamas/Gaza?,recency,8,BM25,fixed,exe3/clean-text/UK/debates2025-02-27.txt (exe3/chunked-text/UK/chunk_6357.txt),71.527,2025
hard_filter,uk,Was the official position in the last quarter of 2023 supportive of the State of Israel?,recency,8,BM25,fixed,exe3/clean-text/UK/debates2023-11-27.txt (exe3/chunked-text/UK/chunk_1247.txt),62.138,2023
hard_filter,uk,Was the official position in the last quarter of 2023 supportive of the State of Israel?,recency,8,BM25,fixed,exe3/clean-text/UK/debates2023-12-04.txt (exe3/chunked-text/UK/chunk_1365.txt),57.1504,2023
hard_filter,uk,Was the official position in the last quarter of 2023 supportive of the State of Israel?,recency,8,BM25,fixed,exe3/clean-text/UK/debates2023-07-04.txt (exe3/chunked-text/UK/chunk_107.txt),57.0777,2023
hard_filter,uk,Was the official position in the last quarter of 2023 supportive of the State of Israel?,recency,8,BM25,fixed,exe3/clean-text/UK/debates2023-11-30.txt (exe3/chunked-text/UK/chunk_1326.txt),55.6719,2023
hard_filter,uk,Was the official position in the last quarter of 2023 supportive of the State of Israel?,recency,8,BM25,fixed,exe3/clean-text/UK/debates2023-07-18.txt (exe3/chunked-text/UK/chunk_313.txt),55.223,2023
hard_filter,uk,Was the official position in the last quarter of 2023 supportive of the State of Israel?,recency,8,BM25,fixed,exe3/clean-text/UK/debates2023-12-12.txt (exe3/chunked-text/UK/chunk_1488.txt),54.6228,2023
hard_filter,uk,Was the official position in the last quarter of 2023 supportive of the State of Israel?,recency,8,BM25,fixed,exe3/clean-text/UK/debates2023-11-14.txt (exe3/chunked-text/UK/chunk_1061.txt),53.4438,2023
hard_filter,uk,Was the official position in the last quarter of 2023 supportive of the State of Israel?,recency,8,BM25,fixed,exe3/clean-text/UK/debates2023-12-05.txt (exe3/chunked-text/UK/chunk_1395.txt),52.7561,2023
hard_filter,uk,Was the official position in the last quarter of 2023 supportive of Hamas/Gaza?,recency,8,BM25,fixed,exe3/clean-text/UK/debates2023-12-04.txt (exe3/chunked-text/UK/chunk_1365.txt),93.1208,2023
hard_filter,uk,Was the official position in the last quarter of 2023 supportive of Hamas/Gaza?,recency,8,BM25,fixed,exe3/clean-text/UK/debates2023-12-12.txt (exe3/chunked-text/UK/chunk_1488.txt),93.011,2023
hard_filter,uk,Was the official position in the last quarter of 2023 supportive of Hamas/Gaza?,recency,8,BM25,fixed,exe3/clean-text/UK/debates2023-11-27.txt (exe3/chunked-text/UK/chunk_1247.txt),89.271,2023
hard_filter,uk,Was the official position in the last quarter of 2023 supportive of Hamas/Gaza?,recency,8,BM25,fixed,exe3/clean-text/UK/debates2023-12-11.txt (exe3/chunked-text/UK/chunk_1476.txt),85.663,2023
hard_filter,uk,Was the official position in the last quarter of 2023 supportive of Hamas/Gaza?,recency,8,BM25,fixed,exe3/clean-text/UK/debates2023-11-14.txt (exe3/chunked-text/UK/chunk_1061.txt),81.5848,2023
hard_filter,uk,Was the official position in the last quarter of 2023 supportive of Hamas/Gaza?,recency,8,BM25,fixed,exe3/clean-text/UK/debates2023-12-04.txt (exe3/chunked-text/UK/chunk_1366.txt),76.2887,2023
hard_filter,uk,Was the official position in the last quarter of 2023 supportive of Hamas/Gaza?,recency,8,BM25,fixed,exe3/clean-text/UK/debates2023-12-19.txt (exe3/chunked-text/UK/chunk_1620.txt),68.3519,2023
hard_filter,uk,Was the official position in the last quarter of 2023 supportive of Hamas/Gaza?,recency,8,BM25,fixed,exe3/clean-text/UK/debates2023-10-18.txt (exe3/chunked-text/UK/chunk_753.txt),67.8803,2023
hard_filter,uk,Has the official position in the last quarter of 2023 changed relative to the official position in the last quarter of 2025?,recency,8,BM25,fixed,exe3/clean-text/UK/debates2023-06-29.txt (exe3/chunked-text/UK/chunk_47.txt),71.4786,2023
hard_filter,uk,Has the official position in the last quarter of 2023 changed relative to the official position in the last quarter of 2025?,recency,8,BM25,fixed,exe3/clean-text/UK/debates2023-10-20.txt (exe3/chunked-text/UK/chunk_792.txt),65.3855,2023
hard_filter,uk,Has the official position in the last quarter of 2023 changed relative to the official position in the last quarter of 2025?,recency,8,BM25,fixed,exe3/clean-text/UK/debates2023-12-18.txt (exe3/chunked-text/UK/chunk_1594.txt),63.1496,2023
hard_filter,uk,Has the official position in the last quarter of 2023 changed relative to the official position in the last quarter of 2025?,recency,8,BM25,fixed,exe3/clean-text/UK/debates2023-12-04.txt (exe3/chunked-text/UK/chunk_1344.txt),60.1779,2023
hard_filter,uk,Has the official position in the last quarter of 2023 changed relative to the official position in the last quarter of 2025?,recency,8,BM25,fixed,exe3/clean-text/UK/debates2023-12-18.txt (exe3/chunked-text/UK/chunk_1595.txt),58.42,2023
hard_filter,uk,Has the official position in the last quarter of 2023 changed relative to the official position in the last quarter of 2025?,recency,8,BM25,fixed,exe3/clean-text/UK/debates2023-11-27.txt (exe3/chunked-text/UK/chunk_1252.txt),57.8617,2023
hard_filter,uk,Has the official position in the last quarter of 2023 changed relative to the official position in the last quarter of 2025?,recency,8,BM25,fixed,exe3/clean-text/UK/debates2023-11-21.txt (exe3/chunked-text/UK/chunk_1167.txt),57.4377,2023
hard_filter,uk,Has the official position in the last quarter of 2023 changed relative to the official position in the last quarter of 2025?,recency,8,BM25,fixed,exe3/clean-text/UK/debates2023-09-04.txt (exe3/chunked-text/UK/chunk_407.txt),56.5398,2023
hard_filter,uk,What is the latest official position regarding legislation on the protection of veterans?,recency,8,BM25,fixed,exe3/clean-text/UK/debates2024-05-20.txt (exe3/chunked-text/UK/chunk_3624.txt),70.6588,2024
hard_filter,uk,What is the latest official position regarding legislation on the protection of veterans?,recency,8,BM25,fixed,exe3/clean-text/UK/debates2024-01-25.txt (exe3/chunked-text/UK/chunk_1985.txt),61.4863,2024
hard_filter,uk,What is the latest official position regarding legislation on the protection of veterans?,recency,8,BM25,fixed,exe3/clean-text/UK/debates2025-04-23.txt (exe3/chunked-text/UK/chunk_7135.txt),61.3975,2025
hard_filter,uk,What is the latest official position regarding legislation on the protection of veterans?,recency,8,BM25,fixed,exe3/clean-text/UK/debates2024-05-20.txt (exe3/chunked-text/UK/chunk_3625.txt),61.0638,2024
hard_filter,uk,What is the latest official position regarding legislation on the protection of veterans?,recency,8,BM25,fixed,exe3/clean-text/UK/debates2024-04-25.txt (exe3/chunked-text/UK/chunk_3223.txt),60.4367,2024
hard_filter,uk,What is the latest official position regarding legislation on the protection of veterans?,recency,8,BM25,fixed,exe3/clean-text/UK/debates2024-02-29.txt (exe3/chunked-text/UK/chunk_2497.txt),59.6017,2024
hard_filter,uk,What is the latest official position regarding legislation on the protection of veterans?,recency,8,BM25,fixed,exe3/clean-text/UK/debates2024-01-25.txt (exe3/chunked-text/UK/chunk_1966.txt),59.1749,2024
hard_filter,uk,What is the latest official position regarding legislation on the protection of veterans?,recency,8,BM25,fixed,exe3/clean-text/UK/debates2024-05-07.txt (exe3/chunked-text/UK/chunk_3404.txt),57.6671,2024
hard_filter,uk,how did the prime minister/president's rhetoric regarding the war between israel and hamas/gaza change between his first and last speech?,evolution,8,BM25,fixed,exe3/clean-text/UK/debates2024-01-08.txt (exe3/chunked-text/UK/chunk_1646.txt),156.0114,2024
hard_filter,uk,how did the prime minister/president's rhetoric regarding the war between israel and hamas/gaza change between his first and last speech?,evolution,8,BM25,fixed,exe3/clean-text/UK/debates2023-10-16.txt (exe3/chunked-text/UK/chunk_696.txt),151.9669,2023
hard_filter,uk,how did the prime minister/president's rhetoric regarding the war between israel and hamas/gaza change between his first and last speech?,evolution,8,BM25,fixed,exe3/clean-text/UK/debates2023-10-16.txt (exe3/chunked-text/UK/chunk_695.txt),140.3994,2023
hard_filter,uk,how did the prime minister/president's rhetoric regarding the war between israel and hamas/gaza change between his first and last speech?,evolution,8,BM25,fixed,exe3/clean-text/UK/debates2025-09-10.txt (exe3/chunked-text/UK/chunk_8790.txt),138.9847,2025
hard_filter,uk,how did the prime minister/president's rhetoric regarding the war between israel and hamas/gaza change between his first and last speech?,evolution,8,BM25,fixed,exe3/clean-text/UK/debates2023-12-19.txt (exe3/chunked-text/UK/chunk_1617.txt),135.8876,2023
hard_filter,uk,how did the prime minister/president's rhetoric regarding the war between israel and hamas/gaza change between his first and last speech?,evolution,8,BM25,fixed,exe3/clean-text/UK/debates2025-05-14.txt (exe3/chunked-text/UK/chunk_7479.txt),133.0369,2025
hard_filter,uk,how did the prime minister/president's rhetoric regarding the war between israel and hamas/gaza change between his first and last speech?,evolution,8,BM25,fixed,exe3/clean-text/UK/debates2023-10-24.txt (exe3/chunked-text/UK/chunk_842.txt),128.5108,2023
hard_filter,uk,how did the prime minister/president's rhetoric regarding the war between israel and hamas/gaza change between his first and last speech?,evolution,8,BM25,fixed,exe3/clean-text/UK/debates2023-12-04.txt (exe3/chunked-text/UK/chunk_1370.txt),124.4082,2023
hard_filter,uk,How has the approach to the restoration and maintenance of local and community infrastructure changed between late 2023 and late 2024?,evolution,8,BM25,fixed,exe3/clean-text/UK/debates2023-11-16.txt (exe3/chunked-text/UK/chunk_1105.txt),70.9065,2023
hard_filter,uk,How has the approach to the restoration and maintenance of local and community infrastructure changed between late 2023 and late 2024?,evolution,8,BM25,fixed,exe3/clean-text/UK/debates2023-10-26.txt (exe3/chunked-text/UK/chunk_910.txt),64.8066,2023
hard_filter,uk,How has the approach to the restoration and maintenance of local and community infrastructure changed between late 2023 and late 2024?,evolution,8,BM25,fixed,exe3/clean-text/UK/debates2023-11-21.txt (exe3/chunked-text/UK/chunk_1170.txt),64.6046,2023
hard_filter,uk,How has the approach to the restoration and maintenance of local and community infrastructure changed between late 2023 and late 2024?,evolution,8,BM25,fixed,exe3/clean-text/UK/debates2023-10-26.txt (exe3/chunked-text/UK/chunk_911.txt),63.2814,2023
hard_filter,uk,How has the approach to the restoration and maintenance of local and community infrastructure changed between late 2023 and late 2024?,evolution,8,BM25,fixed,exe3/clean-text/UK/debates2023-11-13.txt (exe3/chunked-text/UK/chunk_1021.txt),54.0627,2023
hard_filter,uk,How has the approach to the restoration and maintenance of local and community infrastructure changed between late 2023 and late 2024?,evolution,8,BM25,fixed,exe3/clean-text/UK/debates2023-10-23.txt (exe3/chunked-text/UK/chunk_813.txt),52.2105,2023
hard_filter,uk,How has the approach to the restoration and maintenance of local and community infrastructure changed between late 2023 and late 2024?,evolution,8,BM25,fixed,exe3/clean-text/UK/debates2023-09-06.txt (exe3/chunked-text/UK/chunk_467.txt),51.3874,2023
hard_filter,uk,How has the approach to the restoration and maintenance of local and community infrastructure changed between late 2023 and late 2024?,evolution,8,BM25,fixed,exe3/clean-text/UK/debates2023-09-06.txt (exe3/chunked-text/UK/chunk_469.txt),51.2009,2023
hard_filter,uk,who is the minister of defense/secretary of defense?,ambiguity,8,BM25,fixed,exe3/clean-text/UK/debates2025-01-06.txt (exe3/chunked-text/UK/chunk_5532.txt),24.7463,2025
hard_filter,uk,who is the minister of defense/secretary of defense?,ambiguity,8,BM25,fixed,exe3/clean-text/UK/debates2023-11-09.txt (exe3/chunked-text/UK/chunk_983.txt),2.9528,2023
hard_filter,uk,who is the minister of defense/secretary of defense?,ambiguity,8,BM25,fixed,exe3/clean-text/UK/debates2025-01-09.txt (exe3/chunked-text/UK/chunk_5620.txt),2.9229,2025
hard_filter,uk,who is the minister of defense/secretary of defense?,ambiguity,8,BM25,fixed,exe3/clean-text/UK/debates2024-03-20.txt (exe3/chunked-text/UK/chunk_2881.txt),2.913,2024
hard_filter,uk,who is the minister of defense/secretary of defense?,ambiguity,8,BM25,fixed,exe3/clean-text/UK/debates2024-02-26.txt (exe3/chunked-text/UK/chunk_2434.txt),2.8757,2024
hard_filter,uk,who is the minister of defense/secretary of defense?,ambiguity,8,BM25,fixed,exe3/clean-text/UK/debates2023-11-15.txt (exe3/chunked-text/UK/chunk_1070.txt),2.8511,2023
hard_filter,uk,who is the minister of defense/secretary of defense?,ambiguity,8,BM25,fixed,exe3/clean-text/UK/debates2023-11-23.txt (exe3/chunked-text/UK/chunk_1209.txt),2.8457,2023
hard_filter,uk,who is the minister of defense/secretary of defense?,ambiguity,8,BM25,fixed,exe3/clean-text/UK/debates2025-09-15.txt (exe3/chunked-text/UK/chunk_8848.txt),2.8449,2025
hard_filter,uk,Who holds the position responsible for Rural Development?,ambiguity,8,BM25,fixed,exe3/clean-text/UK/debates2023-12-05.txt (exe3/chunked-text/UK/chunk_1388.txt),56.685,2023
hard_filter,uk,Who holds the position responsible for Rural Development?,ambiguity,8,BM25,fixed,exe3/clean-text/UK/debates2024-12-16.txt (exe3/chunked-text/UK/chunk_5428.txt),53.4639,2024
hard_filter,uk,Who holds the position responsible for Rural Development?,ambiguity,8,BM25,fixed,exe3/clean-text/UK/debates2024-12-03.txt (exe3/chunked-text/UK/chunk_5194.txt),52.7144,2024
hard_filter,uk,Who holds the position responsible for Rural Development?,ambiguity,8,BM25,fixed,exe3/clean-text/UK/debates2023-12-11.txt (exe3/chunked-text/UK/chunk_1475.txt),51.1839,2023
hard_filter,uk,Who holds the position responsible for Rural Development?,ambiguity,8,BM25,fixed,exe3/clean-text/UK/debates2024-09-09.txt (exe3/chunked-text/UK/chunk_4163.txt),50.1089,2024
hard_filter,uk,Who holds the position responsible for Rural Development?,ambiguity,8,BM25,fixed,exe3/clean-text/UK/debates2024-03-25.txt (exe3/chunked-text/UK/chunk_2950.txt),48.0793,2024
hard_filter,uk,Who holds the position responsible for Rural Development?,ambiguity,8,BM25,fixed,exe3/clean-text/UK/debates2024-09-11.txt (exe3/chunked-text/UK/chunk_4216.txt),47.688,2024
hard_filter,uk,Who holds the position responsible for Rural Development?,ambiguity,8,BM25,fixed,exe3/clean-text/UK/debates2025-06-19.txt (exe3/chunked-text/UK/chunk_7991.txt),46.272,2025
hard_filter,uk,what was the specific budget allocated to security in 2024?,hard_filter,8,BM25,parentSon,exe3/clean-text/UK/debates2024-01-22.txt (exe3/parent-child-chunked-text/UK/children/child_chunk_4473.txt),71.6231,2024
hard_filter,uk,what was the specific budget allocated to security in 2024?,hard_filter,8,BM25,parentSon,exe3/clean-text/UK/debates2024-11-18.txt (exe3/parent-child-chunked-text/UK/children/child_chunk_11628.txt),68.7486,2024
hard_filter,uk,what was the specific budget allocated to security in 2024?,hard_filter,8,BM25,parentSon,exe3/clean-text/UK/debates2024-01-22.txt (exe3/parent-child-chunked-text/UK/children/child_chunk_4428.txt),68.0357,2024
hard_filter,uk,what was the specific budget allocated to security in 2024?,hard_filter,8,BM25,parentSon,exe3/clean-text/UK/debates2024-12-09.txt (exe3/parent-child-chunked-text/UK/children/child_chunk_12547.txt),60.667,2024
hard_filter,uk,what was the specific budget allocated to security in 2024?,hard_filter,8,BM25,parentSon,exe3/clean-text/UK/debates2024-11-21.txt (exe3/parent-child-chunked-text/UK/children/child_chunk_11784.txt),60.1756,2024
hard_filter,uk,what was the specific budget allocated to security in 2024?,hard_filter,8,BM25,parentSon,exe3/clean-text/UK/debates2024-01-11.txt (exe3/parent-child-chunked-text/UK/children/child_chunk_4023.txt),59.7986,2024
hard_filter,uk,what was the specific budget allocated to security in 2024?,hard_filter,8,BM25,parentSon,exe3/clean-text/UK/debates2024-11-14.txt (exe3/parent-child-chunked-text/UK/children/child_chunk_11576.txt),57.2592,2024
hard_filter,uk,what was the specific budget allocated to security in 2024?,hard_filter,8,BM25,parentSon,exe3/clean-text/UK/debates2024-01-29.txt (exe3/parent-child-chunked-text/UK/children/child_chunk_4794.txt),54.9479,2024
hard_filter,uk,What was the specific amount allocated to support the public sector for National Insurance costs in 2025?,hard_filter,8,BM25,parentSon,exe3/clean-text/UK/debates2025-03-04.txt (exe3/parent-child-chunked-text/UK/children/child_chunk_15078.txt),134.7677,2025
hard_filter,uk,What was the specific amount allocated to support the public sector for National Insurance costs in 2025?,hard_filter,8,BM25,parentSon,exe3/clean-text/UK/debates2025-01-27.txt (exe3/parent-child-chunked-text/UK/children/child_chunk_13969.txt),105.8969,2025
hard_filter,uk,What was the specific amount allocated to support the public sector for National Insurance costs in 2025?,hard_filter,8,BM25,parentSon,exe3/clean-text/UK/debates2025-01-27.txt (exe3/parent-child-chunked-text/UK/children/child_chunk_13970.txt),92.18,2025
hard_filter,uk,What was the specific amount allocated to support the public sector for National Insurance costs in 2025?,hard_filter,8,BM25,parentSon,exe3/clean-text/UK/debates2025-07-01.txt (exe3/parent-child-chunked-text/UK/children/child_chunk_19336.txt),88.3913,2025
hard_filter,uk,What was the specific amount allocated to support the public sector for National Insurance costs in 2025?,hard_filter,8,BM25,parentSon,exe3/clean-text/UK/debates2025-02-24.txt (exe3/parent-child-chunked-text/UK/children/child_chunk_14790.txt),83.6623,2025
hard_filter,uk,What was the specific amount allocated to support the public sector for National Insurance costs in 2025?,hard_filter,8,BM25,parentSon,exe3/clean-text/UK/debates2025-03-04.txt (exe3/parent-child-chunked-text/UK/children/child_chunk_15074.txt),82.3335,2025
hard_filter,uk,What was the specific amount allocated to support the public sector for National Insurance costs in 2025?,hard_filter,8,BM25,parentSon,exe3/clean-text/UK/debates2025-05-22.txt (exe3/parent-child-chunked-text/UK/children/child_chunk_18048.txt),82.3236,2025
hard_filter,uk,What was the specific amount allocated to support the public sector for National Insurance costs in 2025?,hard_filter,8,BM25,parentSon,exe3/clean-text/UK/debates2025-04-28.txt (exe3/parent-child-chunked-text/UK/children/child_chunk_17019.txt),79.8219,2025
hard_filter,uk,What is the current official position regarding the State of Israel?,recency,8,BM25,parentSon,exe3/clean-text/UK/debates2025-10-29.txt (exe3/parent-child-chunked-text/UK/children/child_chunk_21668.txt),84.9508,2025
hard_filter,uk,What is the current official position regarding the State of Israel?,recency,8,BM25,parentSon,exe3/clean-text/UK/debates2025-09-02.txt (exe3/parent-child-chunked-text/UK/children/child_chunk_20403.txt),72.7896,2025
hard_filter,uk,What is the current official position regarding the State of Israel?,recency,8,BM25,parentSon,exe3/clean-text/UK/debates2025-09-11.txt (exe3/parent-child-chunked-text/UK/children/child_chunk_20782.txt),68.053,2025
hard_filter,uk,What is the current official position regarding the State of Israel?,recency,8,BM25,parentSon,exe3/clean-text/UK/debates2025-01-07.txt (exe3/parent-child-chunked-text/UK/children/child_chunk_13145.txt),66.7005,2025
hard_filter,uk,What is the current official position regarding the State of Israel?,recency,8,BM25,parentSon,exe3/clean-text/UK/debates2025-04-23.txt (exe3/parent-child-chunked-text/UK/children/child_chunk_16848.txt),63.8935,2025
hard_filter,uk,What is the current official position regarding the State of Israel?,recency,8,BM25,parentSon,exe3/clean-text/UK/debates2025-07-11.txt (exe3/parent-child-chunked-text/UK/children/child_chunk_19850.txt),63.3293,2025
hard_filter,uk,What is the current official position regarding the State of Israel?,recency,8,BM25,parentSon,exe3/clean-text/UK/debates2025-06-03.txt (exe3/parent-child-chunked-text/UK/children/child_chunk_18158.txt),62.4467,2025
hard_filter,uk,What is the current official position regarding the State of Israel?,recency,8,BM25,parentSon,exe3/clean-text/UK/debates2025-04-02.txt (exe3/parent-child-chunked-text/UK/children/child_chunk_16474.txt),60.7716,2025
hard_filter,uk,What is the current official position regarding Hamas/Gaza?,recency,8,BM25,parentSon,exe3/clean-text/UK/debates2025-10-29.txt (exe3/parent-child-chunked-text/UK/children/child_chunk_21668.txt),125.6326,2025
hard_filter,uk,What is the current official position regarding Hamas/Gaza?,recency,8,BM25,parentSon,exe3/clean-text/UK/debates2025-01-07.txt (exe3/parent-child-chunked-text/UK/children/child_chunk_13145.txt),100.2208,2025
hard_filter,uk,What is the current official position regarding Hamas/Gaza?,recency,8,BM25,parentSon,exe3/clean-text/UK/debates2025-01-07.txt (exe3/parent-child-chunked-text/UK/children/child_chunk_13151.txt),84.2105,2025
hard_filter,uk,What is the current official position regarding Hamas/Gaza?,recency,8,BM25,parentSon,exe3/clean-text/UK/debates2025-10-29.txt (exe3/parent-child-chunked-text/UK/children/child_chunk_21674.txt),83.392,2025
hard_filter,uk,What is the current official position regarding Hamas/Gaza?,recency,8,BM25,parentSon,exe3/clean-text/UK/debates2025-01-07.txt (exe3/parent-child-chunked-text/UK/children/child_chunk_13143.txt),81.7693,2025
hard_filter,uk,What is the current official position regarding Hamas/Gaza?,recency,8,BM25,parentSon,exe3/clean-text/UK/debates2025-06-24.txt (exe3/parent-child-chunked-text/UK/children/child_chunk_19060.txt),81.4508,2025
hard_filter,uk,What is the current official position regarding Hamas/Gaza?,recency,8,BM25,parentSon,exe3/clean-text/UK/debates2025-03-04.txt (exe3/parent-child-chunked-text/UK/children/child_chunk_15113.txt),80.8381,2025
hard_filter,uk,What is the current official position regarding Hamas/Gaza?,recency,8,BM25,parentSon,exe3/clean-text/UK/debates2025-10-28.txt (exe3/parent-child-chunked-text/UK/children/child_chunk_21570.txt),79.1192,2025
hard_filter,uk,Was the official position in the last quarter of 2023 supportive of the State of Israel?,recency,8,BM25,parentSon,exe3/clean-text/UK/debates2023-12-04.txt (exe3/parent-child-chunked-text/UK/children/child_chunk_3215.txt),92.1486,2023
hard_filter,uk,Was the official position in the last quarter of 2023 supportive of the State of Israel?,recency,8,BM25,parentSon,exe3/clean-text/UK/debates2023-11-14.txt (exe3/parent-child-chunked-text/UK/children/child_chunk_2506.txt),73.864,2023
hard_filter,uk,Was the official position in the last quarter of 2023 supportive of the State of Israel?,recency,8,BM25,parentSon,exe3/clean-text/UK/debates2023-06-29.txt (exe3/parent-child-chunked-text/UK/children/child_chunk_111.txt),72.5864,2023
hard_filter,uk,Was the official position in the last quarter of 2023 supportive of the State of Israel?,recency,8,BM25,parentSon,exe3/clean-text/UK/debates2023-06-29.txt (exe3/parent-child-chunked-text/UK/children/child_chunk_104.txt),67.0713,2023
hard_filter,uk,Was the official position in the last quarter of 2023 supportive of the State of Israel?,recency,8,BM25,parentSon,exe3/clean-text/UK/debates2023-12-04.txt (exe3/parent-child-chunked-text/UK/children/child_chunk_3163.txt),65.5498,2023
hard_filter,uk,Was the official position in the last quarter of 2023 supportive of the State of Israel?,recency,8,BM25,parentSon,exe3/clean-text/UK/debates2023-07-04.txt (exe3/parent-child-chunked-text/UK/children/child_chunk_258.txt),63.8676,2023
hard_filter,uk,Was the official position in the last quarter of 2023 supportive of the State of Israel?,recency,8,BM25,parentSon,exe3/clean-text/UK/debates2023-06-29.txt (exe3/parent-child-chunked-text/UK/children/child_chunk_79.txt),63.3661,2023
hard_filter,uk,Was the official position in the last quarter of 2023 supportive of the State of Israel?,recency,8,BM25,parentSon,exe3/clean-text/UK/debates2023-11-16.txt (exe3/parent-child-chunked-text/UK/children/child_chunk_2637.txt),62.729,2023
hard_filter,uk,Was the official position in the last quarter of 2023 supportive of Hamas/Gaza?,recency,8,BM25,parentSon,exe3/clean-text/UK/debates2023-12-11.txt (exe3/parent-child-chunked-text/UK/children/child_chunk_3480.txt),113.0418,2023
hard_filter,uk,Was the official position in the last quarter of 2023 supportive of Hamas/Gaza?,recency,8,BM25,parentSon,exe3/clean-text/UK/debates2023-12-04.txt (exe3/parent-child-chunked-text/UK/children/child_chunk_3216.txt),111.5206,2023
hard_filter,uk,Was the official position in the last quarter of 2023 supportive of Hamas/Gaza?,recency,8,BM25,parentSon,exe3/clean-text/UK/debates2023-11-14.txt (exe3/parent-child-chunked-text/UK/children/child_chunk_2506.txt),107.6418,2023
hard_filter,uk,Was the official position in the last quarter of 2023 supportive of Hamas/Gaza?,recency,8,BM25,parentSon,exe3/clean-text/UK/debates2023-11-27.txt (exe3/parent-child-chunked-text/UK/children/child_chunk_2941.txt),93.187,2023
hard_filter,uk,Was the official position in the last quarter of 2023 supportive of Hamas/Gaza?,recency,8,BM25,parentSon,exe3/clean-text/UK/debates2023-12-12.txt (exe3/parent-child-chunked-text/UK/children/child_chunk_3508.txt),91.1671,2023
hard_filter,uk,Was the official position in the last quarter of 2023 supportive of Hamas/Gaza?,recency,8,BM25,parentSon,exe3/clean-text/UK/debates2023-12-04.txt (exe3/parent-child-chunked-text/UK/children/child_chunk_3215.txt),90.091,2023
hard_filter,uk,Was the official position in the last quarter of 2023 supportive of Hamas/Gaza?,recency,8,BM25,parentSon,exe3/clean-text/UK/debates2023-11-27.txt (exe3/parent-child-chunked-text/UK/children/child_chunk_2948.txt),84.3873,2023
hard_filter,uk,Was the official position in the last quarter of 2023 supportive of Hamas/Gaza?,recency,8,BM25,parentSon,exe3/clean-text/UK/debates2023-11-14.txt (exe3/parent-child-chunked-text/UK/children/child_chunk_2498.txt),82.7456,2023
hard_filter,uk,Has the official position in the last quarter of 2023 changed relative to the official position in the last quarter of 2025?,recency,8,BM25,parentSon,exe3/clean-text/UK/debates2023-06-29.txt (exe3/parent-child-chunked-text/UK/children/child_chunk_111.txt),82.0887,2023
hard_filter,uk,Has the official position in the last quarter of 2023 changed relative to the official position in the last quarter of 2025?,recency,8,BM25,parentSon,exe3/clean-text/UK/debates2023-07-19.txt (exe3/parent-child-chunked-text/UK/children/child_chunk_830.txt),77.233,2023
hard_filter,uk,Has the official position in the last quarter of 2023 changed relative to the official position in the last quarter of 2025?,recency,8,BM25,parentSon,exe3/clean-text/UK/debates2023-06-29.txt (exe3/parent-child-chunked-text/UK/children/child_chunk_104.txt),74.7405,2023
hard_filter,uk,Has the official position in the last quarter of 2023 changed relative to the official position in the last quarter of 2025?,recency,8,BM25,parentSon,exe3/clean-text/UK/debates2023-12-04.txt (exe3/parent-child-chunked-text/UK/children/child_chunk_3163.txt),73.9251,2023
hard_filter,uk,Has the official position in the last quarter of 2023 changed relative to the official position in the last quarter of 2025?,recency,8,BM25,parentSon,exe3/clean-text/UK/debates2023-11-21.txt (exe3/parent-child-chunked-text/UK/children/child_chunk_2757.txt),73.6258,2023
hard_filter,uk,Has the official position in the last quarter of 2023 changed relative to the official position in the last quarter of 2025?,recency,8,BM25,parentSon,exe3/clean-text/UK/debates2023-12-04.txt (exe3/parent-child-chunked-text/UK/children/child_chunk_3188.txt),72.7517,2023
hard_filter,uk,Has the official position in the last quarter of 2023 changed relative to the official position in the last quarter of 2025?,recency,8,BM25,parentSon,exe3/clean-text/UK/debates2023-07-13.txt (exe3/parent-child-chunked-text/UK/children/child_chunk_653.txt),71.4931,2023
hard_filter,uk,Has the official position in the last quarter of 2023 changed relative to the official position in the last quarter of 2025?,recency,8,BM25,parentSon,exe3/clean-text/UK/debates2023-09-19.txt (exe3/parent-child-chunked-text/UK/children/child_chunk_1573.txt),70.15,2023
hard_filter,uk,What is the latest official position regarding legislation on the protection of veterans?,recency,8,BM25,parentSon,exe3/clean-text/UK/debates2024-01-25.txt (exe3/parent-child-chunked-text/UK/children/child_chunk_4692.txt),85.5638,2024
hard_filter,uk,What is the latest official position regarding legislation on the protection of veterans?,recency,8,BM25,parentSon,exe3/clean-text/UK/debates2024-05-07.txt (exe3/parent-child-chunked-text/UK/children/child_chunk_8019.txt),84.1478,2024
hard_filter,uk,What is the latest official position regarding legislation on the protection of veterans?,recency,8,BM25,parentSon,exe3/clean-text/UK/debates2025-09-02.txt (exe3/parent-child-chunked-text/UK/children/child_chunk_20403.txt),81.5555,2025
hard_filter,uk,What is the latest official position regarding legislation on the protection of veterans?,recency,8,BM25,parentSon,exe3/clean-text/UK/debates2025-06-25.txt (exe3/parent-child-chunked-text/UK/children/child_chunk_19152.txt),77.6594,2025
hard_filter,uk,What is the latest official position regarding legislation on the protection of veterans?,recency,8,BM25,parentSon,exe3/clean-text/UK/debates2024-12-03.txt (exe3/parent-child-chunked-text/UK/children/child_chunk_12288.txt),77.5732,2024
hard_filter,uk,What is the latest official position regarding legislation on the protection of veterans?,recency,8,BM25,parentSon,exe3/clean-text/UK/debates2024-01-09.txt (exe3/parent-child-chunked-text/UK/children/child_chunk_3901.txt),77.5068,2024
hard_filter,uk,What is the latest official position regarding legislation on the protection of veterans?,recency,8,BM25,parentSon,exe3/clean-text/UK/debates2024-03-13.txt (exe3/parent-child-chunked-text/UK/children/child_chunk_6465.txt),76.2533,2024
hard_filter,uk,What is the latest official position regarding legislation on the protection of veterans?,recency,8,BM25,parentSon,exe3/clean-text/UK/debates2025-05-21.txt (exe3/parent-child-chunked-text/UK/children/child_chunk_17934.txt),74.2576,2025
hard_filter,uk,how did the prime minister/president's rhetoric regarding the war between israel and hamas/gaza change between his first and last speech?,evolution,8,BM25,parentSon,exe3/clean-text/UK/debates2023-10-16.txt (exe3/parent-child-chunked-text/UK/children/child_chunk_1643.txt),172.8582,2023
hard_filter,uk,how did the prime minister/president's rhetoric regarding the war between israel and hamas/gaza change between his first and last speech?,evolution,8,BM25,parentSon,exe3/clean-text/UK/debates2024-01-08.txt (exe3/parent-child-chunked-text/UK/children/child_chunk_3876.txt),172.1456,2024
hard_filter,uk,how did the prime minister/president's rhetoric regarding the war between israel and hamas/gaza change between his first and last speech?,evolution,8,BM25,parentSon,exe3/clean-text/UK/debates2023-12-04.txt (exe3/parent-child-chunked-text/UK/children/child_chunk_3228.txt),156.1241,2023
hard_filter,uk,how did the prime minister/president's rhetoric regarding the war between israel and hamas/gaza change between his first and last speech?,evolution,8,BM25,parentSon,exe3/clean-text/UK/debates2025-05-14.txt (exe3/parent-child-chunked-text/UK/children/child_chunk_17658.txt),153.7175,2025
hard_filter,uk,how did the prime minister/president's rhetoric regarding the war between israel and hamas/gaza change between his first and last speech?,evolution,8,BM25,parentSon,exe3/clean-text/UK/debates2023-10-24.txt (exe3/parent-child-chunked-text/UK/children/child_chunk_1990.txt),143.2249,2023
hard_filter,uk,how did the prime minister/president's rhetoric regarding the war between israel and hamas/gaza change between his first and last speech?,evolution,8,BM25,parentSon,exe3/clean-text/UK/debates2023-10-18.txt (exe3/parent-child-chunked-text/UK/children/child_chunk_1780.txt),131.9896,2023
hard_filter,uk,how did the prime minister/president's rhetoric regarding the war between israel and hamas/gaza change between his first and last speech?,evolution,8,BM25,parentSon,exe3/clean-text/UK/debates2024-01-08.txt (exe3/parent-child-chunked-text/UK/children/child_chunk_3877.txt),130.8787,2024
hard_filter,uk,how did the prime minister/president's rhetoric regarding the war between israel and hamas/gaza change between his first and last speech?,evolution,8,BM25,parentSon,exe3/clean-text/UK/debates2025-10-29.txt (exe3/parent-child-chunked-text/UK/children/child_chunk_21668.txt),129.7229,2025
hard_filter,uk,How has the approach to the restoration and maintenance of local and community infrastructure changed between late 2023 and late 2024?,evolution,8,BM25,parentSon,exe3/clean-text/UK/debates2023-10-26.txt (exe3/parent-child-chunked-text/UK/children/child_chunk_2150.txt),106.3702,2023
hard_filter,uk,How has the approach to the restoration and maintenance of local and community infrastructure changed between late 2023 and late 2024?,evolution,8,BM25,parentSon,exe3/clean-text/UK/debates2023-06-28.txt (exe3/parent-child-chunked-text/UK/children/child_chunk_37.txt),80.2547,2023
hard_filter,uk,How has the approach to the restoration and maintenance of local and community infrastructure changed between late 2023 and late 2024?,evolution,8,BM25,parentSon,exe3/clean-text/UK/debates2023-11-13.txt (exe3/parent-child-chunked-text/UK/children/child_chunk_2412.txt),78.1894,2023
hard_filter,uk,How has the approach to the restoration and maintenance of local and community infrastructure changed between late 2023 and late 2024?,evolution,8,BM25,parentSon,exe3/clean-text/UK/debates2023-07-12.txt (exe3/parent-child-chunked-text/UK/children/child_chunk_590.txt),76.4947,2023
hard_filter,uk,How has the approach to the restoration and maintenance of local and community infrastructure changed between late 2023 and late 2024?,evolution,8,BM25,parentSon,exe3/clean-text/UK/debates2023-11-16.txt (exe3/parent-child-chunked-text/UK/children/child_chunk_2611.txt),74.7464,2023
hard_filter,uk,How has the approach to the restoration and maintenance of local and community infrastructure changed between late 2023 and late 2024?,evolution,8,BM25,parentSon,exe3/clean-text/UK/debates2023-07-06.txt (exe3/parent-child-chunked-text/UK/children/child_chunk_386.txt),72.2117,2023
hard_filter,uk,How has the approach to the restoration and maintenance of local and community infrastructure changed between late 2023 and late 2024?,evolution,8,BM25,parentSon,exe3/clean-text/UK/debates2023-10-23.txt (exe3/parent-child-chunked-text/UK/children/child_chunk_1921.txt),72.1167,2023
hard_filter,uk,How has the approach to the restoration and maintenance of local and community infrastructure changed between late 2023 and late 2024?,evolution,8,BM25,parentSon,exe3/clean-text/UK/debates2023-11-16.txt (exe3/parent-child-chunked-text/UK/children/child_chunk_2612.txt),69.8574,2023
hard_filter,uk,who is the minister of defense/secretary of defense?,ambiguity,8,BM25,parentSon,exe3/clean-text/UK/debates2025-01-06.txt (exe3/parent-child-chunked-text/UK/children/child_chunk_13049.txt),33.5971,2025
hard_filter,uk,who is the minister of defense/secretary of defense?,ambiguity,8,BM25,parentSon,exe3/clean-text/UK/debates2024-03-20.txt (exe3/parent-child-chunked-text/UK/children/child_chunk_6787.txt),7.1148,2024
hard_filter,uk,who is the minister of defense/secretary of defense?,ambiguity,8,BM25,parentSon,exe3/clean-text/UK/debates2023-11-14.txt (exe3/parent-child-chunked-text/UK/children/child_chunk_2490.txt),6.9933,2023
hard_filter,uk,who is the minister of defense/secretary of defense?,ambiguity,8,BM25,parentSon,exe3/clean-text/UK/debates2023-11-09.txt (exe3/parent-child-chunked-text/UK/children/child_chunk_2335.txt),6.9818,2023
hard_filter,uk,who is the minister of defense/secretary of defense?,ambiguity,8,BM25,parentSon,exe3/clean-text/UK/debates2023-11-09.txt (exe3/parent-child-chunked-text/UK/children/child_chunk_2323.txt),6.8831,2023
hard_filter,uk,who is the minister of defense/secretary of defense?,ambiguity,8,BM25,parentSon,exe3/clean-text/UK/debates2023-11-14.txt (exe3/parent-child-chunked-text/UK/children/child_chunk_2489.txt),6.7423,2023
hard_filter,uk,who is the minister of defense/secretary of defense?,ambiguity,8,BM25,parentSon,exe3/clean-text/UK/debates2025-09-16.txt (exe3/parent-child-chunked-text/UK/children/child_chunk_20917.txt),6.7416,2025
hard_filter,uk,who is the minister of defense/secretary of defense?,ambiguity,8,BM25,parentSon,exe3/clean-text/UK/debates2025-01-09.txt (exe3/parent-child-chunked-text/UK/children/child_chunk_13258.txt),6.7326,2025
hard_filter,uk,Who holds the position responsible for Rural Development?,ambiguity,8,BM25,parentSon,exe3/clean-text/UK/debates2024-12-16.txt (exe3/parent-child-chunked-text/UK/children/child_chunk_12807.txt),80.0128,2024
hard_filter,uk,Who holds the position responsible for Rural Development?,ambiguity,8,BM25,parentSon,exe3/clean-text/UK/debates2023-12-05.txt (exe3/parent-child-chunked-text/UK/children/child_chunk_3272.txt),77.2889,2023
hard_filter,uk,Who holds the position responsible for Rural Development?,ambiguity,8,BM25,parentSon,exe3/clean-text/UK/debates2025-06-19.txt (exe3/parent-child-chunked-text/UK/children/child_chunk_18869.txt),65.9482,2025
hard_filter,uk,Who holds the position responsible for Rural Development?,ambiguity,8,BM25,parentSon,exe3/clean-text/UK/debates2024-07-19.txt (exe3/parent-child-chunked-text/UK/children/child_chunk_8982.txt),64.2828,2024
hard_filter,uk,Who holds the position responsible for Rural Development?,ambiguity,8,BM25,parentSon,exe3/clean-text/UK/debates2024-12-03.txt (exe3/parent-child-chunked-text/UK/children/child_chunk_12258.txt),64.2686,2024
hard_filter,uk,Who holds the position responsible for Rural Development?,ambiguity,8,BM25,parentSon,exe3/clean-text/UK/debates2024-04-18.txt (exe3/parent-child-chunked-text/UK/children/child_chunk_7298.txt),64.1398,2024
hard_filter,uk,Who holds the position responsible for Rural Development?,ambiguity,8,BM25,parentSon,exe3/clean-text/UK/debates2024-07-22.txt (exe3/parent-child-chunked-text/UK/children/child_chunk_9083.txt),63.6279,2024
hard_filter,uk,Who holds the position responsible for Rural Development?,ambiguity,8,BM25,parentSon,exe3/clean-text/UK/debates2025-05-08.txt (exe3/parent-child-chunked-text/UK/children/child_chunk_17439.txt),60.2509,2025
hard_filter,us,what was the specific budget allocated to security in 2024?,hard_filter,3,DENSE,fixed,exe3/clean-text/US/2024-11-13.txt (exe3/chunked-text/US/chunk_1532.txt),0.8755,2024
hard_filter,us,what was the specific budget allocated to security in 2024?,hard_filter,3,DENSE,fixed,exe3/clean-text/US/2024-05-15.txt (exe3/chunked-text/US/chunk_940.txt),0.8708,2024
hard_filter,us,what was the specific budget allocated to security in 2024?,hard_filter,3,DENSE,fixed,exe3/clean-text/US/2024-06-05.txt (exe3/chunked-text/US/chunk_1023.txt),0.8679,2024
hard_filter,us,What was the specific amount allocated to support the public sector for National Insurance costs in 2025?,hard_filter,3,DENSE,fixed,exe3/clean-text/US/2025-04-24.txt (exe3/chunked-text/US/chunk_1785.txt),0.8235,2025
hard_filter,us,What was the specific amount allocated to support the public sector for National Insurance costs in 2025?,hard_filter,3,DENSE,fixed,exe3/clean-text/US/2025-06-03.txt (exe3/chunked-text/US/chunk_1918.txt),0.8215,2025
hard_filter,us,What was the specific amount allocated to support the public sector for National Insurance costs in 2025?,hard_filter,3,DENSE,fixed,exe3/clean-text/US/2025-05-12.txt (exe3/chunked-text/US/chunk_1850.txt),0.819,2025
hard_filter,us,What is the current official position regarding the State of Israel?,recency,3,DENSE,fixed,exe3/clean-text/US/2025-05-05.txt (exe3/chunked-text/US/chunk_1822.txt),0.8205,2025
hard_filter,us,What is the current official position regarding the State of Israel?,recency,3,DENSE,fixed,exe3/clean-text/US/2025-04-07.txt (exe3/chunked-text/US/chunk_1743.txt),0.8097,2025
hard_filter,us,What is the current official position regarding the State of Israel?,recency,3,DENSE,fixed,exe3/clean-text/US/2025-06-09.txt (exe3/chunked-text/US/chunk_1943.txt),0.804,2025
hard_filter,us,What is the current official position regarding Hamas/Gaza?,recency,3,DENSE,fixed,exe3/clean-text/US/2025-05-05.txt (exe3/chunked-text/US/chunk_1822.txt),0.846,2025
hard_filter,us,What is the current official position regarding Hamas/Gaza?,recency,3,DENSE,fixed,exe3/clean-text/US/2025-06-26.txt (exe3/chunked-text/US/chunk_2017.txt),0.8267,2025
hard_filter,us,What is the current official position regarding Hamas/Gaza?,recency,3,DENSE,fixed,exe3/clean-text/US/2025-05-29.txt (exe3/chunked-text/US/chunk_1899.txt),0.825,2025
hard_filter,us,Was the official position in the last quarter of 2023 supportive of the State of Israel?,recency,3,DENSE,fixed,exe3/clean-text/US/2023-10-12.txt (exe3/chunked-text/US/chunk_310.txt),0.842,2023
hard_filter,us,Was the official position in the last quarter of 2023 supportive of the State of Israel?,recency,3,DENSE,fixed,exe3/clean-text/US/2023-07-27.txt (exe3/chunked-text/US/chunk_100.txt),0.8396,2023
hard_filter,us,Was the official position in the last quarter of 2023 supportive of the State of Israel?,recency,3,DENSE,fixed,exe3/clean-text/US/2023-12-06.txt (exe3/chunked-text/US/chunk_497.txt),0.8351,2023
hard_filter,us,Was the official position in the last quarter of 2023 supportive of Hamas/Gaza?,recency,3,DENSE,fixed,exe3/clean-text/US/2023-10-12.txt (exe3/chunked-text/US/chunk_310.txt),0.8463,2023
hard_filter,us,Was the official position in the last quarter of 2023 supportive of Hamas/Gaza?,recency,3,DENSE,fixed,exe3/clean-text/US/2023-12-06.txt (exe3/chunked-text/US/chunk_497.txt),0.8374,2023
hard_filter,us,Was the official position in the last quarter of 2023 supportive of Hamas/Gaza?,recency,3,DENSE,fixed,exe3/clean-text/US/2023-10-17.txt (exe3/chunked-text/US/chunk_325.txt),0.8352,2023
hard_filter,us,Has the official position in the last quarter of 2023 changed relative to the official position in the last quarter of 2025?,recency,3,DENSE,fixed,exe3/clean-text/US/2023-10-17.txt (exe3/chunked-text/US/chunk_325.txt),0.8558,2023
hard_filter,us,Has the official position in the last quarter of 2023 changed relative to the official position in the last quarter of 2025?,recency,3,DENSE,fixed,exe3/clean-text/US/2023-07-12.txt (exe3/chunked-text/US/chunk_29.txt),0.8465,2023
hard_filter,us,Has the official position in the last quarter of 2023 changed relative to the official position in the last quarter of 2025?,recency,3,DENSE,fixed,exe3/clean-text/US/2023-07-20.txt (exe3/chunked-text/US/chunk_79.txt),0.8445,2023
hard_filter,us,What is the latest official position regarding legislation on the protection of veterans?,recency,3,DENSE,fixed,exe3/clean-text/US/2024-05-21.txt (exe3/chunked-text/US/chunk_957.txt),0.8453,2024
hard_filter,us,What is the latest official position regarding legislation on the protection of veterans?,recency,3,DENSE,fixed,exe3/clean-text/US/2024-10-22.txt (exe3/chunked-text/US/chunk_1466.txt),0.8423,2024
hard_filter,us,What is the latest official position regarding legislation on the protection of veterans?,recency,3,DENSE,fixed,exe3/clean-text/US/2024-08-27.txt (exe3/chunked-text/US/chunk_1267.txt),0.8418,2024
hard_filter,us,how did the prime minister/president's rhetoric regarding the war between israel and hamas/gaza change between his first and last speech?,evolution,3,DENSE,fixed,exe3/clean-text/US/2024-07-11.txt (exe3/chunked-text/US/chunk_1151.txt),0.8821,2024
hard_filter,us,how did the prime minister/president's rhetoric regarding the war between israel and hamas/gaza change between his first and last speech?,evolution,3,DENSE,fixed,exe3/clean-text/US/2024-07-11.txt (exe3/chunked-text/US/chunk_1152.txt),0.8807,2024
hard_filter,us,how did the prime minister/president's rhetoric regarding the war between israel and hamas/gaza change between his first and last speech?,evolution,3,DENSE,fixed,exe3/clean-text/US/2025-05-05.txt (exe3/chunked-text/US/chunk_1822.txt),0.8784,2025
hard_filter,us,How has the approach to the restoration and maintenance of local and community infrastructure changed between late 2023 and late 2024?,evolution,3,DENSE,fixed,exe3/clean-text/US/2023-11-28.txt (exe3/chunked-text/US/chunk_462.txt),0.8483,2023
hard_filter,us,How has the approach to the restoration and maintenance of local and community infrastructure changed between late 2023 and late 2024?,evolution,3,DENSE,fixed,exe3/clean-text/US/2023-09-12.txt (exe3/chunked-text/US/chunk_200.txt),0.848,2023
hard_filter,us,How has the approach to the restoration and maintenance of local and community infrastructure changed between late 2023 and late 2024?,evolution,3,DENSE,fixed,exe3/clean-text/US/2023-09-18.txt (exe3/chunked-text/US/chunk_221.txt),0.8454,2023
hard_filter,us,who is the minister of defense/secretary of defense?,ambiguity,3,DENSE,fixed,exe3/clean-text/US/2024-03-01.txt (exe3/chunked-text/US/chunk_672.txt),0.8657,2024
hard_filter,us,who is the minister of defense/secretary of defense?,ambiguity,3,DENSE,fixed,exe3/clean-text/US/2024-11-13.txt (exe3/chunked-text/US/chunk_1532.txt),0.8657,2024
hard_filter,us,who is the minister of defense/secretary of defense?,ambiguity,3,DENSE,fixed,exe3/clean-text/US/2023-12-07.txt (exe3/chunked-text/US/chunk_508.txt),0.8643,2023
hard_filter,us,Who holds the position responsible for Rural Development?,ambiguity,3,DENSE,fixed,exe3/clean-text/US/2024-07-23.txt (exe3/chunked-text/US/chunk_1175.txt),0.8204,2024
hard_filter,us,Who holds the position responsible for Rural Development?,ambiguity,3,DENSE,fixed,exe3/clean-text/US/2025-09-03.txt (exe3/chunked-text/US/chunk_2195.txt),0.8147,2025
hard_filter,us,Who holds the position responsible for Rural Development?,ambiguity,3,DENSE,fixed,exe3/clean-text/US/2024-05-01.txt (exe3/chunked-text/US/chunk_890.txt),0.8145,2024
hard_filter,us,what was the specific budget allocated to security in 2024?,hard_filter,3,DENSE,parentSon,exe3/clean-text/US/2024-06-05.txt (exe3/parent-child-chunked-text/US/children/child_chunk_2275.txt),0.8705,2024
hard_filter,us,what was the specific budget allocated to security in 2024?,hard_filter,3,DENSE,parentSon,exe3/clean-text/US/2024-05-01.txt (exe3/parent-child-chunked-text/US/children/child_chunk_1988.txt),0.8639,2024
hard_filter,us,what was the specific budget allocated to security in 2024?,hard_filter,3,DENSE,parentSon,exe3/clean-text/US/2024-12-09.txt (exe3/parent-child-chunked-text/US/children/child_chunk_3606.txt),0.8583,2024
hard_filter,us,What was the specific amount allocated to support the public sector for National Insurance costs in 2025?,hard_filter,3,DENSE,parentSon,exe3/clean-text/US/2025-07-25.txt (exe3/parent-child-chunked-text/US/children/child_chunk_4636.txt),0.8273,2025
hard_filter,us,What was the specific amount allocated to support the public sector for National Insurance costs in 2025?,hard_filter,3,DENSE,parentSon,exe3/clean-text/US/2025-08-12.txt (exe3/parent-child-chunked-text/US/children/child_chunk_4729.txt),0.8254,2025
hard_filter,us,What was the specific amount allocated to support the public sector for National Insurance costs in 2025?,hard_filter,3,DENSE,parentSon,exe3/clean-text/US/2025-06-23.txt (exe3/parent-child-chunked-text/US/children/child_chunk_4407.txt),0.82,2025
hard_filter,us,What is the current official position regarding the State of Israel?,recency,3,DENSE,parentSon,exe3/clean-text/US/2025-05-05.txt (exe3/parent-child-chunked-text/US/children/child_chunk_4035.txt),0.8207,2025
hard_filter,us,What is the current official position regarding the State of Israel?,recency,3,DENSE,parentSon,exe3/clean-text/US/2025-06-02.txt (exe3/parent-child-chunked-text/US/children/child_chunk_4225.txt),0.8078,2025
hard_filter,us,What is the current official position regarding the State of Israel?,recency,3,DENSE,parentSon,exe3/clean-text/US/2025-07-25.txt (exe3/parent-child-chunked-text/US/children/child_chunk_4636.txt),0.8078,2025
hard_filter,us,What is the current official position regarding Hamas/Gaza?,recency,3,DENSE,parentSon,exe3/clean-text/US/2025-05-05.txt (exe3/parent-child-chunked-text/US/children/child_chunk_4035.txt),0.8338,2025
hard_filter,us,What is the current official position regarding Hamas/Gaza?,recency,3,DENSE,parentSon,exe3/clean-text/US/2025-05-05.txt (exe3/parent-child-chunked-text/US/children/child_chunk_4034.txt),0.832,2025
hard_filter,us,What is the current official position regarding Hamas/Gaza?,recency,3,DENSE,parentSon,exe3/clean-text/US/2025-07-25.txt (exe3/parent-child-chunked-text/US/children/child_chunk_4636.txt),0.8314,2025
hard_filter,us,Was the official position in the last quarter of 2023 supportive of the State of Israel?,recency,3,DENSE,parentSon,exe3/clean-text/US/2023-10-12.txt (exe3/parent-child-chunked-text/US/children/child_chunk_692.txt),0.8409,2023
hard_filter,us,Was the official position in the last quarter of 2023 supportive of the State of Israel?,recency,3,DENSE,parentSon,exe3/clean-text/US/2023-07-27.txt (exe3/parent-child-chunked-text/US/children/child_chunk_220.txt),0.8398,2023
hard_filter,us,Was the official position in the last quarter of 2023 supportive of the State of Israel?,recency,3,DENSE,parentSon,exe3/clean-text/US/2023-07-25.txt (exe3/parent-child-chunked-text/US/children/child_chunk_187.txt),0.828,2023
hard_filter,us,Was the official position in the last quarter of 2023 supportive of Hamas/Gaza?,recency,3,DENSE,parentSon,exe3/clean-text/US/2023-10-12.txt (exe3/parent-child-chunked-text/US/children/child_chunk_692.txt),0.842,2023
hard_filter,us,Was the official position in the last quarter of 2023 supportive of Hamas/Gaza?,recency,3,DENSE,parentSon,exe3/clean-text/US/2023-11-29.txt (exe3/parent-child-chunked-text/US/children/child_chunk_1049.txt),0.839,2023
hard_filter,us,Was the official position in the last quarter of 2023 supportive of Hamas/Gaza?,recency,3,DENSE,parentSon,exe3/clean-text/US/2023-08-18.txt (exe3/parent-child-chunked-text/US/children/child_chunk_339.txt),0.8292,2023
hard_filter,us,Has the official position in the last quarter of 2023 changed relative to the official position in the last quarter of 2025?,recency,3,DENSE,parentSon,exe3/clean-text/US/2023-11-13.txt (exe3/parent-child-chunked-text/US/children/child_chunk_967.txt),0.8551,2023
hard_filter,us,Has the official position in the last quarter of 2023 changed relative to the official position in the last quarter of 2025?,recency,3,DENSE,parentSon,exe3/clean-text/US/2023-08-18.txt (exe3/parent-child-chunked-text/US/children/child_chunk_339.txt),0.8466,2023
hard_filter,us,Has the official position in the last quarter of 2023 changed relative to the official position in the last quarter of 2025?,recency,3,DENSE,parentSon,exe3/clean-text/US/2023-11-29.txt (exe3/parent-child-chunked-text/US/children/child_chunk_1049.txt),0.845,2023
hard_filter,us,What is the latest official position regarding legislation on the protection of veterans?,recency,3,DENSE,parentSon,exe3/clean-text/US/2025-04-14.txt (exe3/parent-child-chunked-text/US/children/child_chunk_3904.txt),0.8475,2025
hard_filter,us,What is the latest official position regarding legislation on the protection of veterans?,recency,3,DENSE,parentSon,exe3/clean-text/US/2024-11-19.txt (exe3/parent-child-chunked-text/US/children/child_chunk_3466.txt),0.8424,2024
hard_filter,us,What is the latest official position regarding legislation on the protection of veterans?,recency,3,DENSE,parentSon,exe3/clean-text/US/2024-06-21.txt (exe3/parent-child-chunked-text/US/children/child_chunk_2400.txt),0.8417,2024
hard_filter,us,how did the prime minister/president's rhetoric regarding the war between israel and hamas/gaza change between his first and last speech?,evolution,3,DENSE,parentSon,exe3/clean-text/US/2025-07-25.txt (exe3/parent-child-chunked-text/US/children/child_chunk_4636.txt),0.8741,2025
hard_filter,us,how did the prime minister/president's rhetoric regarding the war between israel and hamas/gaza change between his first and last speech?,evolution,3,DENSE,parentSon,exe3/clean-text/US/2023-10-20.txt (exe3/parent-child-chunked-text/US/children/child_chunk_779.txt),0.8694,2023
hard_filter,us,how did the prime minister/president's rhetoric regarding the war between israel and hamas/gaza change between his first and last speech?,evolution,3,DENSE,parentSon,exe3/clean-text/US/2024-07-11.txt (exe3/parent-child-chunked-text/US/children/child_chunk_2563.txt),0.8668,2024
hard_filter,us,How has the approach to the restoration and maintenance of local and community infrastructure changed between late 2023 and late 2024?,evolution,3,DENSE,parentSon,exe3/clean-text/US/2023-08-15.txt (exe3/parent-child-chunked-text/US/children/child_chunk_326.txt),0.839,2023
hard_filter,us,How has the approach to the restoration and maintenance of local and community infrastructure changed between late 2023 and late 2024?,evolution,3,DENSE,parentSon,exe3/clean-text/US/2023-11-13.txt (exe3/parent-child-chunked-text/US/children/child_chunk_964.txt),0.8343,2023
hard_filter,us,How has the approach to the restoration and maintenance of local and community infrastructure changed between late 2023 and late 2024?,evolution,3,DENSE,parentSon,exe3/clean-text/US/2023-09-12.txt (exe3/parent-child-chunked-text/US/children/child_chunk_442.txt),0.8296,2023
hard_filter,us,who is the minister of defense/secretary of defense?,ambiguity,3,DENSE,parentSon,exe3/clean-text/US/2024-05-01.txt (exe3/parent-child-chunked-text/US/children/child_chunk_1988.txt),0.8607,2024
hard_filter,us,who is the minister of defense/secretary of defense?,ambiguity,3,DENSE,parentSon,exe3/clean-text/US/2023-11-29.txt (exe3/parent-child-chunked-text/US/children/child_chunk_1049.txt),0.8604,2023
hard_filter,us,who is the minister of defense/secretary of defense?,ambiguity,3,DENSE,parentSon,exe3/clean-text/US/2025-08-12.txt (exe3/parent-child-chunked-text/US/children/child_chunk_4729.txt),0.8604,2025
hard_filter,us,Who holds the position responsible for Rural Development?,ambiguity,3,DENSE,parentSon,exe3/clean-text/US/2025-07-25.txt (exe3/parent-child-chunked-text/US/children/child_chunk_4636.txt),0.8221,2025
hard_filter,us,Who holds the position responsible for Rural Development?,ambiguity,3,DENSE,parentSon,exe3/clean-text/US/2025-09-03.txt (exe3/parent-child-chunked-text/US/children/child_chunk_4838.txt),0.8139,2025
hard_filter,us,Who holds the position responsible for Rural Development?,ambiguity,3,DENSE,parentSon,exe3/clean-text/US/2024-07-08.txt (exe3/parent-child-chunked-text/US/children/child_chunk_2511.txt),0.8108,2024
hard_filter,us,what was the specific budget allocated to security in 2024?,hard_filter,3,BM25,fixed,exe3/clean-text/US/2024-12-09.txt (exe3/chunked-text/US/chunk_1627.txt),35.091,2024
hard_filter,us,what was the specific budget allocated to security in 2024?,hard_filter,3,BM25,fixed,exe3/clean-text/US/2024-05-15.txt (exe3/chunked-text/US/chunk_936.txt),30.2241,2024
hard_filter,us,what was the specific budget allocated to security in 2024?,hard_filter,3,BM25,fixed,exe3/clean-text/US/2024-05-20.txt (exe3/chunked-text/US/chunk_952.txt),28.7591,2024
hard_filter,us,What was the specific amount allocated to support the public sector for National Insurance costs in 2025?,hard_filter,3,BM25,fixed,exe3/clean-text/US/2025-05-20.txt (exe3/chunked-text/US/chunk_1882.txt),41.5068,2025
hard_filter,us,What was the specific amount allocated to support the public sector for National Insurance costs in 2025?,hard_filter,3,BM25,fixed,exe3/clean-text/US/2025-05-07.txt (exe3/chunked-text/US/chunk_1834.txt),33.3725,2025
hard_filter,us,What was the specific amount allocated to support the public sector for National Insurance costs in 2025?,hard_filter,3,BM25,fixed,exe3/clean-text/US/2025-09-30.txt (exe3/chunked-text/US/chunk_2280.txt),31.7233,2025
hard_filter,us,What is the current official position regarding the State of Israel?,recency,3,BM25,fixed,exe3/clean-text/US/2025-10-06.txt (exe3/chunked-text/US/chunk_2302.txt),53.151,2025
hard_filter,us,What is the current official position regarding the State of Israel?,recency,3,BM25,fixed,exe3/clean-text/US/2025-10-08.txt (exe3/chunked-text/US/chunk_2309.txt),50.6547,2025
hard_filter,us,What is the current official position regarding the State of Israel?,recency,3,BM25,fixed,exe3/clean-text/US/2025-10-15.txt (exe3/chunked-text/US/chunk_2324.txt),46.9832,2025
hard_filter,us,What is the current official position regarding Hamas/Gaza?,recency,3,BM25,fixed,exe3/clean-text/US/2025-10-06.txt (exe3/chunked-text/US/chunk_2302.txt),53.151,2025
hard_filter,us,What is the current official position regarding Hamas/Gaza?,recency,3,BM25,fixed,exe3/clean-text/US/2025-10-08.txt (exe3/chunked-text/US/chunk_2309.txt),49.7847,2025
hard_filter,us,What is the current official position regarding Hamas/Gaza?,recency,3,BM25,fixed,exe3/clean-text/US/2025-05-05.txt (exe3/chunked-text/US/chunk_1822.txt),49.3078,2025
hard_filter,us,Was the official position in the last quarter of 2023 supportive of the State of Israel?,recency,3,BM25,fixed,exe3/clean-text/US/2023-07-27.txt (exe3/chunked-text/US/chunk_100.txt),69.7674,2023
hard_filter,us,Was the official position in the last quarter of 2023 supportive of the State of Israel?,recency,3,BM25,fixed,exe3/clean-text/US/2023-08-15.txt (exe3/chunked-text/US/chunk_147.txt),45.2306,2023
hard_filter,us,Was the official position in the last quarter of 2023 supportive of the State of Israel?,recency,3,BM25,fixed,exe3/clean-text/US/2023-12-11.txt (exe3/chunked-text/US/chunk_511.txt),44.1235,2023
hard_filter,us,Was the official position in the last quarter of 2023 supportive of Hamas/Gaza?,recency,3,BM25,fixed,exe3/clean-text/US/2023-10-12.txt (exe3/chunked-text/US/chunk_310.txt),55.2081,2023
hard_filter,us,Was the official position in the last quarter of 2023 supportive of Hamas/Gaza?,recency,3,BM25,fixed,exe3/clean-text/US/2023-08-15.txt (exe3/chunked-text/US/chunk_147.txt),45.2306,2023
hard_filter,us,Was the official position in the last quarter of 2023 supportive of Hamas/Gaza?,recency,3,BM25,fixed,exe3/clean-text/US/2023-12-11.txt (exe3/chunked-text/US/chunk_511.txt),43.4208,2023
hard_filter,us,Has the official position in the last quarter of 2023 changed relative to the official position in the last quarter of 2025?,recency,3,BM25,fixed,exe3/clean-text/US/2023-08-15.txt (exe3/chunked-text/US/chunk_147.txt),51.2567,2023
hard_filter,us,Has the official position in the last quarter of 2023 changed relative to the official position in the last quarter of 2025?,recency,3,BM25,fixed,exe3/clean-text/US/2023-12-11.txt (exe3/chunked-text/US/chunk_511.txt),48.3001,2023
hard_filter,us,Has the official position in the last quarter of 2023 changed relative to the official position in the last quarter of 2025?,recency,3,BM25,fixed,exe3/clean-text/US/2023-12-05.txt (exe3/chunked-text/US/chunk_493.txt),42.3958,2023
hard_filter,us,What is the latest official position regarding legislation on the protection of veterans?,recency,3,BM25,fixed,exe3/clean-text/US/2025-10-20.txt (exe3/chunked-text/US/chunk_2335.txt),70.0235,2025
hard_filter,us,What is the latest official position regarding legislation on the protection of veterans?,recency,3,BM25,fixed,exe3/clean-text/US/2025-10-06.txt (exe3/chunked-text/US/chunk_2302.txt),67.495,2025
hard_filter,us,What is the latest official position regarding legislation on the protection of veterans?,recency,3,BM25,fixed,exe3/clean-text/US/2025-07-28.txt (exe3/chunked-text/US/chunk_2110.txt),66.1392,2025
hard_filter,us,how did the prime minister/president's rhetoric regarding the war between israel and hamas/gaza change between his first and last speech?,evolution,3,BM25,fixed,exe3/clean-text/US/2024-07-11.txt (exe3/chunked-text/US/chunk_1152.txt),112.3185,2024
hard_filter,us,how did the prime minister/president's rhetoric regarding the war between israel and hamas/gaza change between his first and last speech?,evolution,3,BM25,fixed,exe3/clean-text/US/2024-09-17.txt (exe3/chunked-text/US/chunk_1350.txt),111.0912,2024
hard_filter,us,how did the prime minister/president's rhetoric regarding the war between israel and hamas/gaza change between his first and last speech?,evolution,3,BM25,fixed,exe3/clean-text/US/2023-10-12.txt (exe3/chunked-text/US/chunk_310.txt),94.3371,2023
hard_filter,us,How has the approach to the restoration and maintenance of local and community infrastructure changed between late 2023 and late 2024?,evolution,3,BM25,fixed,exe3/clean-text/US/2023-10-26.txt (exe3/chunked-text/US/chunk_376.txt),93.3055,2023
hard_filter,us,How has the approach to the restoration and maintenance of local and community infrastructure changed between late 2023 and late 2024?,evolution,3,BM25,fixed,exe3/clean-text/US/2023-11-29.txt (exe3/chunked-text/US/chunk_470.txt),61.7691,2023
hard_filter,us,How has the approach to the restoration and maintenance of local and community infrastructure changed between late 2023 and late 2024?,evolution,3,BM25,fixed,exe3/clean-text/US/2023-11-27.txt (exe3/chunked-text/US/chunk_458.txt),55.0049,2023
hard_filter,us,who is the minister of defense/secretary of defense?,ambiguity,3,BM25,fixed,exe3/clean-text/US/2024-05-01.txt (exe3/chunked-text/US/chunk_894.txt),54.6958,2024
hard_filter,us,who is the minister of defense/secretary of defense?,ambiguity,3,BM25,fixed,exe3/clean-text/US/2024-12-09.txt (exe3/chunked-text/US/chunk_1627.txt),53.8213,2024
hard_filter,us,who is the minister of defense/secretary of defense?,ambiguity,3,BM25,fixed,exe3/clean-text/US/2025-06-30.txt (exe3/chunked-text/US/chunk_2031.txt),53.6482,2025
hard_filter,us,Who holds the position responsible for Rural Development?,ambiguity,3,BM25,fixed,exe3/clean-text/US/2024-02-28.txt (exe3/chunked-text/US/chunk_656.txt),71.7793,2024
hard_filter,us,Who holds the position responsible for Rural Development?,ambiguity,3,BM25,fixed,exe3/clean-text/US/2025-09-03.txt (exe3/chunked-text/US/chunk_2195.txt),71.638,2025
hard_filter,us,Who holds the position responsible for Rural Development?,ambiguity,3,BM25,fixed,exe3/clean-text/US/2024-09-09.txt (exe3/chunked-text/US/chunk_1300.txt),58.5365,2024
hard_filter,us,what was the specific budget allocated to security in 2024?,hard_filter,3,BM25,parentSon,exe3/clean-text/US/2024-12-09.txt (exe3/parent-child-chunked-text/US/children/child_chunk_3606.txt),52.5718,2024
hard_filter,us,what was the specific budget allocated to security in 2024?,hard_filter,3,BM25,parentSon,exe3/clean-text/US/2024-05-15.txt (exe3/parent-child-chunked-text/US/children/child_chunk_2085.txt),44.1125,2024
hard_filter,us,what was the specific budget allocated to security in 2024?,hard_filter,3,BM25,parentSon,exe3/clean-text/US/2024-04-15.txt (exe3/parent-child-chunked-text/US/children/child_chunk_1845.txt),41.3523,2024
hard_filter,us,What was the specific amount allocated to support the public sector for National Insurance costs in 2025?,hard_filter,3,BM25,parentSon,exe3/clean-text/US/2025-05-20.txt (exe3/parent-child-chunked-text/US/children/child_chunk_4164.txt),60.9587,2025
hard_filter,us,What was the specific amount allocated to support the public sector for National Insurance costs in 2025?,hard_filter,3,BM25,parentSon,exe3/clean-text/US/2025-05-01.txt (exe3/parent-child-chunked-text/US/children/child_chunk_4016.txt),45.5631,2025
hard_filter,us,What was the specific amount allocated to support the public sector for National Insurance costs in 2025?,hard_filter,3,BM25,parentSon,exe3/clean-text/US/2025-06-11.txt (exe3/parent-child-chunked-text/US/children/child_chunk_4335.txt),42.4887,2025
hard_filter,us,What is the current official position regarding the State of Israel?,recency,3,BM25,parentSon,exe3/clean-text/US/2025-10-20.txt (exe3/parent-child-chunked-text/US/children/child_chunk_5144.txt),64.8501,2025
hard_filter,us,What is the current official position regarding the State of Israel?,recency,3,BM25,parentSon,exe3/clean-text/US/2025-10-06.txt (exe3/parent-child-chunked-text/US/children/child_chunk_5070.txt),63.4179,2025
hard_filter,us,What is the current official position regarding the State of Israel?,recency,3,BM25,parentSon,exe3/clean-text/US/2025-10-08.txt (exe3/parent-child-chunked-text/US/children/child_chunk_5086.txt),61.4679,2025
hard_filter,us,What is the current official position regarding Hamas/Gaza?,recency,3,BM25,parentSon,exe3/clean-text/US/2025-10-06.txt (exe3/parent-child-chunked-text/US/children/child_chunk_5070.txt),63.4179,2025
hard_filter,us,What is the current official position regarding Hamas/Gaza?,recency,3,BM25,parentSon,exe3/clean-text/US/2025-10-20.txt (exe3/parent-child-chunked-text/US/children/child_chunk_5144.txt),62.7869,2025
hard_filter,us,What is the current official position regarding Hamas/Gaza?,recency,3,BM25,parentSon,exe3/clean-text/US/2025-10-08.txt (exe3/parent-child-chunked-text/US/children/child_chunk_5086.txt),59.534,2025
hard_filter,us,Was the official position in the last quarter of 2023 supportive of the State of Israel?,recency,3,BM25,parentSon,exe3/clean-text/US/2023-07-27.txt (exe3/parent-child-chunked-text/US/children/child_chunk_220.txt),85.5388,2023
hard_filter,us,Was the official position in the last quarter of 2023 supportive of the State of Israel?,recency,3,BM25,parentSon,exe3/clean-text/US/2023-11-21.txt (exe3/parent-child-chunked-text/US/children/child_chunk_1013.txt),57.4665,2023
hard_filter,us,Was the official position in the last quarter of 2023 supportive of the State of Israel?,recency,3,BM25,parentSon,exe3/clean-text/US/2023-07-03.txt (exe3/parent-child-chunked-text/US/children/child_chunk_2.txt),56.5026,2023
hard_filter,us,Was the official position in the last quarter of 2023 supportive of Hamas/Gaza?,recency,3,BM25,parentSon,exe3/clean-text/US/2023-11-21.txt (exe3/parent-child-chunked-text/US/children/child_chunk_1013.txt),57.4665,2023
hard_filter,us,Was the official position in the last quarter of 2023 supportive of Hamas/Gaza?,recency,3,BM25,parentSon,exe3/clean-text/US/2023-12-11.txt (exe3/parent-child-chunked-text/US/children/child_chunk_1143.txt),56.3942,2023
hard_filter,us,Was the official position in the last quarter of 2023 supportive of Hamas/Gaza?,recency,3,BM25,parentSon,exe3/clean-text/US/2023-07-03.txt (exe3/parent-child-chunked-text/US/children/child_chunk_2.txt),53.4792,2023
hard_filter,us,Has the official position in the last quarter of 2023 changed relative to the official position in the last quarter of 2025?,recency,3,BM25,parentSon,exe3/clean-text/US/2023-12-11.txt (exe3/parent-child-chunked-text/US/children/child_chunk_1143.txt),63.5145,2023
hard_filter,us,Has the official position in the last quarter of 2023 changed relative to the official position in the last quarter of 2025?,recency,3,BM25,parentSon,exe3/clean-text/US/2023-09-30.txt (exe3/parent-child-chunked-text/US/children/child_chunk_618.txt),61.1007,2023
hard_filter,us,Has the official position in the last quarter of 2023 changed relative to the official position in the last quarter of 2025?,recency,3,BM25,parentSon,exe3/clean-text/US/2023-12-05.txt (exe3/parent-child-chunked-text/US/children/child_chunk_1100.txt),59.2735,2023
hard_filter,us,What is the latest official position regarding legislation on the protection of veterans?,recency,3,BM25,parentSon,exe3/clean-text/US/2025-10-20.txt (exe3/parent-child-chunked-text/US/children/child_chunk_5144.txt),79.6034,2025
hard_filter,us,What is the latest official position regarding legislation on the protection of veterans?,recency,3,BM25,parentSon,exe3/clean-text/US/2025-10-08.txt (exe3/parent-child-chunked-text/US/children/child_chunk_5086.txt),75.2934,2025
hard_filter,us,What is the latest official position regarding legislation on the protection of veterans?,recency,3,BM25,parentSon,exe3/clean-text/US/2025-10-15.txt (exe3/parent-child-chunked-text/US/children/child_chunk_5119.txt),75.1087,2025
hard_filter,us,how did the prime minister/president's rhetoric regarding the war between israel and hamas/gaza change between his first and last speech?,evolution,3,BM25,parentSon,exe3/clean-text/US/2024-09-17.txt (exe3/parent-child-chunked-text/US/children/child_chunk_2988.txt),138.8866,2024
hard_filter,us,how did the prime minister/president's rhetoric regarding the war between israel and hamas/gaza change between his first and last speech?,evolution,3,BM25,parentSon,exe3/clean-text/US/2024-09-17.txt (exe3/parent-child-chunked-text/US/children/child_chunk_2989.txt),118.1487,2024
hard_filter,us,how did the prime minister/president's rhetoric regarding the war between israel and hamas/gaza change between his first and last speech?,evolution,3,BM25,parentSon,exe3/clean-text/US/2024-07-11.txt (exe3/parent-child-chunked-text/US/children/child_chunk_2563.txt),114.9837,2024
hard_filter,us,How has the approach to the restoration and maintenance of local and community infrastructure changed between late 2023 and late 2024?,evolution,3,BM25,parentSon,exe3/clean-text/US/2023-10-26.txt (exe3/parent-child-chunked-text/US/children/child_chunk_841.txt),95.4124,2023
hard_filter,us,How has the approach to the restoration and maintenance of local and community infrastructure changed between late 2023 and late 2024?,evolution,3,BM25,parentSon,exe3/clean-text/US/2023-10-26.txt (exe3/parent-child-chunked-text/US/children/child_chunk_840.txt),89.2565,2023
hard_filter,us,How has the approach to the restoration and maintenance of local and community infrastructure changed between late 2023 and late 2024?,evolution,3,BM25,parentSon,exe3/clean-text/US/2023-09-30.txt (exe3/parent-child-chunked-text/US/children/child_chunk_618.txt),68.7997,2023
hard_filter,us,who is the minister of defense/secretary of defense?,ambiguity,3,BM25,parentSon,exe3/clean-text/US/2024-04-15.txt (exe3/parent-child-chunked-text/US/children/child_chunk_1849.txt),74.1642,2024
hard_filter,us,who is the minister of defense/secretary of defense?,ambiguity,3,BM25,parentSon,exe3/clean-text/US/2024-12-09.txt (exe3/parent-child-chunked-text/US/children/child_chunk_3606.txt),73.1761,2024
hard_filter,us,who is the minister of defense/secretary of defense?,ambiguity,3,BM25,parentSon,exe3/clean-text/US/2024-05-01.txt (exe3/parent-child-chunked-text/US/children/child_chunk_1990.txt),71.8049,2024
hard_filter,us,Who holds the position responsible for Rural Development?,ambiguity,3,BM25,parentSon,exe3/clean-text/US/2025-06-17.txt (exe3/parent-child-chunked-text/US/children/child_chunk_4366.txt),80.7195,2025
hard_filter,us,Who holds the position responsible for Rural Development?,ambiguity,3,BM25,parentSon,exe3/clean-text/US/2024-09-09.txt (exe3/parent-child-chunked-text/US/children/child_chunk_2876.txt),75.9339,2024
hard_filter,us,Who holds the position responsible for Rural Development?,ambiguity,3,BM25,parentSon,exe3/clean-text/US/2024-02-28.txt (exe3/parent-child-chunked-text/US/children/child_chunk_1464.txt),74.2007,2024
hard_filter,us,what was the specific budget allocated to security in 2024?,hard_filter,5,DENSE,fixed,exe3/clean-text/US/2024-11-13.txt (exe3/chunked-text/US/chunk_1532.txt),0.8755,2024
hard_filter,us,what was the specific budget allocated to security in 2024?,hard_filter,5,DENSE,fixed,exe3/clean-text/US/2024-05-15.txt (exe3/chunked-text/US/chunk_940.txt),0.8708,2024
hard_filter,us,what was the specific budget allocated to security in 2024?,hard_filter,5,DENSE,fixed,exe3/clean-text/US/2024-06-05.txt (exe3/chunked-text/US/chunk_1023.txt),0.8679,2024
hard_filter,us,what was the specific budget allocated to security in 2024?,hard_filter,5,DENSE,fixed,exe3/clean-text/US/2024-05-08.txt (exe3/chunked-text/US/chunk_917.txt),0.8651,2024
hard_filter,us,what was the specific budget allocated to security in 2024?,hard_filter,5,DENSE,fixed,exe3/clean-text/US/2024-04-10.txt (exe3/chunked-text/US/chunk_802.txt),0.8646,2024
hard_filter,us,What was the specific amount allocated to support the public sector for National Insurance costs in 2025?,hard_filter,5,DENSE,fixed,exe3/clean-text/US/2025-04-24.txt (exe3/chunked-text/US/chunk_1785.txt),0.8235,2025
hard_filter,us,What was the specific amount allocated to support the public sector for National Insurance costs in 2025?,hard_filter,5,DENSE,fixed,exe3/clean-text/US/2025-06-03.txt (exe3/chunked-text/US/chunk_1918.txt),0.8215,2025
hard_filter,us,What was the specific amount allocated to support the public sector for National Insurance costs in 2025?,hard_filter,5,DENSE,fixed,exe3/clean-text/US/2025-05-12.txt (exe3/chunked-text/US/chunk_1850.txt),0.819,2025
hard_filter,us,What was the specific amount allocated to support the public sector for National Insurance costs in 2025?,hard_filter,5,DENSE,fixed,exe3/clean-text/US/2025-06-09.txt (exe3/chunked-text/US/chunk_1943.txt),0.8186,2025
hard_filter,us,What was the specific amount allocated to support the public sector for National Insurance costs in 2025?,hard_filter,5,DENSE,fixed,exe3/clean-text/US/2025-06-23.txt (exe3/chunked-text/US/chunk_1995.txt),0.8186,2025
hard_filter,us,What is the current official position regarding the State of Israel?,recency,5,DENSE,fixed,exe3/clean-text/US/2025-05-05.txt (exe3/chunked-text/US/chunk_1822.txt),0.8205,2025
hard_filter,us,What is the current official position regarding the State of Israel?,recency,5,DENSE,fixed,exe3/clean-text/US/2025-04-07.txt (exe3/chunked-text/US/chunk_1743.txt),0.8097,2025
hard_filter,us,What is the current official position regarding the State of Israel?,recency,5,DENSE,fixed,exe3/clean-text/US/2025-06-09.txt (exe3/chunked-text/US/chunk_1943.txt),0.804,2025
hard_filter,us,What is the current official position regarding the State of Israel?,recency,5,DENSE,fixed,exe3/clean-text/US/2025-09-15.txt (exe3/chunked-text/US/chunk_2229.txt),0.8027,2025
hard_filter,us,What is the current official position regarding the State of Israel?,recency,5,DENSE,fixed,exe3/clean-text/US/2025-05-29.txt (exe3/chunked-text/US/chunk_1899.txt),0.8025,2025
hard_filter,us,What is the current official position regarding Hamas/Gaza?,recency,5,DENSE,fixed,exe3/clean-text/US/2025-05-05.txt (exe3/chunked-text/US/chunk_1822.txt),0.846,2025
hard_filter,us,What is the current official position regarding Hamas/Gaza?,recency,5,DENSE,fixed,exe3/clean-text/US/2025-06-26.txt (exe3/chunked-text/US/chunk_2017.txt),0.8267,2025
hard_filter,us,What is the current official position regarding Hamas/Gaza?,recency,5,DENSE,fixed,exe3/clean-text/US/2025-05-29.txt (exe3/chunked-text/US/chunk_1899.txt),0.825,2025
hard_filter,us,What is the current official position regarding Hamas/Gaza?,recency,5,DENSE,fixed,exe3/clean-text/US/2025-08-29.txt (exe3/chunked-text/US/chunk_2186.txt),0.8246,2025
hard_filter,us,What is the current official position regarding Hamas/Gaza?,recency,5,DENSE,fixed,exe3/clean-text/US/2025-06-03.txt (exe3/chunked-text/US/chunk_1913.txt),0.8212,2025
hard_filter,us,Was the official position in the last quarter of 2023 supportive of the State of Israel?,recency,5,DENSE,fixed,exe3/clean-text/US/2023-10-12.txt (exe3/chunked-text/US/chunk_310.txt),0.842,2023
hard_filter,us,Was the official position in the last quarter of 2023 supportive of the State of Israel?,recency,5,DENSE,fixed,exe3/clean-text/US/2023-07-27.txt (exe3/chunked-text/US/chunk_100.txt),0.8396,2023
hard_filter,us,Was the official position in the last quarter of 2023 supportive of the State of Israel?,recency,5,DENSE,fixed,exe3/clean-text/US/2023-12-06.txt (exe3/chunked-text/US/chunk_497.txt),0.8351,2023
hard_filter,us,Was the official position in the last quarter of 2023 supportive of the State of Israel?,recency,5,DENSE,fixed,exe3/clean-text/US/2023-07-25.txt (exe3/chunked-text/US/chunk_86.txt),0.8326,2023
hard_filter,us,Was the official position in the last quarter of 2023 supportive of the State of Israel?,recency,5,DENSE,fixed,exe3/clean-text/US/2023-07-10.txt (exe3/chunked-text/US/chunk_12.txt),0.8313,2023
hard_filter,us,Was the official position in the last quarter of 2023 supportive of Hamas/Gaza?,recency,5,DENSE,fixed,exe3/clean-text/US/2023-10-12.txt (exe3/chunked-text/US/chunk_310.txt),0.8463,2023
hard_filter,us,Was the official position in the last quarter of 2023 supportive of Hamas/Gaza?,recency,5,DENSE,fixed,exe3/clean-text/US/2023-12-06.txt (exe3/chunked-text/US/chunk_497.txt),0.8374,2023
hard_filter,us,Was the official position in the last quarter of 2023 supportive of Hamas/Gaza?,recency,5,DENSE,fixed,exe3/clean-text/US/2023-10-17.txt (exe3/chunked-text/US/chunk_325.txt),0.8352,2023
hard_filter,us,Was the official position in the last quarter of 2023 supportive of Hamas/Gaza?,recency,5,DENSE,fixed,exe3/clean-text/US/2023-09-08.txt (exe3/chunked-text/US/chunk_196.txt),0.8326,2023
hard_filter,us,Was the official position in the last quarter of 2023 supportive of Hamas/Gaza?,recency,5,DENSE,fixed,exe3/clean-text/US/2023-07-27.txt (exe3/chunked-text/US/chunk_100.txt),0.8326,2023
hard_filter,us,Has the official position in the last quarter of 2023 changed relative to the official position in the last quarter of 2025?,recency,5,DENSE,fixed,exe3/clean-text/US/2023-10-17.txt (exe3/chunked-text/US/chunk_325.txt),0.8558,2023
hard_filter,us,Has the official position in the last quarter of 2023 changed relative to the official position in the last quarter of 2025?,recency,5,DENSE,fixed,exe3/clean-text/US/2023-07-12.txt (exe3/chunked-text/US/chunk_29.txt),0.8465,2023
hard_filter,us,Has the official position in the last quarter of 2023 changed relative to the official position in the last quarter of 2025?,recency,5,DENSE,fixed,exe3/clean-text/US/2023-07-20.txt (exe3/chunked-text/US/chunk_79.txt),0.8445,2023
hard_filter,us,Has the official position in the last quarter of 2023 changed relative to the official position in the last quarter of 2025?,recency,5,DENSE,fixed,exe3/clean-text/US/2023-11-13.txt (exe3/chunked-text/US/chunk_432.txt),0.8443,2023
hard_filter,us,Has the official position in the last quarter of 2023 changed relative to the official position in the last quarter of 2025?,recency,5,DENSE,fixed,exe3/clean-text/US/2023-11-01.txt (exe3/chunked-text/US/chunk_392.txt),0.8404,2023
hard_filter,us,What is the latest official position regarding legislation on the protection of veterans?,recency,5,DENSE,fixed,exe3/clean-text/US/2024-05-21.txt (exe3/chunked-text/US/chunk_957.txt),0.8453,2024
hard_filter,us,What is the latest official position regarding legislation on the protection of veterans?,recency,5,DENSE,fixed,exe3/clean-text/US/2024-10-22.txt (exe3/chunked-text/US/chunk_1466.txt),0.8423,2024
hard_filter,us,What is the latest official position regarding legislation on the protection of veterans?,recency,5,DENSE,fixed,exe3/clean-text/US/2024-08-27.txt (exe3/chunked-text/US/chunk_1267.txt),0.8418,2024
hard_filter,us,What is the latest official position regarding legislation on the protection of veterans?,recency,5,DENSE,fixed,exe3/clean-text/US/2024-11-19.txt (exe3/chunked-text/US/chunk_1562.txt),0.8402,2024
hard_filter,us,What is the latest official position regarding legislation on the protection of veterans?,recency,5,DENSE,fixed,exe3/clean-text/US/2024-07-11.txt (exe3/chunked-text/US/chunk_1145.txt),0.8401,2024
hard_filter,us,how did the prime minister/president's rhetoric regarding the war between israel and hamas/gaza change between his first and last speech?,evolution,5,DENSE,fixed,exe3/clean-text/US/2024-07-11.txt (exe3/chunked-text/US/chunk_1151.txt),0.8821,2024
hard_filter,us,how did the prime minister/president's rhetoric regarding the war between israel and hamas/gaza change between his first and last speech?,evolution,5,DENSE,fixed,exe3/clean-text/US/2024-07-11.txt (exe3/chunked-text/US/chunk_1152.txt),0.8807,2024
hard_filter,us,how did the prime minister/president's rhetoric regarding the war between israel and hamas/gaza change between his first and last speech?,evolution,5,DENSE,fixed,exe3/clean-text/US/2025-05-05.txt (exe3/chunked-text/US/chunk_1822.txt),0.8784,2025
hard_filter,us,how did the prime minister/president's rhetoric regarding the war between israel and hamas/gaza change between his first and last speech?,evolution,5,DENSE,fixed,exe3/clean-text/US/2024-03-08.txt (exe3/chunked-text/US/chunk_697.txt),0.8784,2024
hard_filter,us,how did the prime minister/president's rhetoric regarding the war between israel and hamas/gaza change between his first and last speech?,evolution,5,DENSE,fixed,exe3/clean-text/US/2024-09-17.txt (exe3/chunked-text/US/chunk_1350.txt),0.8738,2024
hard_filter,us,How has the approach to the restoration and maintenance of local and community infrastructure changed between late 2023 and late 2024?,evolution,5,DENSE,fixed,exe3/clean-text/US/2023-11-28.txt (exe3/chunked-text/US/chunk_462.txt),0.8483,2023
hard_filter,us,How has the approach to the restoration and maintenance of local and community infrastructure changed between late 2023 and late 2024?,evolution,5,DENSE,fixed,exe3/clean-text/US/2023-09-12.txt (exe3/chunked-text/US/chunk_200.txt),0.848,2023
hard_filter,us,How has the approach to the restoration and maintenance of local and community infrastructure changed between late 2023 and late 2024?,evolution,5,DENSE,fixed,exe3/clean-text/US/2023-09-18.txt (exe3/chunked-text/US/chunk_221.txt),0.8454,2023
hard_filter,us,How has the approach to the restoration and maintenance of local and community infrastructure changed between late 2023 and late 2024?,evolution,5,DENSE,fixed,exe3/clean-text/US/2023-10-17.txt (exe3/chunked-text/US/chunk_325.txt),0.8431,2023
hard_filter,us,How has the approach to the restoration and maintenance of local and community infrastructure changed between late 2023 and late 2024?,evolution,5,DENSE,fixed,exe3/clean-text/US/2023-10-30.txt (exe3/chunked-text/US/chunk_381.txt),0.8418,2023
hard_filter,us,who is the minister of defense/secretary of defense?,ambiguity,5,DENSE,fixed,exe3/clean-text/US/2024-03-01.txt (exe3/chunked-text/US/chunk_672.txt),0.8657,2024
hard_filter,us,who is the minister of defense/secretary of defense?,ambiguity,5,DENSE,fixed,exe3/clean-text/US/2024-11-13.txt (exe3/chunked-text/US/chunk_1532.txt),0.8657,2024
hard_filter,us,who is the minister of defense/secretary of defense?,ambiguity,5,DENSE,fixed,exe3/clean-text/US/2023-12-07.txt (exe3/chunked-text/US/chunk_508.txt),0.8643,2023
hard_filter,us,who is the minister of defense/secretary of defense?,ambiguity,5,DENSE,fixed,exe3/clean-text/US/2024-04-10.txt (exe3/chunked-text/US/chunk_796.txt),0.8621,2024
hard_filter,us,who is the minister of defense/secretary of defense?,ambiguity,5,DENSE,fixed,exe3/clean-text/US/2024-09-23.txt (exe3/chunked-text/US/chunk_1384.txt),0.862,2024
hard_filter,us,Who holds the position responsible for Rural Development?,ambiguity,5,DENSE,fixed,exe3/clean-text/US/2024-07-23.txt (exe3/chunked-text/US/chunk_1175.txt),0.8204,2024
hard_filter,us,Who holds the position responsible for Rural Development?,ambiguity,5,DENSE,fixed,exe3/clean-text/US/2025-09-03.txt (exe3/chunked-text/US/chunk_2195.txt),0.8147,2025
hard_filter,us,Who holds the position responsible for Rural Development?,ambiguity,5,DENSE,fixed,exe3/clean-text/US/2024-05-01.txt (exe3/chunked-text/US/chunk_890.txt),0.8145,2024
hard_filter,us,Who holds the position responsible for Rural Development?,ambiguity,5,DENSE,fixed,exe3/clean-text/US/2025-07-25.txt (exe3/chunked-text/US/chunk_2102.txt),0.8138,2025
hard_filter,us,Who holds the position responsible for Rural Development?,ambiguity,5,DENSE,fixed,exe3/clean-text/US/2025-06-09.txt (exe3/chunked-text/US/chunk_1943.txt),0.8118,2025
hard_filter,us,what was the specific budget allocated to security in 2024?,hard_filter,5,DENSE,parentSon,exe3/clean-text/US/2024-06-05.txt (exe3/parent-child-chunked-text/US/children/child_chunk_2275.txt),0.8705,2024
hard_filter,us,what was the specific budget allocated to security in 2024?,hard_filter,5,DENSE,parentSon,exe3/clean-text/US/2024-05-01.txt (exe3/parent-child-chunked-text/US/children/child_chunk_1988.txt),0.8639,2024
hard_filter,us,what was the specific budget allocated to security in 2024?,hard_filter,5,DENSE,parentSon,exe3/clean-text/US/2024-12-09.txt (exe3/parent-child-chunked-text/US/children/child_chunk_3606.txt),0.8583,2024
hard_filter,us,what was the specific budget allocated to security in 2024?,hard_filter,5,DENSE,parentSon,exe3/clean-text/US/2024-05-01.txt (exe3/parent-child-chunked-text/US/children/child_chunk_1982.txt),0.8579,2024
hard_filter,us,what was the specific budget allocated to security in 2024?,hard_filter,5,DENSE,parentSon,exe3/clean-text/US/2024-08-09.txt (exe3/parent-child-chunked-text/US/children/child_chunk_2732.txt),0.8573,2024
hard_filter,us,What was the specific amount allocated to support the public sector for National Insurance costs in 2025?,hard_filter,5,DENSE,parentSon,exe3/clean-text/US/2025-07-25.txt (exe3/parent-child-chunked-text/US/children/child_chunk_4636.txt),0.8273,2025
hard_filter,us,What was the specific amount allocated to support the public sector for National Insurance costs in 2025?,hard_filter,5,DENSE,parentSon,exe3/clean-text/US/2025-08-12.txt (exe3/parent-child-chunked-text/US/children/child_chunk_4729.txt),0.8254,2025
hard_filter,us,What was the specific amount allocated to support the public sector for National Insurance costs in 2025?,hard_filter,5,DENSE,parentSon,exe3/clean-text/US/2025-06-23.txt (exe3/parent-child-chunked-text/US/children/child_chunk_4407.txt),0.82,2025
hard_filter,us,What was the specific amount allocated to support the public sector for National Insurance costs in 2025?,hard_filter,5,DENSE,parentSon,exe3/clean-text/US/2025-06-30.txt (exe3/parent-child-chunked-text/US/children/child_chunk_4485.txt),0.8193,2025
hard_filter,us,What was the specific amount allocated to support the public sector for National Insurance costs in 2025?,hard_filter,5,DENSE,parentSon,exe3/clean-text/US/2025-06-24.txt (exe3/parent-child-chunked-text/US/children/child_chunk_4433.txt),0.8168,2025
hard_filter,us,What is the current official position regarding the State of Israel?,recency,5,DENSE,parentSon,exe3/clean-text/US/2025-05-05.txt (exe3/parent-child-chunked-text/US/children/child_chunk_4035.txt),0.8207,2025
hard_filter,us,What is the current official position regarding the State of Israel?,recency,5,DENSE,parentSon,exe3/clean-text/US/2025-06-02.txt (exe3/parent-child-chunked-text/US/children/child_chunk_4225.txt),0.8078,2025
hard_filter,us,What is the current official position regarding the State of Israel?,recency,5,DENSE,parentSon,exe3/clean-text/US/2025-07-25.txt (exe3/parent-child-chunked-text/US/children/child_chunk_4636.txt),0.8078,2025
hard_filter,us,What is the current official position regarding the State of Israel?,recency,5,DENSE,parentSon,exe3/clean-text/US/2025-09-09.txt (exe3/parent-child-chunked-text/US/children/child_chunk_4876.txt),0.807,2025
hard_filter,us,What is the current official position regarding the State of Israel?,recency,5,DENSE,parentSon,exe3/clean-text/US/2025-08-29.txt (exe3/parent-child-chunked-text/US/children/child_chunk_4823.txt),0.807,2025
hard_filter,us,What is the current official position regarding Hamas/Gaza?,recency,5,DENSE,parentSon,exe3/clean-text/US/2025-05-05.txt (exe3/parent-child-chunked-text/US/children/child_chunk_4035.txt),0.8338,2025
hard_filter,us,What is the current official position regarding Hamas/Gaza?,recency,5,DENSE,parentSon,exe3/clean-text/US/2025-05-05.txt (exe3/parent-child-chunked-text/US/children/child_chunk_4034.txt),0.832,2025
hard_filter,us,What is the current official position regarding Hamas/Gaza?,recency,5,DENSE,parentSon,exe3/clean-text/US/2025-07-25.txt (exe3/parent-child-chunked-text/US/children/child_chunk_4636.txt),0.8314,2025
hard_filter,us,What is the current official position regarding Hamas/Gaza?,recency,5,DENSE,parentSon,exe3/clean-text/US/2025-09-09.txt (exe3/parent-child-chunked-text/US/children/child_chunk_4876.txt),0.8292,2025
hard_filter,us,What is the current official position regarding Hamas/Gaza?,recency,5,DENSE,parentSon,exe3/clean-text/US/2025-06-02.txt (exe3/parent-child-chunked-text/US/children/child_chunk_4225.txt),0.8274,2025
hard_filter,us,Was the official position in the last quarter of 2023 supportive of the State of Israel?,recency,5,DENSE,parentSon,exe3/clean-text/US/2023-10-12.txt (exe3/parent-child-chunked-text/US/children/child_chunk_692.txt),0.8409,2023
hard_filter,us,Was the official position in the last quarter of 2023 supportive of the State of Israel?,recency,5,DENSE,parentSon,exe3/clean-text/US/2023-07-27.txt (exe3/parent-child-chunked-text/US/children/child_chunk_220.txt),0.8398,2023
hard_filter,us,Was the official position in the last quarter of 2023 supportive of the State of Israel?,recency,5,DENSE,parentSon,exe3/clean-text/US/2023-07-25.txt (exe3/parent-child-chunked-text/US/children/child_chunk_187.txt),0.828,2023
hard_filter,us,Was the official position in the last quarter of 2023 supportive of the State of Israel?,recency,5,DENSE,parentSon,exe3/clean-text/US/2023-10-25.txt (exe3/parent-child-chunked-text/US/children/child_chunk_825.txt),0.8228,2023
hard_filter,us,Was the official position in the last quarter of 2023 supportive of the State of Israel?,recency,5,DENSE,parentSon,exe3/clean-text/US/2023-08-18.txt (exe3/parent-child-chunked-text/US/children/child_chunk_339.txt),0.8226,2023
hard_filter,us,Was the official position in the last quarter of 2023 supportive of Hamas/Gaza?,recency,5,DENSE,parentSon,exe3/clean-text/US/2023-10-12.txt (exe3/parent-child-chunked-text/US/children/child_chunk_692.txt),0.842,2023
hard_filter,us,Was the official position in the last quarter of 2023 supportive of Hamas/Gaza?,recency,5,DENSE,parentSon,exe3/clean-text/US/2023-11-29.txt (exe3/parent-child-chunked-text/US/children/child_chunk_1049.txt),0.839,2023
hard_filter,us,Was the official position in the last quarter of 2023 supportive of Hamas/Gaza?,recency,5,DENSE,parentSon,exe3/clean-text/US/2023-08-18.txt (exe3/parent-child-chunked-text/US/children/child_chunk_339.txt),0.8292,2023
hard_filter,us,Was the official position in the last quarter of 2023 supportive of Hamas/Gaza?,recency,5,DENSE,parentSon,exe3/clean-text/US/2023-08-22.txt (exe3/parent-child-chunked-text/US/children/child_chunk_353.txt),0.8261,2023
hard_filter,us,Was the official position in the last quarter of 2023 supportive of Hamas/Gaza?,recency,5,DENSE,parentSon,exe3/clean-text/US/2023-09-08.txt (exe3/parent-child-chunked-text/US/children/child_chunk_433.txt),0.826,2023
hard_filter,us,Has the official position in the last quarter of 2023 changed relative to the official position in the last quarter of 2025?,recency,5,DENSE,parentSon,exe3/clean-text/US/2023-11-13.txt (exe3/parent-child-chunked-text/US/children/child_chunk_967.txt),0.8551,2023
hard_filter,us,Has the official position in the last quarter of 2023 changed relative to the official position in the last quarter of 2025?,recency,5,DENSE,parentSon,exe3/clean-text/US/2023-08-18.txt (exe3/parent-child-chunked-text/US/children/child_chunk_339.txt),0.8466,2023
hard_filter,us,Has the official position in the last quarter of 2023 changed relative to the official position in the last quarter of 2025?,recency,5,DENSE,parentSon,exe3/clean-text/US/2023-11-29.txt (exe3/parent-child-chunked-text/US/children/child_chunk_1049.txt),0.845,2023
hard_filter,us,Has the official position in the last quarter of 2023 changed relative to the official position in the last quarter of 2025?,recency,5,DENSE,parentSon,exe3/clean-text/US/2023-11-13.txt (exe3/parent-child-chunked-text/US/children/child_chunk_970.txt),0.8423,2023
hard_filter,us,Has the official position in the last quarter of 2023 changed relative to the official position in the last quarter of 2025?,recency,5,DENSE,parentSon,exe3/clean-text/US/2023-10-17.txt (exe3/parent-child-chunked-text/US/children/child_chunk_728.txt),0.8368,2023
hard_filter,us,What is the latest official position regarding legislation on the protection of veterans?,recency,5,DENSE,parentSon,exe3/clean-text/US/2025-04-14.txt (exe3/parent-child-chunked-text/US/children/child_chunk_3904.txt),0.8475,2025
hard_filter,us,What is the latest official position regarding legislation on the protection of veterans?,recency,5,DENSE,parentSon,exe3/clean-text/US/2024-11-19.txt (exe3/parent-child-chunked-text/US/children/child_chunk_3466.txt),0.8424,2024
hard_filter,us,What is the latest official position regarding legislation on the protection of veterans?,recency,5,DENSE,parentSon,exe3/clean-text/US/2024-06-21.txt (exe3/parent-child-chunked-text/US/children/child_chunk_2400.txt),0.8417,2024
hard_filter,us,What is the latest official position regarding legislation on the protection of veterans?,recency,5,DENSE,parentSon,exe3/clean-text/US/2024-02-28.txt (exe3/parent-child-chunked-text/US/children/child_chunk_1468.txt),0.8396,2024
hard_filter,us,What is the latest official position regarding legislation on the protection of veterans?,recency,5,DENSE,parentSon,exe3/clean-text/US/2024-08-27.txt (exe3/parent-child-chunked-text/US/children/child_chunk_2806.txt),0.8366,2024
hard_filter,us,how did the prime minister/president's rhetoric regarding the war between israel and hamas/gaza change between his first and last speech?,evolution,5,DENSE,parentSon,exe3/clean-text/US/2025-07-25.txt (exe3/parent-child-chunked-text/US/children/child_chunk_4636.txt),0.8741,2025
hard_filter,us,how did the prime minister/president's rhetoric regarding the war between israel and hamas/gaza change between his first and last speech?,evolution,5,DENSE,parentSon,exe3/clean-text/US/2023-10-20.txt (exe3/parent-child-chunked-text/US/children/child_chunk_779.txt),0.8694,2023
hard_filter,us,how did the prime minister/president's rhetoric regarding the war between israel and hamas/gaza change between his first and last speech?,evolution,5,DENSE,parentSon,exe3/clean-text/US/2024-07-11.txt (exe3/parent-child-chunked-text/US/children/child_chunk_2563.txt),0.8668,2024
hard_filter,us,how did the prime minister/president's rhetoric regarding the war between israel and hamas/gaza change between his first and last speech?,evolution,5,DENSE,parentSon,exe3/clean-text/US/2025-05-05.txt (exe3/parent-child-chunked-text/US/children/child_chunk_4035.txt),0.8666,2025
hard_filter,us,how did the prime minister/president's rhetoric regarding the war between israel and hamas/gaza change between his first and last speech?,evolution,5,DENSE,parentSon,exe3/clean-text/US/2024-03-01.txt (exe3/parent-child-chunked-text/US/children/child_chunk_1498.txt),0.865,2024
hard_filter,us,How has the approach to the restoration and maintenance of local and community infrastructure changed between late 2023 and late 2024?,evolution,5,DENSE,parentSon,exe3/clean-text/US/2023-08-15.txt (exe3/parent-child-chunked-text/US/children/child_chunk_326.txt),0.839,2023
hard_filter,us,How has the approach to the restoration and maintenance of local and community infrastructure changed between late 2023 and late 2024?,evolution,5,DENSE,parentSon,exe3/clean-text/US/2023-11-13.txt (exe3/parent-child-chunked-text/US/children/child_chunk_964.txt),0.8343,2023
hard_filter,us,How has the approach to the restoration and maintenance of local and community infrastructure changed between late 2023 and late 2024?,evolution,5,DENSE,parentSon,exe3/clean-text/US/2023-09-12.txt (exe3/parent-child-chunked-text/US/children/child_chunk_442.txt),0.8296,2023
hard_filter,us,How has the approach to the restoration and maintenance of local and community infrastructure changed between late 2023 and late 2024?,evolution,5,DENSE,parentSon,exe3/clean-text/US/2023-09-18.txt (exe3/parent-child-chunked-text/US/children/child_chunk_508.txt),0.8281,2023
hard_filter,us,How has the approach to the restoration and maintenance of local and community infrastructure changed between late 2023 and late 2024?,evolution,5,DENSE,parentSon,exe3/clean-text/US/2023-11-28.txt (exe3/parent-child-chunked-text/US/children/child_chunk_1035.txt),0.8266,2023
hard_filter,us,who is the minister of defense/secretary of defense?,ambiguity,5,DENSE,parentSon,exe3/clean-text/US/2024-05-01.txt (exe3/parent-child-chunked-text/US/children/child_chunk_1988.txt),0.8607,2024
hard_filter,us,who is the minister of defense/secretary of defense?,ambiguity,5,DENSE,parentSon,exe3/clean-text/US/2023-11-29.txt (exe3/parent-child-chunked-text/US/children/child_chunk_1049.txt),0.8604,2023
hard_filter,us,who is the minister of defense/secretary of defense?,ambiguity,5,DENSE,parentSon,exe3/clean-text/US/2025-08-12.txt (exe3/parent-child-chunked-text/US/children/child_chunk_4729.txt),0.8604,2025
hard_filter,us,who is the minister of defense/secretary of defense?,ambiguity,5,DENSE,parentSon,exe3/clean-text/US/2024-08-09.txt (exe3/parent-child-chunked-text/US/children/child_chunk_2732.txt),0.8591,2024
hard_filter,us,who is the minister of defense/secretary of defense?,ambiguity,5,DENSE,parentSon,exe3/clean-text/US/2023-12-11.txt (exe3/parent-child-chunked-text/US/children/child_chunk_1163.txt),0.8559,2023
hard_filter,us,Who holds the position responsible for Rural Development?,ambiguity,5,DENSE,parentSon,exe3/clean-text/US/2025-07-25.txt (exe3/parent-child-chunked-text/US/children/child_chunk_4636.txt),0.8221,2025
hard_filter,us,Who holds the position responsible for Rural Development?,ambiguity,5,DENSE,parentSon,exe3/clean-text/US/2025-09-03.txt (exe3/parent-child-chunked-text/US/children/child_chunk_4838.txt),0.8139,2025
hard_filter,us,Who holds the position responsible for Rural Development?,ambiguity,5,DENSE,parentSon,exe3/clean-text/US/2024-07-08.txt (exe3/parent-child-chunked-text/US/children/child_chunk_2511.txt),0.8108,2024
hard_filter,us,Who holds the position responsible for Rural Development?,ambiguity,5,DENSE,parentSon,exe3/clean-text/US/2023-08-11.txt (exe3/parent-child-chunked-text/US/children/child_chunk_303.txt),0.8088,2023
hard_filter,us,Who holds the position responsible for Rural Development?,ambiguity,5,DENSE,parentSon,exe3/clean-text/US/2023-07-13.txt (exe3/parent-child-chunked-text/US/children/child_chunk_92.txt),0.8057,2023
hard_filter,us,what was the specific budget allocated to security in 2024?,hard_filter,5,BM25,fixed,exe3/clean-text/US/2024-12-09.txt (exe3/chunked-text/US/chunk_1627.txt),35.091,2024
hard_filter,us,what was the specific budget allocated to security in 2024?,hard_filter,5,BM25,fixed,exe3/clean-text/US/2024-05-15.txt (exe3/chunked-text/US/chunk_936.txt),30.2241,2024
hard_filter,us,what was the specific budget allocated to security in 2024?,hard_filter,5,BM25,fixed,exe3/clean-text/US/2024-05-20.txt (exe3/chunked-text/US/chunk_952.txt),28.7591,2024
hard_filter,us,what was the specific budget allocated to security in 2024?,hard_filter,5,BM25,fixed,exe3/clean-text/US/2024-04-10.txt (exe3/chunked-text/US/chunk_802.txt),27.4508,2024
hard_filter,us,what was the specific budget allocated to security in 2024?,hard_filter,5,BM25,fixed,exe3/clean-text/US/2024-09-24.txt (exe3/chunked-text/US/chunk_1393.txt),26.6235,2024
hard_filter,us,What was the specific amount allocated to support the public sector for National Insurance costs in 2025?,hard_filter,5,BM25,fixed,exe3/clean-text/US/2025-05-20.txt (exe3/chunked-text/US/chunk_1882.txt),41.5068,2025
hard_filter,us,What was the specific amount allocated to support the public sector for National Insurance costs in 2025?,hard_filter,5,BM25,fixed,exe3/clean-text/US/2025-05-07.txt (exe3/chunked-text/US/chunk_1834.txt),33.3725,2025
hard_filter,us,What was the specific amount allocated to support the public sector for National Insurance costs in 2025?,hard_filter,5,BM25,fixed,exe3/clean-text/US/2025-09-30.txt (exe3/chunked-text/US/chunk_2280.txt),31.7233,2025
hard_filter,us,What was the specific amount allocated to support the public sector for National Insurance costs in 2025?,hard_filter,5,BM25,fixed,exe3/clean-text/US/2025-07-02.txt (exe3/chunked-text/US/chunk_2039.txt),30.5284,2025
hard_filter,us,What was the specific amount allocated to support the public sector for National Insurance costs in 2025?,hard_filter,5,BM25,fixed,exe3/clean-text/US/2025-08-01.txt (exe3/chunked-text/US/chunk_2129.txt),30.21,2025
hard_filter,us,What is the current official position regarding the State of Israel?,recency,5,BM25,fixed,exe3/clean-text/US/2025-10-06.txt (exe3/chunked-text/US/chunk_2302.txt),53.151,2025
hard_filter,us,What is the current official position regarding the State of Israel?,recency,5,BM25,fixed,exe3/clean-text/US/2025-10-08.txt (exe3/chunked-text/US/chunk_2309.txt),50.6547,2025
hard_filter,us,What is the current official position regarding the State of Israel?,recency,5,BM25,fixed,exe3/clean-text/US/2025-10-15.txt (exe3/chunked-text/US/chunk_2324.txt),46.9832,2025
hard_filter,us,What is the current official position regarding the State of Israel?,recency,5,BM25,fixed,exe3/clean-text/US/2025-10-15.txt (exe3/chunked-text/US/chunk_2323.txt),42.0211,2025
hard_filter,us,What is the current official position regarding the State of Israel?,recency,5,BM25,fixed,exe3/clean-text/US/2025-10-20.txt (exe3/chunked-text/US/chunk_2335.txt),41.8826,2025
hard_filter,us,What is the current official position regarding Hamas/Gaza?,recency,5,BM25,fixed,exe3/clean-text/US/2025-10-06.txt (exe3/chunked-text/US/chunk_2302.txt),53.151,2025
hard_filter,us,What is the current official position regarding Hamas/Gaza?,recency,5,BM25,fixed,exe3/clean-text/US/2025-10-08.txt (exe3/chunked-text/US/chunk_2309.txt),49.7847,2025
hard_filter,us,What is the current official position regarding Hamas/Gaza?,recency,5,BM25,fixed,exe3/clean-text/US/2025-05-05.txt (exe3/chunked-text/US/chunk_1822.txt),49.3078,2025
hard_filter,us,What is the current official position regarding Hamas/Gaza?,recency,5,BM25,fixed,exe3/clean-text/US/2025-10-15.txt (exe3/chunked-text/US/chunk_2324.txt),46.1918,2025
hard_filter,us,What is the current official position regarding Hamas/Gaza?,recency,5,BM25,fixed,exe3/clean-text/US/2025-10-15.txt (exe3/chunked-text/US/chunk_2323.txt),41.3318,2025
hard_filter,us,Was the official position in the last quarter of 2023 supportive of the State of Israel?,recency,5,BM25,fixed,exe3/clean-text/US/2023-07-27.txt (exe3/chunked-text/US/chunk_100.txt),69.7674,2023
hard_filter,us,Was the official position in the last quarter of 2023 supportive of the State of Israel?,recency,5,BM25,fixed,exe3/clean-text/US/2023-08-15.txt (exe3/chunked-text/US/chunk_147.txt),45.2306,2023
hard_filter,us,Was the official position in the last quarter of 2023 supportive of the State of Israel?,recency,5,BM25,fixed,exe3/clean-text/US/2023-12-11.txt (exe3/chunked-text/US/chunk_511.txt),44.1235,2023
hard_filter,us,Was the official position in the last quarter of 2023 supportive of the State of Israel?,recency,5,BM25,fixed,exe3/clean-text/US/2023-12-12.txt (exe3/chunked-text/US/chunk_528.txt),41.3864,2023
hard_filter,us,Was the official position in the last quarter of 2023 supportive of the State of Israel?,recency,5,BM25,fixed,exe3/clean-text/US/2023-10-12.txt (exe3/chunked-text/US/chunk_310.txt),38.7471,2023
hard_filter,us,Was the official position in the last quarter of 2023 supportive of Hamas/Gaza?,recency,5,BM25,fixed,exe3/clean-text/US/2023-10-12.txt (exe3/chunked-text/US/chunk_310.txt),55.2081,2023
hard_filter,us,Was the official position in the last quarter of 2023 supportive of Hamas/Gaza?,recency,5,BM25,fixed,exe3/clean-text/US/2023-08-15.txt (exe3/chunked-text/US/chunk_147.txt),45.2306,2023
hard_filter,us,Was the official position in the last quarter of 2023 supportive of Hamas/Gaza?,recency,5,BM25,fixed,exe3/clean-text/US/2023-12-11.txt (exe3/chunked-text/US/chunk_511.txt),43.4208,2023
hard_filter,us,Was the official position in the last quarter of 2023 supportive of Hamas/Gaza?,recency,5,BM25,fixed,exe3/clean-text/US/2023-07-27.txt (exe3/chunked-text/US/chunk_100.txt),41.658,2023
hard_filter,us,Was the official position in the last quarter of 2023 supportive of Hamas/Gaza?,recency,5,BM25,fixed,exe3/clean-text/US/2023-10-20.txt (exe3/chunked-text/US/chunk_349.txt),40.7573,2023
hard_filter,us,Has the official position in the last quarter of 2023 changed relative to the official position in the last quarter of 2025?,recency,5,BM25,fixed,exe3/clean-text/US/2023-08-15.txt (exe3/chunked-text/US/chunk_147.txt),51.2567,2023
hard_filter,us,Has the official position in the last quarter of 2023 changed relative to the official position in the last quarter of 2025?,recency,5,BM25,fixed,exe3/clean-text/US/2023-12-11.txt (exe3/chunked-text/US/chunk_511.txt),48.3001,2023
hard_filter,us,Has the official position in the last quarter of 2023 changed relative to the official position in the last quarter of 2025?,recency,5,BM25,fixed,exe3/clean-text/US/2023-12-05.txt (exe3/chunked-text/US/chunk_493.txt),42.3958,2023
hard_filter,us,Has the official position in the last quarter of 2023 changed relative to the official position in the last quarter of 2025?,recency,5,BM25,fixed,exe3/clean-text/US/2023-09-30.txt (exe3/chunked-text/US/chunk_276.txt),41.0586,2023
hard_filter,us,Has the official position in the last quarter of 2023 changed relative to the official position in the last quarter of 2025?,recency,5,BM25,fixed,exe3/clean-text/US/2023-10-26.txt (exe3/chunked-text/US/chunk_372.txt),39.1076,2023
hard_filter,us,What is the latest official position regarding legislation on the protection of veterans?,recency,5,BM25,fixed,exe3/clean-text/US/2025-10-20.txt (exe3/chunked-text/US/chunk_2335.txt),70.0235,2025
hard_filter,us,What is the latest official position regarding legislation on the protection of veterans?,recency,5,BM25,fixed,exe3/clean-text/US/2025-10-06.txt (exe3/chunked-text/US/chunk_2302.txt),67.495,2025
hard_filter,us,What is the latest official position regarding legislation on the protection of veterans?,recency,5,BM25,fixed,exe3/clean-text/US/2025-07-28.txt (exe3/chunked-text/US/chunk_2110.txt),66.1392,2025
hard_filter,us,What is the latest official position regarding legislation on the protection of veterans?,recency,5,BM25,fixed,exe3/clean-text/US/2025-10-08.txt (exe3/chunked-text/US/chunk_2309.txt),62.9711,2025
hard_filter,us,What is the latest official position regarding legislation on the protection of veterans?,recency,5,BM25,fixed,exe3/clean-text/US/2025-07-29.txt (exe3/chunked-text/US/chunk_2119.txt),61.9135,2025
hard_filter,us,how did the prime minister/president's rhetoric regarding the war between israel and hamas/gaza change between his first and last speech?,evolution,5,BM25,fixed,exe3/clean-text/US/2024-07-11.txt (exe3/chunked-text/US/chunk_1152.txt),112.3185,2024
hard_filter,us,how did the prime minister/president's rhetoric regarding the war between israel and hamas/gaza change between his first and last speech?,evolution,5,BM25,fixed,exe3/clean-text/US/2024-09-17.txt (exe3/chunked-text/US/chunk_1350.txt),111.0912,2024
hard_filter,us,how did the prime minister/president's rhetoric regarding the war between israel and hamas/gaza change between his first and last speech?,evolution,5,BM25,fixed,exe3/clean-text/US/2023-10-12.txt (exe3/chunked-text/US/chunk_310.txt),94.3371,2023
hard_filter,us,how did the prime minister/president's rhetoric regarding the war between israel and hamas/gaza change between his first and last speech?,evolution,5,BM25,fixed,exe3/clean-text/US/2025-05-05.txt (exe3/chunked-text/US/chunk_1822.txt),89.698,2025
hard_filter,us,how did the prime minister/president's rhetoric regarding the war between israel and hamas/gaza change between his first and last speech?,evolution,5,BM25,fixed,exe3/clean-text/US/2024-09-17.txt (exe3/chunked-text/US/chunk_1351.txt),89.3648,2024
hard_filter,us,How has the approach to the restoration and maintenance of local and community infrastructure changed between late 2023 and late 2024?,evolution,5,BM25,fixed,exe3/clean-text/US/2023-10-26.txt (exe3/chunked-text/US/chunk_376.txt),93.3055,2023
hard_filter,us,How has the approach to the restoration and maintenance of local and community infrastructure changed between late 2023 and late 2024?,evolution,5,BM25,fixed,exe3/clean-text/US/2023-11-29.txt (exe3/chunked-text/US/chunk_470.txt),61.7691,2023
hard_filter,us,How has the approach to the restoration and maintenance of local and community infrastructure changed between late 2023 and late 2024?,evolution,5,BM25,fixed,exe3/clean-text/US/2023-11-27.txt (exe3/chunked-text/US/chunk_458.txt),55.0049,2023
hard_filter,us,How has the approach to the restoration and maintenance of local and community infrastructure changed between late 2023 and late 2024?,evolution,5,BM25,fixed,exe3/clean-text/US/2023-07-26.txt (exe3/chunked-text/US/chunk_97.txt),54.3831,2023
hard_filter,us,How has the approach to the restoration and maintenance of local and community infrastructure changed between late 2023 and late 2024?,evolution,5,BM25,fixed,exe3/clean-text/US/2023-07-10.txt (exe3/chunked-text/US/chunk_18.txt),48.3234,2023
hard_filter,us,who is the minister of defense/secretary of defense?,ambiguity,5,BM25,fixed,exe3/clean-text/US/2024-05-01.txt (exe3/chunked-text/US/chunk_894.txt),54.6958,2024
hard_filter,us,who is the minister of defense/secretary of defense?,ambiguity,5,BM25,fixed,exe3/clean-text/US/2024-12-09.txt (exe3/chunked-text/US/chunk_1627.txt),53.8213,2024
hard_filter,us,who is the minister of defense/secretary of defense?,ambiguity,5,BM25,fixed,exe3/clean-text/US/2025-06-30.txt (exe3/chunked-text/US/chunk_2031.txt),53.6482,2025
hard_filter,us,who is the minister of defense/secretary of defense?,ambiguity,5,BM25,fixed,exe3/clean-text/US/2025-04-03.txt (exe3/chunked-text/US/chunk_1735.txt),52.4933,2025
hard_filter,us,who is the minister of defense/secretary of defense?,ambiguity,5,BM25,fixed,exe3/clean-text/US/2024-04-15.txt (exe3/chunked-text/US/chunk_827.txt),51.8521,2024
hard_filter,us,Who holds the position responsible for Rural Development?,ambiguity,5,BM25,fixed,exe3/clean-text/US/2024-02-28.txt (exe3/chunked-text/US/chunk_656.txt),71.7793,2024
hard_filter,us,Who holds the position responsible for Rural Development?,ambiguity,5,BM25,fixed,exe3/clean-text/US/2025-09-03.txt (exe3/chunked-text/US/chunk_2195.txt),71.638,2025
hard_filter,us,Who holds the position responsible for Rural Development?,ambiguity,5,BM25,fixed,exe3/clean-text/US/2024-09-09.txt (exe3/chunked-text/US/chunk_1300.txt),58.5365,2024
hard_filter,us,Who holds the position responsible for Rural Development?,ambiguity,5,BM25,fixed,exe3/clean-text/US/2025-06-17.txt (exe3/chunked-text/US/chunk_1976.txt),56.3726,2025
hard_filter,us,Who holds the position responsible for Rural Development?,ambiguity,5,BM25,fixed,exe3/clean-text/US/2025-10-21.txt (exe3/chunked-text/US/chunk_2339.txt),52.6523,2025
hard_filter,us,what was the specific budget allocated to security in 2024?,hard_filter,5,BM25,parentSon,exe3/clean-text/US/2024-12-09.txt (exe3/parent-child-chunked-text/US/children/child_chunk_3606.txt),52.5718,2024
hard_filter,us,what was the specific budget allocated to security in 2024?,hard_filter,5,BM25,parentSon,exe3/clean-text/US/2024-05-15.txt (exe3/parent-child-chunked-text/US/children/child_chunk_2085.txt),44.1125,2024
hard_filter,us,what was the specific budget allocated to security in 2024?,hard_filter,5,BM25,parentSon,exe3/clean-text/US/2024-04-15.txt (exe3/parent-child-chunked-text/US/children/child_chunk_1845.txt),41.3523,2024
hard_filter,us,what was the specific budget allocated to security in 2024?,hard_filter,5,BM25,parentSon,exe3/clean-text/US/2024-04-10.txt (exe3/parent-child-chunked-text/US/children/child_chunk_1789.txt),38.6645,2024
hard_filter,us,what was the specific budget allocated to security in 2024?,hard_filter,5,BM25,parentSon,exe3/clean-text/US/2024-05-20.txt (exe3/parent-child-chunked-text/US/children/child_chunk_2119.txt),38.3923,2024
hard_filter,us,What was the specific amount allocated to support the public sector for National Insurance costs in 2025?,hard_filter,5,BM25,parentSon,exe3/clean-text/US/2025-05-20.txt (exe3/parent-child-chunked-text/US/children/child_chunk_4164.txt),60.9587,2025
hard_filter,us,What was the specific amount allocated to support the public sector for National Insurance costs in 2025?,hard_filter,5,BM25,parentSon,exe3/clean-text/US/2025-05-01.txt (exe3/parent-child-chunked-text/US/children/child_chunk_4016.txt),45.5631,2025
hard_filter,us,What was the specific amount allocated to support the public sector for National Insurance costs in 2025?,hard_filter,5,BM25,parentSon,exe3/clean-text/US/2025-06-11.txt (exe3/parent-child-chunked-text/US/children/child_chunk_4335.txt),42.4887,2025
hard_filter,us,What was the specific amount allocated to support the public sector for National Insurance costs in 2025?,hard_filter,5,BM25,parentSon,exe3/clean-text/US/2025-07-02.txt (exe3/parent-child-chunked-text/US/children/child_chunk_4503.txt),41.7424,2025
hard_filter,us,What was the specific amount allocated to support the public sector for National Insurance costs in 2025?,hard_filter,5,BM25,parentSon,exe3/clean-text/US/2025-08-01.txt (exe3/parent-child-chunked-text/US/children/child_chunk_4695.txt),41.185,2025
hard_filter,us,What is the current official position regarding the State of Israel?,recency,5,BM25,parentSon,exe3/clean-text/US/2025-10-20.txt (exe3/parent-child-chunked-text/US/children/child_chunk_5144.txt),64.8501,2025
hard_filter,us,What is the current official position regarding the State of Israel?,recency,5,BM25,parentSon,exe3/clean-text/US/2025-10-06.txt (exe3/parent-child-chunked-text/US/children/child_chunk_5070.txt),63.4179,2025
hard_filter,us,What is the current official position regarding the State of Israel?,recency,5,BM25,parentSon,exe3/clean-text/US/2025-10-08.txt (exe3/parent-child-chunked-text/US/children/child_chunk_5086.txt),61.4679,2025
hard_filter,us,What is the current official position regarding the State of Israel?,recency,5,BM25,parentSon,exe3/clean-text/US/2025-10-15.txt (exe3/parent-child-chunked-text/US/children/child_chunk_5119.txt),61.3227,2025
hard_filter,us,What is the current official position regarding the State of Israel?,recency,5,BM25,parentSon,exe3/clean-text/US/2025-05-05.txt (exe3/parent-child-chunked-text/US/children/child_chunk_4035.txt),46.0577,2025
hard_filter,us,What is the current official position regarding Hamas/Gaza?,recency,5,BM25,parentSon,exe3/clean-text/US/2025-10-06.txt (exe3/parent-child-chunked-text/US/children/child_chunk_5070.txt),63.4179,2025
hard_filter,us,What is the current official position regarding Hamas/Gaza?,recency,5,BM25,parentSon,exe3/clean-text/US/2025-10-20.txt (exe3/parent-child-chunked-text/US/children/child_chunk_5144.txt),62.7869,2025
hard_filter,us,What is the current official position regarding Hamas/Gaza?,recency,5,BM25,parentSon,exe3/clean-text/US/2025-10-08.txt (exe3/parent-child-chunked-text/US/children/child_chunk_5086.txt),59.534,2025
hard_filter,us,What is the current official position regarding Hamas/Gaza?,recency,5,BM25,parentSon,exe3/clean-text/US/2025-10-15.txt (exe3/parent-child-chunked-text/US/children/child_chunk_5119.txt),59.3942,2025
hard_filter,us,What is the current official position regarding Hamas/Gaza?,recency,5,BM25,parentSon,exe3/clean-text/US/2025-05-05.txt (exe3/parent-child-chunked-text/US/children/child_chunk_4035.txt),58.1126,2025
hard_filter,us,Was the official position in the last quarter of 2023 supportive of the State of Israel?,recency,5,BM25,parentSon,exe3/clean-text/US/2023-07-27.txt (exe3/parent-child-chunked-text/US/children/child_chunk_220.txt),85.5388,2023
hard_filter,us,Was the official position in the last quarter of 2023 supportive of the State of Israel?,recency,5,BM25,parentSon,exe3/clean-text/US/2023-11-21.txt (exe3/parent-child-chunked-text/US/children/child_chunk_1013.txt),57.4665,2023
hard_filter,us,Was the official position in the last quarter of 2023 supportive of the State of Israel?,recency,5,BM25,parentSon,exe3/clean-text/US/2023-07-03.txt (exe3/parent-child-chunked-text/US/children/child_chunk_2.txt),56.5026,2023
hard_filter,us,Was the official position in the last quarter of 2023 supportive of the State of Israel?,recency,5,BM25,parentSon,exe3/clean-text/US/2023-12-11.txt (exe3/parent-child-chunked-text/US/children/child_chunk_1143.txt),56.3942,2023
hard_filter,us,Was the official position in the last quarter of 2023 supportive of the State of Israel?,recency,5,BM25,parentSon,exe3/clean-text/US/2023-10-20.txt (exe3/parent-child-chunked-text/US/children/child_chunk_781.txt),54.9974,2023
hard_filter,us,Was the official position in the last quarter of 2023 supportive of Hamas/Gaza?,recency,5,BM25,parentSon,exe3/clean-text/US/2023-11-21.txt (exe3/parent-child-chunked-text/US/children/child_chunk_1013.txt),57.4665,2023
hard_filter,us,Was the official position in the last quarter of 2023 supportive of Hamas/Gaza?,recency,5,BM25,parentSon,exe3/clean-text/US/2023-12-11.txt (exe3/parent-child-chunked-text/US/children/child_chunk_1143.txt),56.3942,2023
hard_filter,us,Was the official position in the last quarter of 2023 supportive of Hamas/Gaza?,recency,5,BM25,parentSon,exe3/clean-text/US/2023-07-03.txt (exe3/parent-child-chunked-text/US/children/child_chunk_2.txt),53.4792,2023
hard_filter,us,Was the official position in the last quarter of 2023 supportive of Hamas/Gaza?,recency,5,BM25,parentSon,exe3/clean-text/US/2023-10-12.txt (exe3/parent-child-chunked-text/US/children/child_chunk_692.txt),52.4024,2023
hard_filter,us,Was the official position in the last quarter of 2023 supportive of Hamas/Gaza?,recency,5,BM25,parentSon,exe3/clean-text/US/2023-11-17.txt (exe3/parent-child-chunked-text/US/children/child_chunk_1001.txt),50.9825,2023
hard_filter,us,Has the official position in the last quarter of 2023 changed relative to the official position in the last quarter of 2025?,recency,5,BM25,parentSon,exe3/clean-text/US/2023-12-11.txt (exe3/parent-child-chunked-text/US/children/child_chunk_1143.txt),63.5145,2023
hard_filter,us,Has the official position in the last quarter of 2023 changed relative to the official position in the last quarter of 2025?,recency,5,BM25,parentSon,exe3/clean-text/US/2023-09-30.txt (exe3/parent-child-chunked-text/US/children/child_chunk_618.txt),61.1007,2023
hard_filter,us,Has the official position in the last quarter of 2023 changed relative to the official position in the last quarter of 2025?,recency,5,BM25,parentSon,exe3/clean-text/US/2023-12-05.txt (exe3/parent-child-chunked-text/US/children/child_chunk_1100.txt),59.2735,2023
hard_filter,us,Has the official position in the last quarter of 2023 changed relative to the official position in the last quarter of 2025?,recency,5,BM25,parentSon,exe3/clean-text/US/2023-07-03.txt (exe3/parent-child-chunked-text/US/children/child_chunk_2.txt),58.9384,2023
hard_filter,us,Has the official position in the last quarter of 2023 changed relative to the official position in the last quarter of 2025?,recency,5,BM25,parentSon,exe3/clean-text/US/2023-12-05.txt (exe3/parent-child-chunked-text/US/children/child_chunk_1099.txt),58.4274,2023
hard_filter,us,What is the latest official position regarding legislation on the protection of veterans?,recency,5,BM25,parentSon,exe3/clean-text/US/2025-10-20.txt (exe3/parent-child-chunked-text/US/children/child_chunk_5144.txt),79.6034,2025
hard_filter,us,What is the latest official position regarding legislation on the protection of veterans?,recency,5,BM25,parentSon,exe3/clean-text/US/2025-10-08.txt (exe3/parent-child-chunked-text/US/children/child_chunk_5086.txt),75.2934,2025
hard_filter,us,What is the latest official position regarding legislation on the protection of veterans?,recency,5,BM25,parentSon,exe3/clean-text/US/2025-10-15.txt (exe3/parent-child-chunked-text/US/children/child_chunk_5119.txt),75.1087,2025
hard_filter,us,What is the latest official position regarding legislation on the protection of veterans?,recency,5,BM25,parentSon,exe3/clean-text/US/2025-05-19.txt (exe3/parent-child-chunked-text/US/children/child_chunk_4160.txt),74.1002,2025
hard_filter,us,What is the latest official position regarding legislation on the protection of veterans?,recency,5,BM25,parentSon,exe3/clean-text/US/2024-03-26.txt (exe3/parent-child-chunked-text/US/children/child_chunk_1695.txt),73.0223,2024
hard_filter,us,how did the prime minister/president's rhetoric regarding the war between israel and hamas/gaza change between his first and last speech?,evolution,5,BM25,parentSon,exe3/clean-text/US/2024-09-17.txt (exe3/parent-child-chunked-text/US/children/child_chunk_2988.txt),138.8866,2024
hard_filter,us,how did the prime minister/president's rhetoric regarding the war between israel and hamas/gaza change between his first and last speech?,evolution,5,BM25,parentSon,exe3/clean-text/US/2024-09-17.txt (exe3/parent-child-chunked-text/US/children/child_chunk_2989.txt),118.1487,2024
hard_filter,us,how did the prime minister/president's rhetoric regarding the war between israel and hamas/gaza change between his first and last speech?,evolution,5,BM25,parentSon,exe3/clean-text/US/2024-07-11.txt (exe3/parent-child-chunked-text/US/children/child_chunk_2563.txt),114.9837,2024
hard_filter,us,how did the prime minister/president's rhetoric regarding the war between israel and hamas/gaza change between his first and last speech?,evolution,5,BM25,parentSon,exe3/clean-text/US/2024-07-11.txt (exe3/parent-child-chunked-text/US/children/child_chunk_2562.txt),106.1456,2024
hard_filter,us,how did the prime minister/president's rhetoric regarding the war between israel and hamas/gaza change between his first and last speech?,evolution,5,BM25,parentSon,exe3/clean-text/US/2024-09-17.txt (exe3/parent-child-chunked-text/US/children/child_chunk_2990.txt),97.209,2024
hard_filter,us,How has the approach to the restoration and maintenance of local and community infrastructure changed between late 2023 and late 2024?,evolution,5,BM25,parentSon,exe3/clean-text/US/2023-10-26.txt (exe3/parent-child-chunked-text/US/children/child_chunk_841.txt),95.4124,2023
hard_filter,us,How has the approach to the restoration and maintenance of local and community infrastructure changed between late 2023 and late 2024?,evolution,5,BM25,parentSon,exe3/clean-text/US/2023-10-26.txt (exe3/parent-child-chunked-text/US/children/child_chunk_840.txt),89.2565,2023
hard_filter,us,How has the approach to the restoration and maintenance of local and community infrastructure changed between late 2023 and late 2024?,evolution,5,BM25,parentSon,exe3/clean-text/US/2023-09-30.txt (exe3/parent-child-chunked-text/US/children/child_chunk_618.txt),68.7997,2023
hard_filter,us,How has the approach to the restoration and maintenance of local and community infrastructure changed between late 2023 and late 2024?,evolution,5,BM25,parentSon,exe3/clean-text/US/2023-09-13.txt (exe3/parent-child-chunked-text/US/children/child_chunk_464.txt),65.7178,2023
hard_filter,us,How has the approach to the restoration and maintenance of local and community infrastructure changed between late 2023 and late 2024?,evolution,5,BM25,parentSon,exe3/clean-text/US/2023-11-29.txt (exe3/parent-child-chunked-text/US/children/child_chunk_1053.txt),64.8192,2023
hard_filter,us,who is the minister of defense/secretary of defense?,ambiguity,5,BM25,parentSon,exe3/clean-text/US/2024-04-15.txt (exe3/parent-child-chunked-text/US/children/child_chunk_1849.txt),74.1642,2024
hard_filter,us,who is the minister of defense/secretary of defense?,ambiguity,5,BM25,parentSon,exe3/clean-text/US/2024-12-09.txt (exe3/parent-child-chunked-text/US/children/child_chunk_3606.txt),73.1761,2024
hard_filter,us,who is the minister of defense/secretary of defense?,ambiguity,5,BM25,parentSon,exe3/clean-text/US/2024-05-01.txt (exe3/parent-child-chunked-text/US/children/child_chunk_1990.txt),71.8049,2024
hard_filter,us,who is the minister of defense/secretary of defense?,ambiguity,5,BM25,parentSon,exe3/clean-text/US/2025-06-25.txt (exe3/parent-child-chunked-text/US/children/child_chunk_4446.txt),68.9706,2025
hard_filter,us,who is the minister of defense/secretary of defense?,ambiguity,5,BM25,parentSon,exe3/clean-text/US/2025-06-30.txt (exe3/parent-child-chunked-text/US/children/child_chunk_4486.txt),68.9312,2025
hard_filter,us,Who holds the position responsible for Rural Development?,ambiguity,5,BM25,parentSon,exe3/clean-text/US/2025-06-17.txt (exe3/parent-child-chunked-text/US/children/child_chunk_4366.txt),80.7195,2025
hard_filter,us,Who holds the position responsible for Rural Development?,ambiguity,5,BM25,parentSon,exe3/clean-text/US/2024-09-09.txt (exe3/parent-child-chunked-text/US/children/child_chunk_2876.txt),75.9339,2024
hard_filter,us,Who holds the position responsible for Rural Development?,ambiguity,5,BM25,parentSon,exe3/clean-text/US/2024-02-28.txt (exe3/parent-child-chunked-text/US/children/child_chunk_1464.txt),74.2007,2024
hard_filter,us,Who holds the position responsible for Rural Development?,ambiguity,5,BM25,parentSon,exe3/clean-text/US/2025-09-03.txt (exe3/parent-child-chunked-text/US/children/child_chunk_4838.txt),72.8812,2025
hard_filter,us,Who holds the position responsible for Rural Development?,ambiguity,5,BM25,parentSon,exe3/clean-text/US/2025-10-21.txt (exe3/parent-child-chunked-text/US/children/child_chunk_5152.txt),71.8089,2025
hard_filter,us,what was the specific budget allocated to security in 2024?,hard_filter,8,DENSE,fixed,exe3/clean-text/US/2024-11-13.txt (exe3/chunked-text/US/chunk_1532.txt),0.8755,2024
hard_filter,us,what was the specific budget allocated to security in 2024?,hard_filter,8,DENSE,fixed,exe3/clean-text/US/2024-05-15.txt (exe3/chunked-text/US/chunk_940.txt),0.8708,2024
hard_filter,us,what was the specific budget allocated to security in 2024?,hard_filter,8,DENSE,fixed,exe3/clean-text/US/2024-06-05.txt (exe3/chunked-text/US/chunk_1023.txt),0.8679,2024
hard_filter,us,what was the specific budget allocated to security in 2024?,hard_filter,8,DENSE,fixed,exe3/clean-text/US/2024-05-08.txt (exe3/chunked-text/US/chunk_917.txt),0.8651,2024
hard_filter,us,what was the specific budget allocated to security in 2024?,hard_filter,8,DENSE,fixed,exe3/clean-text/US/2024-04-10.txt (exe3/chunked-text/US/chunk_802.txt),0.8646,2024
hard_filter,us,what was the specific budget allocated to security in 2024?,hard_filter,8,DENSE,fixed,exe3/clean-text/US/2024-09-19.txt (exe3/chunked-text/US/chunk_1362.txt),0.8645,2024
hard_filter,us,what was the specific budget allocated to security in 2024?,hard_filter,8,DENSE,fixed,exe3/clean-text/US/2024-09-23.txt (exe3/chunked-text/US/chunk_1384.txt),0.8644,2024
hard_filter,us,what was the specific budget allocated to security in 2024?,hard_filter,8,DENSE,fixed,exe3/clean-text/US/2024-08-06.txt (exe3/chunked-text/US/chunk_1220.txt),0.8624,2024
hard_filter,us,What was the specific amount allocated to support the public sector for National Insurance costs in 2025?,hard_filter,8,DENSE,fixed,exe3/clean-text/US/2025-04-24.txt (exe3/chunked-text/US/chunk_1785.txt),0.8235,2025
hard_filter,us,What was the specific amount allocated to support the public sector for National Insurance costs in 2025?,hard_filter,8,DENSE,fixed,exe3/clean-text/US/2025-06-03.txt (exe3/chunked-text/US/chunk_1918.txt),0.8215,2025
hard_filter,us,What was the specific amount allocated to support the public sector for National Insurance costs in 2025?,hard_filter,8,DENSE,fixed,exe3/clean-text/US/2025-05-12.txt (exe3/chunked-text/US/chunk_1850.txt),0.819,2025
hard_filter,us,What was the specific amount allocated to support the public sector for National Insurance costs in 2025?,hard_filter,8,DENSE,fixed,exe3/clean-text/US/2025-06-09.txt (exe3/chunked-text/US/chunk_1943.txt),0.8186,2025
hard_filter,us,What was the specific amount allocated to support the public sector for National Insurance costs in 2025?,hard_filter,8,DENSE,fixed,exe3/clean-text/US/2025-06-23.txt (exe3/chunked-text/US/chunk_1995.txt),0.8186,2025
hard_filter,us,What was the specific amount allocated to support the public sector for National Insurance costs in 2025?,hard_filter,8,DENSE,fixed,exe3/clean-text/US/2025-07-23.txt (exe3/chunked-text/US/chunk_2097.txt),0.8186,2025
hard_filter,us,What was the specific amount allocated to support the public sector for National Insurance costs in 2025?,hard_filter,8,DENSE,fixed,exe3/clean-text/US/2025-06-24.txt (exe3/chunked-text/US/chunk_2006.txt),0.8183,2025
hard_filter,us,What was the specific amount allocated to support the public sector for National Insurance costs in 2025?,hard_filter,8,DENSE,fixed,exe3/clean-text/US/2025-10-21.txt (exe3/chunked-text/US/chunk_2339.txt),0.8182,2025
hard_filter,us,What is the current official position regarding the State of Israel?,recency,8,DENSE,fixed,exe3/clean-text/US/2025-05-05.txt (exe3/chunked-text/US/chunk_1822.txt),0.8205,2025
hard_filter,us,What is the current official position regarding the State of Israel?,recency,8,DENSE,fixed,exe3/clean-text/US/2025-04-07.txt (exe3/chunked-text/US/chunk_1743.txt),0.8097,2025
hard_filter,us,What is the current official position regarding the State of Israel?,recency,8,DENSE,fixed,exe3/clean-text/US/2025-06-09.txt (exe3/chunked-text/US/chunk_1943.txt),0.804,2025
hard_filter,us,What is the current official position regarding the State of Israel?,recency,8,DENSE,fixed,exe3/clean-text/US/2025-09-15.txt (exe3/chunked-text/US/chunk_2229.txt),0.8027,2025
hard_filter,us,What is the current official position regarding the State of Israel?,recency,8,DENSE,fixed,exe3/clean-text/US/2025-05-29.txt (exe3/chunked-text/US/chunk_1899.txt),0.8025,2025
hard_filter,us,What is the current official position regarding the State of Israel?,recency,8,DENSE,fixed,exe3/clean-text/US/2025-06-23.txt (exe3/chunked-text/US/chunk_1995.txt),0.8006,2025
hard_filter,us,What is the current official position regarding the State of Israel?,recency,8,DENSE,fixed,exe3/clean-text/US/2025-08-08.txt (exe3/chunked-text/US/chunk_2138.txt),0.7994,2025
hard_filter,us,What is the current official position regarding the State of Israel?,recency,8,DENSE,fixed,exe3/clean-text/US/2025-07-25.txt (exe3/chunked-text/US/chunk_2102.txt),0.7993,2025
hard_filter,us,What is the current official position regarding Hamas/Gaza?,recency,8,DENSE,fixed,exe3/clean-text/US/2025-05-05.txt (exe3/chunked-text/US/chunk_1822.txt),0.846,2025
hard_filter,us,What is the current official position regarding Hamas/Gaza?,recency,8,DENSE,fixed,exe3/clean-text/US/2025-06-26.txt (exe3/chunked-text/US/chunk_2017.txt),0.8267,2025
hard_filter,us,What is the current official position regarding Hamas/Gaza?,recency,8,DENSE,fixed,exe3/clean-text/US/2025-05-29.txt (exe3/chunked-text/US/chunk_1899.txt),0.825,2025
hard_filter,us,What is the current official position regarding Hamas/Gaza?,recency,8,DENSE,fixed,exe3/clean-text/US/2025-08-29.txt (exe3/chunked-text/US/chunk_2186.txt),0.8246,2025
hard_filter,us,What is the current official position regarding Hamas/Gaza?,recency,8,DENSE,fixed,exe3/clean-text/US/2025-06-03.txt (exe3/chunked-text/US/chunk_1913.txt),0.8212,2025
hard_filter,us,What is the current official position regarding Hamas/Gaza?,recency,8,DENSE,fixed,exe3/clean-text/US/2025-05-05.txt (exe3/chunked-text/US/chunk_1823.txt),0.82,2025
hard_filter,us,What is the current official position regarding Hamas/Gaza?,recency,8,DENSE,fixed,exe3/clean-text/US/2025-06-23.txt (exe3/chunked-text/US/chunk_1995.txt),0.8197,2025
hard_filter,us,What is the current official position regarding Hamas/Gaza?,recency,8,DENSE,fixed,exe3/clean-text/US/2025-06-02.txt (exe3/chunked-text/US/chunk_1911.txt),0.8196,2025
hard_filter,us,Was the official position in the last quarter of 2023 supportive of the State of Israel?,recency,8,DENSE,fixed,exe3/clean-text/US/2023-10-12.txt (exe3/chunked-text/US/chunk_310.txt),0.842,2023
hard_filter,us,Was the official position in the last quarter of 2023 supportive of the State of Israel?,recency,8,DENSE,fixed,exe3/clean-text/US/2023-07-27.txt (exe3/chunked-text/US/chunk_100.txt),0.8396,2023
hard_filter,us,Was the official position in the last quarter of 2023 supportive of the State of Israel?,recency,8,DENSE,fixed,exe3/clean-text/US/2023-12-06.txt (exe3/chunked-text/US/chunk_497.txt),0.8351,2023
hard_filter,us,Was the official position in the last quarter of 2023 supportive of the State of Israel?,recency,8,DENSE,fixed,exe3/clean-text/US/2023-07-25.txt (exe3/chunked-text/US/chunk_86.txt),0.8326,2023
hard_filter,us,Was the official position in the last quarter of 2023 supportive of the State of Israel?,recency,8,DENSE,fixed,exe3/clean-text/US/2023-07-10.txt (exe3/chunked-text/US/chunk_12.txt),0.8313,2023
hard_filter,us,Was the official position in the last quarter of 2023 supportive of the State of Israel?,recency,8,DENSE,fixed,exe3/clean-text/US/2023-10-17.txt (exe3/chunked-text/US/chunk_325.txt),0.8308,2023
hard_filter,us,Was the official position in the last quarter of 2023 supportive of the State of Israel?,recency,8,DENSE,fixed,exe3/clean-text/US/2023-09-22.txt (exe3/chunked-text/US/chunk_251.txt),0.8276,2023
hard_filter,us,Was the official position in the last quarter of 2023 supportive of the State of Israel?,recency,8,DENSE,fixed,exe3/clean-text/US/2023-10-30.txt (exe3/chunked-text/US/chunk_381.txt),0.8269,2023
hard_filter,us,Was the official position in the last quarter of 2023 supportive of Hamas/Gaza?,recency,8,DENSE,fixed,exe3/clean-text/US/2023-10-12.txt (exe3/chunked-text/US/chunk_310.txt),0.8463,2023
hard_filter,us,Was the official position in the last quarter of 2023 supportive of Hamas/Gaza?,recency,8,DENSE,fixed,exe3/clean-text/US/2023-12-06.txt (exe3/chunked-text/US/chunk_497.txt),0.8374,2023
hard_filter,us,Was the official position in the last quarter of 2023 supportive of Hamas/Gaza?,recency,8,DENSE,fixed,exe3/clean-text/US/2023-10-17.txt (exe3/chunked-text/US/chunk_325.txt),0.8352,2023
hard_filter,us,Was the official position in the last quarter of 2023 supportive of Hamas/Gaza?,recency,8,DENSE,fixed,exe3/clean-text/US/2023-09-08.txt (exe3/chunked-text/US/chunk_196.txt),0.8326,2023
hard_filter,us,Was the official position in the last quarter of 2023 supportive of Hamas/Gaza?,recency,8,DENSE,fixed,exe3/clean-text/US/2023-07-27.txt (exe3/chunked-text/US/chunk_100.txt),0.8326,2023
hard_filter,us,Was the official position in the last quarter of 2023 supportive of Hamas/Gaza?,recency,8,DENSE,fixed,exe3/clean-text/US/2023-07-10.txt (exe3/chunked-text/US/chunk_12.txt),0.8317,2023
hard_filter,us,Was the official position in the last quarter of 2023 supportive of Hamas/Gaza?,recency,8,DENSE,fixed,exe3/clean-text/US/2023-12-01.txt (exe3/chunked-text/US/chunk_481.txt),0.8304,2023
hard_filter,us,Was the official position in the last quarter of 2023 supportive of Hamas/Gaza?,recency,8,DENSE,fixed,exe3/clean-text/US/2023-12-05.txt (exe3/chunked-text/US/chunk_490.txt),0.8286,2023
hard_filter,us,Has the official position in the last quarter of 2023 changed relative to the official position in the last quarter of 2025?,recency,8,DENSE,fixed,exe3/clean-text/US/2023-10-17.txt (exe3/chunked-text/US/chunk_325.txt),0.8558,2023
hard_filter,us,Has the official position in the last quarter of 2023 changed relative to the official position in the last quarter of 2025?,recency,8,DENSE,fixed,exe3/clean-text/US/2023-07-12.txt (exe3/chunked-text/US/chunk_29.txt),0.8465,2023
hard_filter,us,Has the official position in the last quarter of 2023 changed relative to the official position in the last quarter of 2025?,recency,8,DENSE,fixed,exe3/clean-text/US/2023-07-20.txt (exe3/chunked-text/US/chunk_79.txt),0.8445,2023
hard_filter,us,Has the official position in the last quarter of 2023 changed relative to the official position in the last quarter of 2025?,recency,8,DENSE,fixed,exe3/clean-text/US/2023-11-13.txt (exe3/chunked-text/US/chunk_432.txt),0.8443,2023
hard_filter,us,Has the official position in the last quarter of 2023 changed relative to the official position in the last quarter of 2025?,recency,8,DENSE,fixed,exe3/clean-text/US/2023-11-01.txt (exe3/chunked-text/US/chunk_392.txt),0.8404,2023
hard_filter,us,Has the official position in the last quarter of 2023 changed relative to the official position in the last quarter of 2025?,recency,8,DENSE,fixed,exe3/clean-text/US/2023-07-13.txt (exe3/chunked-text/US/chunk_42.txt),0.8401,2023
hard_filter,us,Has the official position in the last quarter of 2023 changed relative to the official position in the last quarter of 2025?,recency,8,DENSE,fixed,exe3/clean-text/US/2023-09-20.txt (exe3/chunked-text/US/chunk_243.txt),0.84,2023
hard_filter,us,Has the official position in the last quarter of 2023 changed relative to the official position in the last quarter of 2025?,recency,8,DENSE,fixed,exe3/clean-text/US/2023-09-22.txt (exe3/chunked-text/US/chunk_251.txt),0.8396,2023
hard_filter,us,What is the latest official position regarding legislation on the protection of veterans?,recency,8,DENSE,fixed,exe3/clean-text/US/2024-05-21.txt (exe3/chunked-text/US/chunk_957.txt),0.8453,2024
hard_filter,us,What is the latest official position regarding legislation on the protection of veterans?,recency,8,DENSE,fixed,exe3/clean-text/US/2024-10-22.txt (exe3/chunked-text/US/chunk_1466.txt),0.8423,2024
hard_filter,us,What is the latest official position regarding legislation on the protection of veterans?,recency,8,DENSE,fixed,exe3/clean-text/US/2024-08-27.txt (exe3/chunked-text/US/chunk_1267.txt),0.8418,2024
hard_filter,us,What is the latest official position regarding legislation on the protection of veterans?,recency,8,DENSE,fixed,exe3/clean-text/US/2024-11-19.txt (exe3/chunked-text/US/chunk_1562.txt),0.8402,2024
hard_filter,us,What is the latest official position regarding legislation on the protection of veterans?,recency,8,DENSE,fixed,exe3/clean-text/US/2024-07-11.txt (exe3/chunked-text/US/chunk_1145.txt),0.8401,2024
hard_filter,us,What is the latest official position regarding legislation on the protection of veterans?,recency,8,DENSE,fixed,exe3/clean-text/US/2025-07-28.txt (exe3/chunked-text/US/chunk_2111.txt),0.8391,2025
hard_filter,us,What is the latest official position regarding legislation on the protection of veterans?,recency,8,DENSE,fixed,exe3/clean-text/US/2024-04-15.txt (exe3/chunked-text/US/chunk_826.txt),0.8386,2024
hard_filter,us,What is the latest official position regarding legislation on the protection of veterans?,recency,8,DENSE,fixed,exe3/clean-text/US/2024-08-06.txt (exe3/chunked-text/US/chunk_1220.txt),0.8378,2024
hard_filter,us,how did the prime minister/president's rhetoric regarding the war between israel and hamas/gaza change between his first and last speech?,evolution,8,DENSE,fixed,exe3/clean-text/US/2024-07-11.txt (exe3/chunked-text/US/chunk_1151.txt),0.8821,2024
hard_filter,us,how did the prime minister/president's rhetoric regarding the war between israel and hamas/gaza change between his first and last speech?,evolution,8,DENSE,fixed,exe3/clean-text/US/2024-07-11.txt (exe3/chunked-text/US/chunk_1152.txt),0.8807,2024
hard_filter,us,how did the prime minister/president's rhetoric regarding the war between israel and hamas/gaza change between his first and last speech?,evolution,8,DENSE,fixed,exe3/clean-text/US/2025-05-05.txt (exe3/chunked-text/US/chunk_1822.txt),0.8784,2025
hard_filter,us,how did the prime minister/president's rhetoric regarding the war between israel and hamas/gaza change between his first and last speech?,evolution,8,DENSE,fixed,exe3/clean-text/US/2024-03-08.txt (exe3/chunked-text/US/chunk_697.txt),0.8784,2024
hard_filter,us,how did the prime minister/president's rhetoric regarding the war between israel and hamas/gaza change between his first and last speech?,evolution,8,DENSE,fixed,exe3/clean-text/US/2024-09-17.txt (exe3/chunked-text/US/chunk_1350.txt),0.8738,2024
hard_filter,us,how did the prime minister/president's rhetoric regarding the war between israel and hamas/gaza change between his first and last speech?,evolution,8,DENSE,fixed,exe3/clean-text/US/2024-03-01.txt (exe3/chunked-text/US/chunk_671.txt),0.8737,2024
hard_filter,us,how did the prime minister/president's rhetoric regarding the war between israel and hamas/gaza change between his first and last speech?,evolution,8,DENSE,fixed,exe3/clean-text/US/2024-11-01.txt (exe3/chunked-text/US/chunk_1492.txt),0.8723,2024
hard_filter,us,how did the prime minister/president's rhetoric regarding the war between israel and hamas/gaza change between his first and last speech?,evolution,8,DENSE,fixed,exe3/clean-text/US/2024-08-02.txt (exe3/chunked-text/US/chunk_1210.txt),0.8705,2024
hard_filter,us,How has the approach to the restoration and maintenance of local and community infrastructure changed between late 2023 and late 2024?,evolution,8,DENSE,fixed,exe3/clean-text/US/2023-11-28.txt (exe3/chunked-text/US/chunk_462.txt),0.8483,2023
hard_filter,us,How has the approach to the restoration and maintenance of local and community infrastructure changed between late 2023 and late 2024?,evolution,8,DENSE,fixed,exe3/clean-text/US/2023-09-12.txt (exe3/chunked-text/US/chunk_200.txt),0.848,2023
hard_filter,us,How has the approach to the restoration and maintenance of local and community infrastructure changed between late 2023 and late 2024?,evolution,8,DENSE,fixed,exe3/clean-text/US/2023-09-18.txt (exe3/chunked-text/US/chunk_221.txt),0.8454,2023
hard_filter,us,How has the approach to the restoration and maintenance of local and community infrastructure changed between late 2023 and late 2024?,evolution,8,DENSE,fixed,exe3/clean-text/US/2023-10-17.txt (exe3/chunked-text/US/chunk_325.txt),0.8431,2023
hard_filter,us,How has the approach to the restoration and maintenance of local and community infrastructure changed between late 2023 and late 2024?,evolution,8,DENSE,fixed,exe3/clean-text/US/2023-10-30.txt (exe3/chunked-text/US/chunk_381.txt),0.8418,2023
hard_filter,us,How has the approach to the restoration and maintenance of local and community infrastructure changed between late 2023 and late 2024?,evolution,8,DENSE,fixed,exe3/clean-text/US/2023-11-13.txt (exe3/chunked-text/US/chunk_431.txt),0.8402,2023
hard_filter,us,How has the approach to the restoration and maintenance of local and community infrastructure changed between late 2023 and late 2024?,evolution,8,DENSE,fixed,exe3/clean-text/US/2023-10-20.txt (exe3/chunked-text/US/chunk_351.txt),0.8399,2023
hard_filter,us,How has the approach to the restoration and maintenance of local and community infrastructure changed between late 2023 and late 2024?,evolution,8,DENSE,fixed,exe3/clean-text/US/2023-08-15.txt (exe3/chunked-text/US/chunk_147.txt),0.8399,2023
hard_filter,us,who is the minister of defense/secretary of defense?,ambiguity,8,DENSE,fixed,exe3/clean-text/US/2024-03-01.txt (exe3/chunked-text/US/chunk_672.txt),0.8657,2024
hard_filter,us,who is the minister of defense/secretary of defense?,ambiguity,8,DENSE,fixed,exe3/clean-text/US/2024-11-13.txt (exe3/chunked-text/US/chunk_1532.txt),0.8657,2024
hard_filter,us,who is the minister of defense/secretary of defense?,ambiguity,8,DENSE,fixed,exe3/clean-text/US/2023-12-07.txt (exe3/chunked-text/US/chunk_508.txt),0.8643,2023
hard_filter,us,who is the minister of defense/secretary of defense?,ambiguity,8,DENSE,fixed,exe3/clean-text/US/2024-04-10.txt (exe3/chunked-text/US/chunk_796.txt),0.8621,2024
hard_filter,us,who is the minister of defense/secretary of defense?,ambiguity,8,DENSE,fixed,exe3/clean-text/US/2024-09-23.txt (exe3/chunked-text/US/chunk_1384.txt),0.862,2024
hard_filter,us,who is the minister of defense/secretary of defense?,ambiguity,8,DENSE,fixed,exe3/clean-text/US/2024-11-08.txt (exe3/chunked-text/US/chunk_1510.txt),0.8619,2024
hard_filter,us,who is the minister of defense/secretary of defense?,ambiguity,8,DENSE,fixed,exe3/clean-text/US/2024-06-13.txt (exe3/chunked-text/US/chunk_1055.txt),0.8618,2024
hard_filter,us,who is the minister of defense/secretary of defense?,ambiguity,8,DENSE,fixed,exe3/clean-text/US/2024-03-06.txt (exe3/chunked-text/US/chunk_684.txt),0.8593,2024
hard_filter,us,Who holds the position responsible for Rural Development?,ambiguity,8,DENSE,fixed,exe3/clean-text/US/2024-07-23.txt (exe3/chunked-text/US/chunk_1175.txt),0.8204,2024
hard_filter,us,Who holds the position responsible for Rural Development?,ambiguity,8,DENSE,fixed,exe3/clean-text/US/2025-09-03.txt (exe3/chunked-text/US/chunk_2195.txt),0.8147,2025
hard_filter,us,Who holds the position responsible for Rural Development?,ambiguity,8,DENSE,fixed,exe3/clean-text/US/2024-05-01.txt (exe3/chunked-text/US/chunk_890.txt),0.8145,2024
hard_filter,us,Who holds the position responsible for Rural Development?,ambiguity,8,DENSE,fixed,exe3/clean-text/US/2025-07-25.txt (exe3/chunked-text/US/chunk_2102.txt),0.8138,2025
hard_filter,us,Who holds the position responsible for Rural Development?,ambiguity,8,DENSE,fixed,exe3/clean-text/US/2025-06-09.txt (exe3/chunked-text/US/chunk_1943.txt),0.8118,2025
hard_filter,us,Who holds the position responsible for Rural Development?,ambiguity,8,DENSE,fixed,exe3/clean-text/US/2024-11-08.txt (exe3/chunked-text/US/chunk_1510.txt),0.809,2024
hard_filter,us,Who holds the position responsible for Rural Development?,ambiguity,8,DENSE,fixed,exe3/clean-text/US/2024-08-30.txt (exe3/chunked-text/US/chunk_1278.txt),0.8083,2024
hard_filter,us,Who holds the position responsible for Rural Development?,ambiguity,8,DENSE,fixed,exe3/clean-text/US/2024-04-16.txt (exe3/chunked-text/US/chunk_832.txt),0.8076,2024
hard_filter,us,what was the specific budget allocated to security in 2024?,hard_filter,8,DENSE,parentSon,exe3/clean-text/US/2024-06-05.txt (exe3/parent-child-chunked-text/US/children/child_chunk_2275.txt),0.8705,2024
hard_filter,us,what was the specific budget allocated to security in 2024?,hard_filter,8,DENSE,parentSon,exe3/clean-text/US/2024-05-01.txt (exe3/parent-child-chunked-text/US/children/child_chunk_1988.txt),0.8639,2024
hard_filter,us,what was the specific budget allocated to security in 2024?,hard_filter,8,DENSE,parentSon,exe3/clean-text/US/2024-12-09.txt (exe3/parent-child-chunked-text/US/children/child_chunk_3606.txt),0.8583,2024
hard_filter,us,what was the specific budget allocated to security in 2024?,hard_filter,8,DENSE,parentSon,exe3/clean-text/US/2024-05-01.txt (exe3/parent-child-chunked-text/US/children/child_chunk_1982.txt),0.8579,2024
hard_filter,us,what was the specific budget allocated to security in 2024?,hard_filter,8,DENSE,parentSon,exe3/clean-text/US/2024-08-09.txt (exe3/parent-child-chunked-text/US/children/child_chunk_2732.txt),0.8573,2024
hard_filter,us,what was the specific budget allocated to security in 2024?,hard_filter,8,DENSE,parentSon,exe3/clean-text/US/2024-05-20.txt (exe3/parent-child-chunked-text/US/children/child_chunk_2119.txt),0.857,2024
hard_filter,us,what was the specific budget allocated to security in 2024?,hard_filter,8,DENSE,parentSon,exe3/clean-text/US/2024-04-08.txt (exe3/parent-child-chunked-text/US/children/child_chunk_1750.txt),0.8561,2024
hard_filter,us,what was the specific budget allocated to security in 2024?,hard_filter,8,DENSE,parentSon,exe3/clean-text/US/2024-05-08.txt (exe3/parent-child-chunked-text/US/children/child_chunk_2042.txt),0.8556,2024
hard_filter,us,What was the specific amount allocated to support the public sector for National Insurance costs in 2025?,hard_filter,8,DENSE,parentSon,exe3/clean-text/US/2025-07-25.txt (exe3/parent-child-chunked-text/US/children/child_chunk_4636.txt),0.8273,2025
hard_filter,us,What was the specific amount allocated to support the public sector for National Insurance costs in 2025?,hard_filter,8,DENSE,parentSon,exe3/clean-text/US/2025-08-12.txt (exe3/parent-child-chunked-text/US/children/child_chunk_4729.txt),0.8254,2025
hard_filter,us,What was the specific amount allocated to support the public sector for National Insurance costs in 2025?,hard_filter,8,DENSE,parentSon,exe3/clean-text/US/2025-06-23.txt (exe3/parent-child-chunked-text/US/children/child_chunk_4407.txt),0.82,2025
hard_filter,us,What was the specific amount allocated to support the public sector for National Insurance costs in 2025?,hard_filter,8,DENSE,parentSon,exe3/clean-text/US/2025-06-30.txt (exe3/parent-child-chunked-text/US/children/child_chunk_4485.txt),0.8193,2025
hard_filter,us,What was the specific amount allocated to support the public sector for National Insurance costs in 2025?,hard_filter,8,DENSE,parentSon,exe3/clean-text/US/2025-06-24.txt (exe3/parent-child-chunked-text/US/children/child_chunk_4433.txt),0.8168,2025
hard_filter,us,What was the specific amount allocated to support the public sector for National Insurance costs in 2025?,hard_filter,8,DENSE,parentSon,exe3/clean-text/US/2025-10-06.txt (exe3/parent-child-chunked-text/US/children/child_chunk_5066.txt),0.8157,2025
hard_filter,us,What was the specific amount allocated to support the public sector for National Insurance costs in 2025?,hard_filter,8,DENSE,parentSon,exe3/clean-text/US/2025-05-14.txt (exe3/parent-child-chunked-text/US/children/child_chunk_4121.txt),0.8156,2025
hard_filter,us,What was the specific amount allocated to support the public sector for National Insurance costs in 2025?,hard_filter,8,DENSE,parentSon,exe3/clean-text/US/2025-09-09.txt (exe3/parent-child-chunked-text/US/children/child_chunk_4876.txt),0.8142,2025
hard_filter,us,What is the current official position regarding the State of Israel?,recency,8,DENSE,parentSon,exe3/clean-text/US/2025-05-05.txt (exe3/parent-child-chunked-text/US/children/child_chunk_4035.txt),0.8207,2025
hard_filter,us,What is the current official position regarding the State of Israel?,recency,8,DENSE,parentSon,exe3/clean-text/US/2025-06-02.txt (exe3/parent-child-chunked-text/US/children/child_chunk_4225.txt),0.8078,2025
hard_filter,us,What is the current official position regarding the State of Israel?,recency,8,DENSE,parentSon,exe3/clean-text/US/2025-07-25.txt (exe3/parent-child-chunked-text/US/children/child_chunk_4636.txt),0.8078,2025
hard_filter,us,What is the current official position regarding the State of Israel?,recency,8,DENSE,parentSon,exe3/clean-text/US/2025-09-09.txt (exe3/parent-child-chunked-text/US/children/child_chunk_4876.txt),0.807,2025
hard_filter,us,What is the current official position regarding the State of Israel?,recency,8,DENSE,parentSon,exe3/clean-text/US/2025-08-29.txt (exe3/parent-child-chunked-text/US/children/child_chunk_4823.txt),0.807,2025
hard_filter,us,What is the current official position regarding the State of Israel?,recency,8,DENSE,parentSon,exe3/clean-text/US/2025-05-05.txt (exe3/parent-child-chunked-text/US/children/child_chunk_4034.txt),0.8043,2025
hard_filter,us,What is the current official position regarding the State of Israel?,recency,8,DENSE,parentSon,exe3/clean-text/US/2025-05-29.txt (exe3/parent-child-chunked-text/US/children/child_chunk_4201.txt),0.8035,2025
hard_filter,us,What is the current official position regarding the State of Israel?,recency,8,DENSE,parentSon,exe3/clean-text/US/2025-04-14.txt (exe3/parent-child-chunked-text/US/children/child_chunk_3903.txt),0.8,2025
hard_filter,us,What is the current official position regarding Hamas/Gaza?,recency,8,DENSE,parentSon,exe3/clean-text/US/2025-05-05.txt (exe3/parent-child-chunked-text/US/children/child_chunk_4035.txt),0.8338,2025
hard_filter,us,What is the current official position regarding Hamas/Gaza?,recency,8,DENSE,parentSon,exe3/clean-text/US/2025-05-05.txt (exe3/parent-child-chunked-text/US/children/child_chunk_4034.txt),0.832,2025
hard_filter,us,What is the current official position regarding Hamas/Gaza?,recency,8,DENSE,parentSon,exe3/clean-text/US/2025-07-25.txt (exe3/parent-child-chunked-text/US/children/child_chunk_4636.txt),0.8314,2025
hard_filter,us,What is the current official position regarding Hamas/Gaza?,recency,8,DENSE,parentSon,exe3/clean-text/US/2025-09-09.txt (exe3/parent-child-chunked-text/US/children/child_chunk_4876.txt),0.8292,2025
hard_filter,us,What is the current official position regarding Hamas/Gaza?,recency,8,DENSE,parentSon,exe3/clean-text/US/2025-06-02.txt (exe3/parent-child-chunked-text/US/children/child_chunk_4225.txt),0.8274,2025
hard_filter,us,What is the current official position regarding Hamas/Gaza?,recency,8,DENSE,parentSon,exe3/clean-text/US/2025-06-10.txt (exe3/parent-child-chunked-text/US/children/child_chunk_4310.txt),0.8209,2025
hard_filter,us,What is the current official position regarding Hamas/Gaza?,recency,8,DENSE,parentSon,exe3/clean-text/US/2025-05-29.txt (exe3/parent-child-chunked-text/US/children/child_chunk_4201.txt),0.818,2025
hard_filter,us,What is the current official position regarding Hamas/Gaza?,recency,8,DENSE,parentSon,exe3/clean-text/US/2025-06-11.txt (exe3/parent-child-chunked-text/US/children/child_chunk_4331.txt),0.8161,2025
hard_filter,us,Was the official position in the last quarter of 2023 supportive of the State of Israel?,recency,8,DENSE,parentSon,exe3/clean-text/US/2023-10-12.txt (exe3/parent-child-chunked-text/US/children/child_chunk_692.txt),0.8409,2023
hard_filter,us,Was the official position in the last quarter of 2023 supportive of the State of Israel?,recency,8,DENSE,parentSon,exe3/clean-text/US/2023-07-27.txt (exe3/parent-child-chunked-text/US/children/child_chunk_220.txt),0.8398,2023
hard_filter,us,Was the official position in the last quarter of 2023 supportive of the State of Israel?,recency,8,DENSE,parentSon,exe3/clean-text/US/2023-07-25.txt (exe3/parent-child-chunked-text/US/children/child_chunk_187.txt),0.828,2023
hard_filter,us,Was the official position in the last quarter of 2023 supportive of the State of Israel?,recency,8,DENSE,parentSon,exe3/clean-text/US/2023-10-25.txt (exe3/parent-child-chunked-text/US/children/child_chunk_825.txt),0.8228,2023
hard_filter,us,Was the official position in the last quarter of 2023 supportive of the State of Israel?,recency,8,DENSE,parentSon,exe3/clean-text/US/2023-08-18.txt (exe3/parent-child-chunked-text/US/children/child_chunk_339.txt),0.8226,2023
hard_filter,us,Was the official position in the last quarter of 2023 supportive of the State of Israel?,recency,8,DENSE,parentSon,exe3/clean-text/US/2023-07-25.txt (exe3/parent-child-chunked-text/US/children/child_chunk_188.txt),0.8218,2023
hard_filter,us,Was the official position in the last quarter of 2023 supportive of the State of Israel?,recency,8,DENSE,parentSon,exe3/clean-text/US/2023-11-29.txt (exe3/parent-child-chunked-text/US/children/child_chunk_1049.txt),0.821,2023
hard_filter,us,Was the official position in the last quarter of 2023 supportive of the State of Israel?,recency,8,DENSE,parentSon,exe3/clean-text/US/2023-12-06.txt (exe3/parent-child-chunked-text/US/children/child_chunk_1109.txt),0.8205,2023
hard_filter,us,Was the official position in the last quarter of 2023 supportive of Hamas/Gaza?,recency,8,DENSE,parentSon,exe3/clean-text/US/2023-10-12.txt (exe3/parent-child-chunked-text/US/children/child_chunk_692.txt),0.842,2023
hard_filter,us,Was the official position in the last quarter of 2023 supportive of Hamas/Gaza?,recency,8,DENSE,parentSon,exe3/clean-text/US/2023-11-29.txt (exe3/parent-child-chunked-text/US/children/child_chunk_1049.txt),0.839,2023
hard_filter,us,Was the official position in the last quarter of 2023 supportive of Hamas/Gaza?,recency,8,DENSE,parentSon,exe3/clean-text/US/2023-08-18.txt (exe3/parent-child-chunked-text/US/children/child_chunk_339.txt),0.8292,2023
hard_filter,us,Was the official position in the last quarter of 2023 supportive of Hamas/Gaza?,recency,8,DENSE,parentSon,exe3/clean-text/US/2023-08-22.txt (exe3/parent-child-chunked-text/US/children/child_chunk_353.txt),0.8261,2023
hard_filter,us,Was the official position in the last quarter of 2023 supportive of Hamas/Gaza?,recency,8,DENSE,parentSon,exe3/clean-text/US/2023-09-08.txt (exe3/parent-child-chunked-text/US/children/child_chunk_433.txt),0.826,2023
hard_filter,us,Was the official position in the last quarter of 2023 supportive of Hamas/Gaza?,recency,8,DENSE,parentSon,exe3/clean-text/US/2023-10-12.txt (exe3/parent-child-chunked-text/US/children/child_chunk_691.txt),0.8257,2023
hard_filter,us,Was the official position in the last quarter of 2023 supportive of Hamas/Gaza?,recency,8,DENSE,parentSon,exe3/clean-text/US/2023-11-13.txt (exe3/parent-child-chunked-text/US/children/child_chunk_967.txt),0.8249,2023
hard_filter,us,Was the official position in the last quarter of 2023 supportive of Hamas/Gaza?,recency,8,DENSE,parentSon,exe3/clean-text/US/2023-07-12.txt (exe3/parent-child-chunked-text/US/children/child_chunk_64.txt),0.8238,2023
hard_filter,us,Has the official position in the last quarter of 2023 changed relative to the official position in the last quarter of 2025?,recency,8,DENSE,parentSon,exe3/clean-text/US/2023-11-13.txt (exe3/parent-child-chunked-text/US/children/child_chunk_967.txt),0.8551,2023
hard_filter,us,Has the official position in the last quarter of 2023 changed relative to the official position in the last quarter of 2025?,recency,8,DENSE,parentSon,exe3/clean-text/US/2023-08-18.txt (exe3/parent-child-chunked-text/US/children/child_chunk_339.txt),0.8466,2023
hard_filter,us,Has the official position in the last quarter of 2023 changed relative to the official position in the last quarter of 2025?,recency,8,DENSE,parentSon,exe3/clean-text/US/2023-11-29.txt (exe3/parent-child-chunked-text/US/children/child_chunk_1049.txt),0.845,2023
hard_filter,us,Has the official position in the last quarter of 2023 changed relative to the official position in the last quarter of 2025?,recency,8,DENSE,parentSon,exe3/clean-text/US/2023-11-13.txt (exe3/parent-child-chunked-text/US/children/child_chunk_970.txt),0.8423,2023
hard_filter,us,Has the official position in the last quarter of 2023 changed relative to the official position in the last quarter of 2025?,recency,8,DENSE,parentSon,exe3/clean-text/US/2023-10-17.txt (exe3/parent-child-chunked-text/US/children/child_chunk_728.txt),0.8368,2023
hard_filter,us,Has the official position in the last quarter of 2023 changed relative to the official position in the last quarter of 2025?,recency,8,DENSE,parentSon,exe3/clean-text/US/2023-11-06.txt (exe3/parent-child-chunked-text/US/children/child_chunk_920.txt),0.836,2023
hard_filter,us,Has the official position in the last quarter of 2023 changed relative to the official position in the last quarter of 2025?,recency,8,DENSE,parentSon,exe3/clean-text/US/2023-08-15.txt (exe3/parent-child-chunked-text/US/children/child_chunk_326.txt),0.8343,2023
hard_filter,us,Has the official position in the last quarter of 2023 changed relative to the official position in the last quarter of 2025?,recency,8,DENSE,parentSon,exe3/clean-text/US/2023-07-12.txt (exe3/parent-child-chunked-text/US/children/child_chunk_64.txt),0.8334,2023
hard_filter,us,What is the latest official position regarding legislation on the protection of veterans?,recency,8,DENSE,parentSon,exe3/clean-text/US/2025-04-14.txt (exe3/parent-child-chunked-text/US/children/child_chunk_3904.txt),0.8475,2025
hard_filter,us,What is the latest official position regarding legislation on the protection of veterans?,recency,8,DENSE,parentSon,exe3/clean-text/US/2024-11-19.txt (exe3/parent-child-chunked-text/US/children/child_chunk_3466.txt),0.8424,2024
hard_filter,us,What is the latest official position regarding legislation on the protection of veterans?,recency,8,DENSE,parentSon,exe3/clean-text/US/2024-06-21.txt (exe3/parent-child-chunked-text/US/children/child_chunk_2400.txt),0.8417,2024
hard_filter,us,What is the latest official position regarding legislation on the protection of veterans?,recency,8,DENSE,parentSon,exe3/clean-text/US/2024-02-28.txt (exe3/parent-child-chunked-text/US/children/child_chunk_1468.txt),0.8396,2024
hard_filter,us,What is the latest official position regarding legislation on the protection of veterans?,recency,8,DENSE,parentSon,exe3/clean-text/US/2024-08-27.txt (exe3/parent-child-chunked-text/US/children/child_chunk_2806.txt),0.8366,2024
hard_filter,us,What is the latest official position regarding legislation on the protection of veterans?,recency,8,DENSE,parentSon,exe3/clean-text/US/2025-06-11.txt (exe3/parent-child-chunked-text/US/children/child_chunk_4334.txt),0.8353,2025
hard_filter,us,What is the latest official position regarding legislation on the protection of veterans?,recency,8,DENSE,parentSon,exe3/clean-text/US/2024-11-13.txt (exe3/parent-child-chunked-text/US/children/child_chunk_3397.txt),0.8338,2024
hard_filter,us,What is the latest official position regarding legislation on the protection of veterans?,recency,8,DENSE,parentSon,exe3/clean-text/US/2024-11-19.txt (exe3/parent-child-chunked-text/US/children/child_chunk_3465.txt),0.8331,2024
hard_filter,us,how did the prime minister/president's rhetoric regarding the war between israel and hamas/gaza change between his first and last speech?,evolution,8,DENSE,parentSon,exe3/clean-text/US/2025-07-25.txt (exe3/parent-child-chunked-text/US/children/child_chunk_4636.txt),0.8741,2025
hard_filter,us,how did the prime minister/president's rhetoric regarding the war between israel and hamas/gaza change between his first and last speech?,evolution,8,DENSE,parentSon,exe3/clean-text/US/2023-10-20.txt (exe3/parent-child-chunked-text/US/children/child_chunk_779.txt),0.8694,2023
hard_filter,us,how did the prime minister/president's rhetoric regarding the war between israel and hamas/gaza change between his first and last speech?,evolution,8,DENSE,parentSon,exe3/clean-text/US/2024-07-11.txt (exe3/parent-child-chunked-text/US/children/child_chunk_2563.txt),0.8668,2024
hard_filter,us,how did the prime minister/president's rhetoric regarding the war between israel and hamas/gaza change between his first and last speech?,evolution,8,DENSE,parentSon,exe3/clean-text/US/2025-05-05.txt (exe3/parent-child-chunked-text/US/children/child_chunk_4035.txt),0.8666,2025
hard_filter,us,how did the prime minister/president's rhetoric regarding the war between israel and hamas/gaza change between his first and last speech?,evolution,8,DENSE,parentSon,exe3/clean-text/US/2024-03-01.txt (exe3/parent-child-chunked-text/US/children/child_chunk_1498.txt),0.865,2024
hard_filter,us,how did the prime minister/president's rhetoric regarding the war between israel and hamas/gaza change between his first and last speech?,evolution,8,DENSE,parentSon,exe3/clean-text/US/2024-07-25.txt (exe3/parent-child-chunked-text/US/children/child_chunk_2644.txt),0.8648,2024
hard_filter,us,how did the prime minister/president's rhetoric regarding the war between israel and hamas/gaza change between his first and last speech?,evolution,8,DENSE,parentSon,exe3/clean-text/US/2024-09-17.txt (exe3/parent-child-chunked-text/US/children/child_chunk_2988.txt),0.8637,2024
hard_filter,us,how did the prime minister/president's rhetoric regarding the war between israel and hamas/gaza change between his first and last speech?,evolution,8,DENSE,parentSon,exe3/clean-text/US/2025-09-09.txt (exe3/parent-child-chunked-text/US/children/child_chunk_4876.txt),0.8614,2025
hard_filter,us,How has the approach to the restoration and maintenance of local and community infrastructure changed between late 2023 and late 2024?,evolution,8,DENSE,parentSon,exe3/clean-text/US/2023-08-15.txt (exe3/parent-child-chunked-text/US/children/child_chunk_326.txt),0.839,2023
hard_filter,us,How has the approach to the restoration and maintenance of local and community infrastructure changed between late 2023 and late 2024?,evolution,8,DENSE,parentSon,exe3/clean-text/US/2023-11-13.txt (exe3/parent-child-chunked-text/US/children/child_chunk_964.txt),0.8343,2023
hard_filter,us,How has the approach to the restoration and maintenance of local and community infrastructure changed between late 2023 and late 2024?,evolution,8,DENSE,parentSon,exe3/clean-text/US/2023-09-12.txt (exe3/parent-child-chunked-text/US/children/child_chunk_442.txt),0.8296,2023
hard_filter,us,How has the approach to the restoration and maintenance of local and community infrastructure changed between late 2023 and late 2024?,evolution,8,DENSE,parentSon,exe3/clean-text/US/2023-09-18.txt (exe3/parent-child-chunked-text/US/children/child_chunk_508.txt),0.8281,2023
hard_filter,us,How has the approach to the restoration and maintenance of local and community infrastructure changed between late 2023 and late 2024?,evolution,8,DENSE,parentSon,exe3/clean-text/US/2023-11-28.txt (exe3/parent-child-chunked-text/US/children/child_chunk_1035.txt),0.8266,2023
hard_filter,us,How has the approach to the restoration and maintenance of local and community infrastructure changed between late 2023 and late 2024?,evolution,8,DENSE,parentSon,exe3/clean-text/US/2023-10-26.txt (exe3/parent-child-chunked-text/US/children/child_chunk_841.txt),0.8263,2023
hard_filter,us,How has the approach to the restoration and maintenance of local and community infrastructure changed between late 2023 and late 2024?,evolution,8,DENSE,parentSon,exe3/clean-text/US/2023-07-12.txt (exe3/parent-child-chunked-text/US/children/child_chunk_87.txt),0.8261,2023
hard_filter,us,How has the approach to the restoration and maintenance of local and community infrastructure changed between late 2023 and late 2024?,evolution,8,DENSE,parentSon,exe3/clean-text/US/2023-09-12.txt (exe3/parent-child-chunked-text/US/children/child_chunk_441.txt),0.826,2023
hard_filter,us,who is the minister of defense/secretary of defense?,ambiguity,8,DENSE,parentSon,exe3/clean-text/US/2024-05-01.txt (exe3/parent-child-chunked-text/US/children/child_chunk_1988.txt),0.8607,2024
hard_filter,us,who is the minister of defense/secretary of defense?,ambiguity,8,DENSE,parentSon,exe3/clean-text/US/2023-11-29.txt (exe3/parent-child-chunked-text/US/children/child_chunk_1049.txt),0.8604,2023
hard_filter,us,who is the minister of defense/secretary of defense?,ambiguity,8,DENSE,parentSon,exe3/clean-text/US/2025-08-12.txt (exe3/parent-child-chunked-text/US/children/child_chunk_4729.txt),0.8604,2025
hard_filter,us,who is the minister of defense/secretary of defense?,ambiguity,8,DENSE,parentSon,exe3/clean-text/US/2024-08-09.txt (exe3/parent-child-chunked-text/US/children/child_chunk_2732.txt),0.8591,2024
hard_filter,us,who is the minister of defense/secretary of defense?,ambiguity,8,DENSE,parentSon,exe3/clean-text/US/2023-12-11.txt (exe3/parent-child-chunked-text/US/children/child_chunk_1163.txt),0.8559,2023
hard_filter,us,who is the minister of defense/secretary of defense?,ambiguity,8,DENSE,parentSon,exe3/clean-text/US/2023-11-13.txt (exe3/parent-child-chunked-text/US/children/child_chunk_970.txt),0.8554,2023
hard_filter,us,who is the minister of defense/secretary of defense?,ambiguity,8,DENSE,parentSon,exe3/clean-text/US/2025-10-22.txt (exe3/parent-child-chunked-text/US/children/child_chunk_5158.txt),0.8553,2025
hard_filter,us,who is the minister of defense/secretary of defense?,ambiguity,8,DENSE,parentSon,exe3/clean-text/US/2024-02-29.txt (exe3/parent-child-chunked-text/US/children/child_chunk_1479.txt),0.8551,2024
hard_filter,us,Who holds the position responsible for Rural Development?,ambiguity,8,DENSE,parentSon,exe3/clean-text/US/2025-07-25.txt (exe3/parent-child-chunked-text/US/children/child_chunk_4636.txt),0.8221,2025
hard_filter,us,Who holds the position responsible for Rural Development?,ambiguity,8,DENSE,parentSon,exe3/clean-text/US/2025-09-03.txt (exe3/parent-child-chunked-text/US/children/child_chunk_4838.txt),0.8139,2025
hard_filter,us,Who holds the position responsible for Rural Development?,ambiguity,8,DENSE,parentSon,exe3/clean-text/US/2024-07-08.txt (exe3/parent-child-chunked-text/US/children/child_chunk_2511.txt),0.8108,2024
hard_filter,us,Who holds the position responsible for Rural Development?,ambiguity,8,DENSE,parentSon,exe3/clean-text/US/2023-08-11.txt (exe3/parent-child-chunked-text/US/children/child_chunk_303.txt),0.8088,2023
hard_filter,us,Who holds the position responsible for Rural Development?,ambiguity,8,DENSE,parentSon,exe3/clean-text/US/2023-07-13.txt (exe3/parent-child-chunked-text/US/children/child_chunk_92.txt),0.8057,2023
hard_filter,us,Who holds the position responsible for Rural Development?,ambiguity,8,DENSE,parentSon,exe3/clean-text/US/2024-11-08.txt (exe3/parent-child-chunked-text/US/children/child_chunk_3347.txt),0.805,2024
hard_filter,us,Who holds the position responsible for Rural Development?,ambiguity,8,DENSE,parentSon,exe3/clean-text/US/2024-07-23.txt (exe3/parent-child-chunked-text/US/children/child_chunk_2613.txt),0.804,2024
hard_filter,us,Who holds the position responsible for Rural Development?,ambiguity,8,DENSE,parentSon,exe3/clean-text/US/2025-07-25.txt (exe3/parent-child-chunked-text/US/children/child_chunk_4637.txt),0.8012,2025
hard_filter,us,what was the specific budget allocated to security in 2024?,hard_filter,8,BM25,fixed,exe3/clean-text/US/2024-12-09.txt (exe3/chunked-text/US/chunk_1627.txt),35.091,2024
hard_filter,us,what was the specific budget allocated to security in 2024?,hard_filter,8,BM25,fixed,exe3/clean-text/US/2024-05-15.txt (exe3/chunked-text/US/chunk_936.txt),30.2241,2024
hard_filter,us,what was the specific budget allocated to security in 2024?,hard_filter,8,BM25,fixed,exe3/clean-text/US/2024-05-20.txt (exe3/chunked-text/US/chunk_952.txt),28.7591,2024
hard_filter,us,what was the specific budget allocated to security in 2024?,hard_filter,8,BM25,fixed,exe3/clean-text/US/2024-04-10.txt (exe3/chunked-text/US/chunk_802.txt),27.4508,2024
hard_filter,us,what was the specific budget allocated to security in 2024?,hard_filter,8,BM25,fixed,exe3/clean-text/US/2024-09-24.txt (exe3/chunked-text/US/chunk_1393.txt),26.6235,2024
hard_filter,us,what was the specific budget allocated to security in 2024?,hard_filter,8,BM25,fixed,exe3/clean-text/US/2024-02-28.txt (exe3/chunked-text/US/chunk_654.txt),25.9585,2024
hard_filter,us,what was the specific budget allocated to security in 2024?,hard_filter,8,BM25,fixed,exe3/clean-text/US/2024-05-23.txt (exe3/chunked-text/US/chunk_974.txt),25.349,2024
hard_filter,us,what was the specific budget allocated to security in 2024?,hard_filter,8,BM25,fixed,exe3/clean-text/US/2024-12-16.txt (exe3/chunked-text/US/chunk_1650.txt),24.7237,2024
hard_filter,us,What was the specific amount allocated to support the public sector for National Insurance costs in 2025?,hard_filter,8,BM25,fixed,exe3/clean-text/US/2025-05-20.txt (exe3/chunked-text/US/chunk_1882.txt),41.5068,2025
hard_filter,us,What was the specific amount allocated to support the public sector for National Insurance costs in 2025?,hard_filter,8,BM25,fixed,exe3/clean-text/US/2025-05-07.txt (exe3/chunked-text/US/chunk_1834.txt),33.3725,2025
hard_filter,us,What was the specific amount allocated to support the public sector for National Insurance costs in 2025?,hard_filter,8,BM25,fixed,exe3/clean-text/US/2025-09-30.txt (exe3/chunked-text/US/chunk_2280.txt),31.7233,2025
hard_filter,us,What was the specific amount allocated to support the public sector for National Insurance costs in 2025?,hard_filter,8,BM25,fixed,exe3/clean-text/US/2025-07-02.txt (exe3/chunked-text/US/chunk_2039.txt),30.5284,2025
hard_filter,us,What was the specific amount allocated to support the public sector for National Insurance costs in 2025?,hard_filter,8,BM25,fixed,exe3/clean-text/US/2025-08-01.txt (exe3/chunked-text/US/chunk_2129.txt),30.21,2025
hard_filter,us,What was the specific amount allocated to support the public sector for National Insurance costs in 2025?,hard_filter,8,BM25,fixed,exe3/clean-text/US/2025-07-02.txt (exe3/chunked-text/US/chunk_2038.txt),29.9331,2025
hard_filter,us,What was the specific amount allocated to support the public sector for National Insurance costs in 2025?,hard_filter,8,BM25,fixed,exe3/clean-text/US/2025-06-11.txt (exe3/chunked-text/US/chunk_1961.txt),28.4405,2025
hard_filter,us,What was the specific amount allocated to support the public sector for National Insurance costs in 2025?,hard_filter,8,BM25,fixed,exe3/clean-text/US/2025-08-26.txt (exe3/chunked-text/US/chunk_2178.txt),28.0709,2025
hard_filter,us,What is the current official position regarding the State of Israel?,recency,8,BM25,fixed,exe3/clean-text/US/2025-10-06.txt (exe3/chunked-text/US/chunk_2302.txt),53.151,2025
hard_filter,us,What is the current official position regarding the State of Israel?,recency,8,BM25,fixed,exe3/clean-text/US/2025-10-08.txt (exe3/chunked-text/US/chunk_2309.txt),50.6547,2025
hard_filter,us,What is the current official position regarding the State of Israel?,recency,8,BM25,fixed,exe3/clean-text/US/2025-10-15.txt (exe3/chunked-text/US/chunk_2324.txt),46.9832,2025
hard_filter,us,What is the current official position regarding the State of Israel?,recency,8,BM25,fixed,exe3/clean-text/US/2025-10-15.txt (exe3/chunked-text/US/chunk_2323.txt),42.0211,2025
hard_filter,us,What is the current official position regarding the State of Israel?,recency,8,BM25,fixed,exe3/clean-text/US/2025-10-20.txt (exe3/chunked-text/US/chunk_2335.txt),41.8826,2025
hard_filter,us,What is the current official position regarding the State of Israel?,recency,8,BM25,fixed,exe3/clean-text/US/2025-05-05.txt (exe3/chunked-text/US/chunk_1822.txt),37.7743,2025
hard_filter,us,What is the current official position regarding the State of Israel?,recency,8,BM25,fixed,exe3/clean-text/US/2025-07-23.txt (exe3/chunked-text/US/chunk_2098.txt),32.4904,2025
hard_filter,us,What is the current official position regarding the State of Israel?,recency,8,BM25,fixed,exe3/clean-text/US/2025-07-29.txt (exe3/chunked-text/US/chunk_2119.txt),32.2575,2025
hard_filter,us,What is the current official position regarding Hamas/Gaza?,recency,8,BM25,fixed,exe3/clean-text/US/2025-10-06.txt (exe3/chunked-text/US/chunk_2302.txt),53.151,2025
hard_filter,us,What is the current official position regarding Hamas/Gaza?,recency,8,BM25,fixed,exe3/clean-text/US/2025-10-08.txt (exe3/chunked-text/US/chunk_2309.txt),49.7847,2025
hard_filter,us,What is the current official position regarding Hamas/Gaza?,recency,8,BM25,fixed,exe3/clean-text/US/2025-05-05.txt (exe3/chunked-text/US/chunk_1822.txt),49.3078,2025
hard_filter,us,What is the current official position regarding Hamas/Gaza?,recency,8,BM25,fixed,exe3/clean-text/US/2025-10-15.txt (exe3/chunked-text/US/chunk_2324.txt),46.1918,2025
hard_filter,us,What is the current official position regarding Hamas/Gaza?,recency,8,BM25,fixed,exe3/clean-text/US/2025-10-15.txt (exe3/chunked-text/US/chunk_2323.txt),41.3318,2025
hard_filter,us,What is the current official position regarding Hamas/Gaza?,recency,8,BM25,fixed,exe3/clean-text/US/2025-10-20.txt (exe3/chunked-text/US/chunk_2335.txt),40.8804,2025
hard_filter,us,What is the current official position regarding Hamas/Gaza?,recency,8,BM25,fixed,exe3/clean-text/US/2025-07-23.txt (exe3/chunked-text/US/chunk_2098.txt),32.4904,2025
hard_filter,us,What is the current official position regarding Hamas/Gaza?,recency,8,BM25,fixed,exe3/clean-text/US/2025-07-29.txt (exe3/chunked-text/US/chunk_2119.txt),32.2575,2025
hard_filter,us,Was the official position in the last quarter of 2023 supportive of the State of Israel?,recency,8,BM25,fixed,exe3/clean-text/US/2023-07-27.txt (exe3/chunked-text/US/chunk_100.txt),69.7674,2023
hard_filter,us,Was the official position in the last quarter of 2023 supportive of the State of Israel?,recency,8,BM25,fixed,exe3/clean-text/US/2023-08-15.txt (exe3/chunked-text/US/chunk_147.txt),45.2306,2023
hard_filter,us,Was the official position in the last quarter of 2023 supportive of the State of Israel?,recency,8,BM25,fixed,exe3/clean-text/US/2023-12-11.txt (exe3/chunked-text/US/chunk_511.txt),44.1235,2023
hard_filter,us,Was the official position in the last quarter of 2023 supportive of the State of Israel?,recency,8,BM25,fixed,exe3/clean-text/US/2023-12-12.txt (exe3/chunked-text/US/chunk_528.txt),41.3864,2023
hard_filter,us,Was the official position in the last quarter of 2023 supportive of the State of Israel?,recency,8,BM25,fixed,exe3/clean-text/US/2023-10-12.txt (exe3/chunked-text/US/chunk_310.txt),38.7471,2023
hard_filter,us,Was the official position in the last quarter of 2023 supportive of the State of Israel?,recency,8,BM25,fixed,exe3/clean-text/US/2023-12-05.txt (exe3/chunked-text/US/chunk_493.txt),37.8307,2023
hard_filter,us,Was the official position in the last quarter of 2023 supportive of the State of Israel?,recency,8,BM25,fixed,exe3/clean-text/US/2023-11-21.txt (exe3/chunked-text/US/chunk_452.txt),36.3366,2023
hard_filter,us,Was the official position in the last quarter of 2023 supportive of the State of Israel?,recency,8,BM25,fixed,exe3/clean-text/US/2023-09-08.txt (exe3/chunked-text/US/chunk_192.txt),36.3366,2023
hard_filter,us,Was the official position in the last quarter of 2023 supportive of Hamas/Gaza?,recency,8,BM25,fixed,exe3/clean-text/US/2023-10-12.txt (exe3/chunked-text/US/chunk_310.txt),55.2081,2023
hard_filter,us,Was the official position in the last quarter of 2023 supportive of Hamas/Gaza?,recency,8,BM25,fixed,exe3/clean-text/US/2023-08-15.txt (exe3/chunked-text/US/chunk_147.txt),45.2306,2023
hard_filter,us,Was the official position in the last quarter of 2023 supportive of Hamas/Gaza?,recency,8,BM25,fixed,exe3/clean-text/US/2023-12-11.txt (exe3/chunked-text/US/chunk_511.txt),43.4208,2023
hard_filter,us,Was the official position in the last quarter of 2023 supportive of Hamas/Gaza?,recency,8,BM25,fixed,exe3/clean-text/US/2023-07-27.txt (exe3/chunked-text/US/chunk_100.txt),41.658,2023
hard_filter,us,Was the official position in the last quarter of 2023 supportive of Hamas/Gaza?,recency,8,BM25,fixed,exe3/clean-text/US/2023-10-20.txt (exe3/chunked-text/US/chunk_349.txt),40.7573,2023
hard_filter,us,Was the official position in the last quarter of 2023 supportive of Hamas/Gaza?,recency,8,BM25,fixed,exe3/clean-text/US/2023-12-12.txt (exe3/chunked-text/US/chunk_528.txt),40.35,2023
hard_filter,us,Was the official position in the last quarter of 2023 supportive of Hamas/Gaza?,recency,8,BM25,fixed,exe3/clean-text/US/2023-12-05.txt (exe3/chunked-text/US/chunk_493.txt),36.4959,2023
hard_filter,us,Was the official position in the last quarter of 2023 supportive of Hamas/Gaza?,recency,8,BM25,fixed,exe3/clean-text/US/2023-11-21.txt (exe3/chunked-text/US/chunk_452.txt),35.6149,2023
hard_filter,us,Has the official position in the last quarter of 2023 changed relative to the official position in the last quarter of 2025?,recency,8,BM25,fixed,exe3/clean-text/US/2023-08-15.txt (exe3/chunked-text/US/chunk_147.txt),51.2567,2023
hard_filter,us,Has the official position in the last quarter of 2023 changed relative to the official position in the last quarter of 2025?,recency,8,BM25,fixed,exe3/clean-text/US/2023-12-11.txt (exe3/chunked-text/US/chunk_511.txt),48.3001,2023
hard_filter,us,Has the official position in the last quarter of 2023 changed relative to the official position in the last quarter of 2025?,recency,8,BM25,fixed,exe3/clean-text/US/2023-12-05.txt (exe3/chunked-text/US/chunk_493.txt),42.3958,2023
hard_filter,us,Has the official position in the last quarter of 2023 changed relative to the official position in the last quarter of 2025?,recency,8,BM25,fixed,exe3/clean-text/US/2023-09-30.txt (exe3/chunked-text/US/chunk_276.txt),41.0586,2023
hard_filter,us,Has the official position in the last quarter of 2023 changed relative to the official position in the last quarter of 2025?,recency,8,BM25,fixed,exe3/clean-text/US/2023-10-26.txt (exe3/chunked-text/US/chunk_372.txt),39.1076,2023
hard_filter,us,Has the official position in the last quarter of 2023 changed relative to the official position in the last quarter of 2025?,recency,8,BM25,fixed,exe3/clean-text/US/2023-07-03.txt (exe3/chunked-text/US/chunk_1.txt),38.3233,2023
hard_filter,us,Has the official position in the last quarter of 2023 changed relative to the official position in the last quarter of 2025?,recency,8,BM25,fixed,exe3/clean-text/US/2023-12-22.txt (exe3/chunked-text/US/chunk_558.txt),34.2473,2023
hard_filter,us,Has the official position in the last quarter of 2023 changed relative to the official position in the last quarter of 2025?,recency,8,BM25,fixed,exe3/clean-text/US/2023-07-12.txt (exe3/chunked-text/US/chunk_32.txt),33.5003,2023
hard_filter,us,What is the latest official position regarding legislation on the protection of veterans?,recency,8,BM25,fixed,exe3/clean-text/US/2025-10-20.txt (exe3/chunked-text/US/chunk_2335.txt),70.0235,2025
hard_filter,us,What is the latest official position regarding legislation on the protection of veterans?,recency,8,BM25,fixed,exe3/clean-text/US/2025-10-06.txt (exe3/chunked-text/US/chunk_2302.txt),67.495,2025
hard_filter,us,What is the latest official position regarding legislation on the protection of veterans?,recency,8,BM25,fixed,exe3/clean-text/US/2025-07-28.txt (exe3/chunked-text/US/chunk_2110.txt),66.1392,2025
hard_filter,us,What is the latest official position regarding legislation on the protection of veterans?,recency,8,BM25,fixed,exe3/clean-text/US/2025-10-08.txt (exe3/chunked-text/US/chunk_2309.txt),62.9711,2025
hard_filter,us,What is the latest official position regarding legislation on the protection of veterans?,recency,8,BM25,fixed,exe3/clean-text/US/2025-07-29.txt (exe3/chunked-text/US/chunk_2119.txt),61.9135,2025
hard_filter,us,What is the latest official position regarding legislation on the protection of veterans?,recency,8,BM25,fixed,exe3/clean-text/US/2025-05-19.txt (exe3/chunked-text/US/chunk_1880.txt),58.5913,2025
hard_filter,us,What is the latest official position regarding legislation on the protection of veterans?,recency,8,BM25,fixed,exe3/clean-text/US/2025-10-15.txt (exe3/chunked-text/US/chunk_2324.txt),58.1836,2025
hard_filter,us,What is the latest official position regarding legislation on the protection of veterans?,recency,8,BM25,fixed,exe3/clean-text/US/2025-05-14.txt (exe3/chunked-text/US/chunk_1863.txt),56.0648,2025
hard_filter,us,how did the prime minister/president's rhetoric regarding the war between israel and hamas/gaza change between his first and last speech?,evolution,8,BM25,fixed,exe3/clean-text/US/2024-07-11.txt (exe3/chunked-text/US/chunk_1152.txt),112.3185,2024
hard_filter,us,how did the prime minister/president's rhetoric regarding the war between israel and hamas/gaza change between his first and last speech?,evolution,8,BM25,fixed,exe3/clean-text/US/2024-09-17.txt (exe3/chunked-text/US/chunk_1350.txt),111.0912,2024
hard_filter,us,how did the prime minister/president's rhetoric regarding the war between israel and hamas/gaza change between his first and last speech?,evolution,8,BM25,fixed,exe3/clean-text/US/2023-10-12.txt (exe3/chunked-text/US/chunk_310.txt),94.3371,2023
hard_filter,us,how did the prime minister/president's rhetoric regarding the war between israel and hamas/gaza change between his first and last speech?,evolution,8,BM25,fixed,exe3/clean-text/US/2025-05-05.txt (exe3/chunked-text/US/chunk_1822.txt),89.698,2025
hard_filter,us,how did the prime minister/president's rhetoric regarding the war between israel and hamas/gaza change between his first and last speech?,evolution,8,BM25,fixed,exe3/clean-text/US/2024-09-17.txt (exe3/chunked-text/US/chunk_1351.txt),89.3648,2024
hard_filter,us,how did the prime minister/president's rhetoric regarding the war between israel and hamas/gaza change between his first and last speech?,evolution,8,BM25,fixed,exe3/clean-text/US/2024-07-11.txt (exe3/chunked-text/US/chunk_1151.txt),80.3523,2024
hard_filter,us,how did the prime minister/president's rhetoric regarding the war between israel and hamas/gaza change between his first and last speech?,evolution,8,BM25,fixed,exe3/clean-text/US/2024-09-17.txt (exe3/chunked-text/US/chunk_1349.txt),73.3102,2024
hard_filter,us,how did the prime minister/president's rhetoric regarding the war between israel and hamas/gaza change between his first and last speech?,evolution,8,BM25,fixed,exe3/clean-text/US/2024-08-06.txt (exe3/chunked-text/US/chunk_1220.txt),70.0068,2024
hard_filter,us,How has the approach to the restoration and maintenance of local and community infrastructure changed between late 2023 and late 2024?,evolution,8,BM25,fixed,exe3/clean-text/US/2023-10-26.txt (exe3/chunked-text/US/chunk_376.txt),93.3055,2023
hard_filter,us,How has the approach to the restoration and maintenance of local and community infrastructure changed between late 2023 and late 2024?,evolution,8,BM25,fixed,exe3/clean-text/US/2023-11-29.txt (exe3/chunked-text/US/chunk_470.txt),61.7691,2023
hard_filter,us,How has the approach to the restoration and maintenance of local and community infrastructure changed between late 2023 and late 2024?,evolution,8,BM25,fixed,exe3/clean-text/US/2023-11-27.txt (exe3/chunked-text/US/chunk_458.txt),55.0049,2023
hard_filter,us,How has the approach to the restoration and maintenance of local and community infrastructure changed between late 2023 and late 2024?,evolution,8,BM25,fixed,exe3/clean-text/US/2023-07-26.txt (exe3/chunked-text/US/chunk_97.txt),54.3831,2023
hard_filter,us,How has the approach to the restoration and maintenance of local and community infrastructure changed between late 2023 and late 2024?,evolution,8,BM25,fixed,exe3/clean-text/US/2023-07-10.txt (exe3/chunked-text/US/chunk_18.txt),48.3234,2023
hard_filter,us,How has the approach to the restoration and maintenance of local and community infrastructure changed between late 2023 and late 2024?,evolution,8,BM25,fixed,exe3/clean-text/US/2023-07-13.txt (exe3/chunked-text/US/chunk_40.txt),48.0333,2023
hard_filter,us,How has the approach to the restoration and maintenance of local and community infrastructure changed between late 2023 and late 2024?,evolution,8,BM25,fixed,exe3/clean-text/US/2023-08-18.txt (exe3/chunked-text/US/chunk_153.txt),46.9856,2023
hard_filter,us,How has the approach to the restoration and maintenance of local and community infrastructure changed between late 2023 and late 2024?,evolution,8,BM25,fixed,exe3/clean-text/US/2023-07-12.txt (exe3/chunked-text/US/chunk_33.txt),45.5376,2023
hard_filter,us,who is the minister of defense/secretary of defense?,ambiguity,8,BM25,fixed,exe3/clean-text/US/2024-05-01.txt (exe3/chunked-text/US/chunk_894.txt),54.6958,2024
hard_filter,us,who is the minister of defense/secretary of defense?,ambiguity,8,BM25,fixed,exe3/clean-text/US/2024-12-09.txt (exe3/chunked-text/US/chunk_1627.txt),53.8213,2024
hard_filter,us,who is the minister of defense/secretary of defense?,ambiguity,8,BM25,fixed,exe3/clean-text/US/2025-06-30.txt (exe3/chunked-text/US/chunk_2031.txt),53.6482,2025
hard_filter,us,who is the minister of defense/secretary of defense?,ambiguity,8,BM25,fixed,exe3/clean-text/US/2025-04-03.txt (exe3/chunked-text/US/chunk_1735.txt),52.4933,2025
hard_filter,us,who is the minister of defense/secretary of defense?,ambiguity,8,BM25,fixed,exe3/clean-text/US/2024-04-15.txt (exe3/chunked-text/US/chunk_827.txt),51.8521,2024
hard_filter,us,who is the minister of defense/secretary of defense?,ambiguity,8,BM25,fixed,exe3/clean-text/US/2025-06-25.txt (exe3/chunked-text/US/chunk_2013.txt),51.3064,2025
hard_filter,us,who is the minister of defense/secretary of defense?,ambiguity,8,BM25,fixed,exe3/clean-text/US/2024-06-03.txt (exe3/chunked-text/US/chunk_1010.txt),50.1075,2024
hard_filter,us,who is the minister of defense/secretary of defense?,ambiguity,8,BM25,fixed,exe3/clean-text/US/2023-07-06.txt (exe3/chunked-text/US/chunk_6.txt),49.5959,2023
hard_filter,us,Who holds the position responsible for Rural Development?,ambiguity,8,BM25,fixed,exe3/clean-text/US/2024-02-28.txt (exe3/chunked-text/US/chunk_656.txt),71.7793,2024
hard_filter,us,Who holds the position responsible for Rural Development?,ambiguity,8,BM25,fixed,exe3/clean-text/US/2025-09-03.txt (exe3/chunked-text/US/chunk_2195.txt),71.638,2025
hard_filter,us,Who holds the position responsible for Rural Development?,ambiguity,8,BM25,fixed,exe3/clean-text/US/2024-09-09.txt (exe3/chunked-text/US/chunk_1300.txt),58.5365,2024
hard_filter,us,Who holds the position responsible for Rural Development?,ambiguity,8,BM25,fixed,exe3/clean-text/US/2025-06-17.txt (exe3/chunked-text/US/chunk_1976.txt),56.3726,2025
hard_filter,us,Who holds the position responsible for Rural Development?,ambiguity,8,BM25,fixed,exe3/clean-text/US/2025-10-21.txt (exe3/chunked-text/US/chunk_2339.txt),52.6523,2025
hard_filter,us,Who holds the position responsible for Rural Development?,ambiguity,8,BM25,fixed,exe3/clean-text/US/2025-07-21.txt (exe3/chunked-text/US/chunk_2079.txt),51.4171,2025
hard_filter,us,Who holds the position responsible for Rural Development?,ambiguity,8,BM25,fixed,exe3/clean-text/US/2025-06-17.txt (exe3/chunked-text/US/chunk_1975.txt),48.679,2025
hard_filter,us,Who holds the position responsible for Rural Development?,ambiguity,8,BM25,fixed,exe3/clean-text/US/2025-08-19.txt (exe3/chunked-text/US/chunk_2163.txt),46.5018,2025
hard_filter,us,what was the specific budget allocated to security in 2024?,hard_filter,8,BM25,parentSon,exe3/clean-text/US/2024-12-09.txt (exe3/parent-child-chunked-text/US/children/child_chunk_3606.txt),52.5718,2024
hard_filter,us,what was the specific budget allocated to security in 2024?,hard_filter,8,BM25,parentSon,exe3/clean-text/US/2024-05-15.txt (exe3/parent-child-chunked-text/US/children/child_chunk_2085.txt),44.1125,2024
hard_filter,us,what was the specific budget allocated to security in 2024?,hard_filter,8,BM25,parentSon,exe3/clean-text/US/2024-04-15.txt (exe3/parent-child-chunked-text/US/children/child_chunk_1845.txt),41.3523,2024
hard_filter,us,what was the specific budget allocated to security in 2024?,hard_filter,8,BM25,parentSon,exe3/clean-text/US/2024-04-10.txt (exe3/parent-child-chunked-text/US/children/child_chunk_1789.txt),38.6645,2024
hard_filter,us,what was the specific budget allocated to security in 2024?,hard_filter,8,BM25,parentSon,exe3/clean-text/US/2024-05-20.txt (exe3/parent-child-chunked-text/US/children/child_chunk_2119.txt),38.3923,2024
hard_filter,us,what was the specific budget allocated to security in 2024?,hard_filter,8,BM25,parentSon,exe3/clean-text/US/2024-05-08.txt (exe3/parent-child-chunked-text/US/children/child_chunk_2042.txt),38.0954,2024
hard_filter,us,what was the specific budget allocated to security in 2024?,hard_filter,8,BM25,parentSon,exe3/clean-text/US/2024-05-08.txt (exe3/parent-child-chunked-text/US/children/child_chunk_2037.txt),37.7754,2024
hard_filter,us,what was the specific budget allocated to security in 2024?,hard_filter,8,BM25,parentSon,exe3/clean-text/US/2024-04-10.txt (exe3/parent-child-chunked-text/US/children/child_chunk_1790.txt),37.614,2024
hard_filter,us,What was the specific amount allocated to support the public sector for National Insurance costs in 2025?,hard_filter,8,BM25,parentSon,exe3/clean-text/US/2025-05-20.txt (exe3/parent-child-chunked-text/US/children/child_chunk_4164.txt),60.9587,2025
hard_filter,us,What was the specific amount allocated to support the public sector for National Insurance costs in 2025?,hard_filter,8,BM25,parentSon,exe3/clean-text/US/2025-05-01.txt (exe3/parent-child-chunked-text/US/children/child_chunk_4016.txt),45.5631,2025
hard_filter,us,What was the specific amount allocated to support the public sector for National Insurance costs in 2025?,hard_filter,8,BM25,parentSon,exe3/clean-text/US/2025-06-11.txt (exe3/parent-child-chunked-text/US/children/child_chunk_4335.txt),42.4887,2025
hard_filter,us,What was the specific amount allocated to support the public sector for National Insurance costs in 2025?,hard_filter,8,BM25,parentSon,exe3/clean-text/US/2025-07-02.txt (exe3/parent-child-chunked-text/US/children/child_chunk_4503.txt),41.7424,2025
hard_filter,us,What was the specific amount allocated to support the public sector for National Insurance costs in 2025?,hard_filter,8,BM25,parentSon,exe3/clean-text/US/2025-08-01.txt (exe3/parent-child-chunked-text/US/children/child_chunk_4695.txt),41.185,2025
hard_filter,us,What was the specific amount allocated to support the public sector for National Insurance costs in 2025?,hard_filter,8,BM25,parentSon,exe3/clean-text/US/2025-07-17.txt (exe3/parent-child-chunked-text/US/children/child_chunk_4574.txt),40.5623,2025
hard_filter,us,What was the specific amount allocated to support the public sector for National Insurance costs in 2025?,hard_filter,8,BM25,parentSon,exe3/clean-text/US/2025-07-28.txt (exe3/parent-child-chunked-text/US/children/child_chunk_4652.txt),40.2615,2025
hard_filter,us,What was the specific amount allocated to support the public sector for National Insurance costs in 2025?,hard_filter,8,BM25,parentSon,exe3/clean-text/US/2025-05-05.txt (exe3/parent-child-chunked-text/US/children/child_chunk_4028.txt),38.6261,2025
hard_filter,us,What is the current official position regarding the State of Israel?,recency,8,BM25,parentSon,exe3/clean-text/US/2025-10-20.txt (exe3/parent-child-chunked-text/US/children/child_chunk_5144.txt),64.8501,2025
hard_filter,us,What is the current official position regarding the State of Israel?,recency,8,BM25,parentSon,exe3/clean-text/US/2025-10-06.txt (exe3/parent-child-chunked-text/US/children/child_chunk_5070.txt),63.4179,2025
hard_filter,us,What is the current official position regarding the State of Israel?,recency,8,BM25,parentSon,exe3/clean-text/US/2025-10-08.txt (exe3/parent-child-chunked-text/US/children/child_chunk_5086.txt),61.4679,2025
hard_filter,us,What is the current official position regarding the State of Israel?,recency,8,BM25,parentSon,exe3/clean-text/US/2025-10-15.txt (exe3/parent-child-chunked-text/US/children/child_chunk_5119.txt),61.3227,2025
hard_filter,us,What is the current official position regarding the State of Israel?,recency,8,BM25,parentSon,exe3/clean-text/US/2025-05-05.txt (exe3/parent-child-chunked-text/US/children/child_chunk_4035.txt),46.0577,2025
hard_filter,us,What is the current official position regarding the State of Israel?,recency,8,BM25,parentSon,exe3/clean-text/US/2025-10-15.txt (exe3/parent-child-chunked-text/US/children/child_chunk_5118.txt),44.5856,2025
hard_filter,us,What is the current official position regarding the State of Israel?,recency,8,BM25,parentSon,exe3/clean-text/US/2025-10-20.txt (exe3/parent-child-chunked-text/US/children/child_chunk_5143.txt),42.2067,2025
hard_filter,us,What is the current official position regarding the State of Israel?,recency,8,BM25,parentSon,exe3/clean-text/US/2025-07-23.txt (exe3/parent-child-chunked-text/US/children/child_chunk_4627.txt),42.0683,2025
hard_filter,us,What is the current official position regarding Hamas/Gaza?,recency,8,BM25,parentSon,exe3/clean-text/US/2025-10-06.txt (exe3/parent-child-chunked-text/US/children/child_chunk_5070.txt),63.4179,2025
hard_filter,us,What is the current official position regarding Hamas/Gaza?,recency,8,BM25,parentSon,exe3/clean-text/US/2025-10-20.txt (exe3/parent-child-chunked-text/US/children/child_chunk_5144.txt),62.7869,2025
hard_filter,us,What is the current official position regarding Hamas/Gaza?,recency,8,BM25,parentSon,exe3/clean-text/US/2025-10-08.txt (exe3/parent-child-chunked-text/US/children/child_chunk_5086.txt),59.534,2025
hard_filter,us,What is the current official position regarding Hamas/Gaza?,recency,8,BM25,parentSon,exe3/clean-text/US/2025-10-15.txt (exe3/parent-child-chunked-text/US/children/child_chunk_5119.txt),59.3942,2025
hard_filter,us,What is the current official position regarding Hamas/Gaza?,recency,8,BM25,parentSon,exe3/clean-text/US/2025-05-05.txt (exe3/parent-child-chunked-text/US/children/child_chunk_4035.txt),58.1126,2025
hard_filter,us,What is the current official position regarding Hamas/Gaza?,recency,8,BM25,parentSon,exe3/clean-text/US/2025-05-05.txt (exe3/parent-child-chunked-text/US/children/child_chunk_4034.txt),43.2537,2025
hard_filter,us,What is the current official position regarding Hamas/Gaza?,recency,8,BM25,parentSon,exe3/clean-text/US/2025-10-15.txt (exe3/parent-child-chunked-text/US/children/child_chunk_5118.txt),42.5349,2025
hard_filter,us,What is the current official position regarding Hamas/Gaza?,recency,8,BM25,parentSon,exe3/clean-text/US/2025-07-23.txt (exe3/parent-child-chunked-text/US/children/child_chunk_4627.txt),42.0683,2025
hard_filter,us,Was the official position in the last quarter of 2023 supportive of the State of Israel?,recency,8,BM25,parentSon,exe3/clean-text/US/2023-07-27.txt (exe3/parent-child-chunked-text/US/children/child_chunk_220.txt),85.5388,2023
hard_filter,us,Was the official position in the last quarter of 2023 supportive of the State of Israel?,recency,8,BM25,parentSon,exe3/clean-text/US/2023-11-21.txt (exe3/parent-child-chunked-text/US/children/child_chunk_1013.txt),57.4665,2023
hard_filter,us,Was the official position in the last quarter of 2023 supportive of the State of Israel?,recency,8,BM25,parentSon,exe3/clean-text/US/2023-07-03.txt (exe3/parent-child-chunked-text/US/children/child_chunk_2.txt),56.5026,2023
hard_filter,us,Was the official position in the last quarter of 2023 supportive of the State of Israel?,recency,8,BM25,parentSon,exe3/clean-text/US/2023-12-11.txt (exe3/parent-child-chunked-text/US/children/child_chunk_1143.txt),56.3942,2023
hard_filter,us,Was the official position in the last quarter of 2023 supportive of the State of Israel?,recency,8,BM25,parentSon,exe3/clean-text/US/2023-10-20.txt (exe3/parent-child-chunked-text/US/children/child_chunk_781.txt),54.9974,2023
hard_filter,us,Was the official position in the last quarter of 2023 supportive of the State of Israel?,recency,8,BM25,parentSon,exe3/clean-text/US/2023-12-05.txt (exe3/parent-child-chunked-text/US/children/child_chunk_1100.txt),54.6679,2023
hard_filter,us,Was the official position in the last quarter of 2023 supportive of the State of Israel?,recency,8,BM25,parentSon,exe3/clean-text/US/2023-10-20.txt (exe3/parent-child-chunked-text/US/children/child_chunk_780.txt),53.6834,2023
hard_filter,us,Was the official position in the last quarter of 2023 supportive of the State of Israel?,recency,8,BM25,parentSon,exe3/clean-text/US/2023-12-05.txt (exe3/parent-child-chunked-text/US/children/child_chunk_1099.txt),52.0316,2023
hard_filter,us,Was the official position in the last quarter of 2023 supportive of Hamas/Gaza?,recency,8,BM25,parentSon,exe3/clean-text/US/2023-11-21.txt (exe3/parent-child-chunked-text/US/children/child_chunk_1013.txt),57.4665,2023
hard_filter,us,Was the official position in the last quarter of 2023 supportive of Hamas/Gaza?,recency,8,BM25,parentSon,exe3/clean-text/US/2023-12-11.txt (exe3/parent-child-chunked-text/US/children/child_chunk_1143.txt),56.3942,2023
hard_filter,us,Was the official position in the last quarter of 2023 supportive of Hamas/Gaza?,recency,8,BM25,parentSon,exe3/clean-text/US/2023-07-03.txt (exe3/parent-child-chunked-text/US/children/child_chunk_2.txt),53.4792,2023
hard_filter,us,Was the official position in the last quarter of 2023 supportive of Hamas/Gaza?,recency,8,BM25,parentSon,exe3/clean-text/US/2023-10-12.txt (exe3/parent-child-chunked-text/US/children/child_chunk_692.txt),52.4024,2023
hard_filter,us,Was the official position in the last quarter of 2023 supportive of Hamas/Gaza?,recency,8,BM25,parentSon,exe3/clean-text/US/2023-11-17.txt (exe3/parent-child-chunked-text/US/children/child_chunk_1001.txt),50.9825,2023
hard_filter,us,Was the official position in the last quarter of 2023 supportive of Hamas/Gaza?,recency,8,BM25,parentSon,exe3/clean-text/US/2023-12-05.txt (exe3/parent-child-chunked-text/US/children/child_chunk_1100.txt),50.829,2023
hard_filter,us,Was the official position in the last quarter of 2023 supportive of Hamas/Gaza?,recency,8,BM25,parentSon,exe3/clean-text/US/2023-12-05.txt (exe3/parent-child-chunked-text/US/children/child_chunk_1099.txt),50.1035,2023
hard_filter,us,Was the official position in the last quarter of 2023 supportive of Hamas/Gaza?,recency,8,BM25,parentSon,exe3/clean-text/US/2023-07-12.txt (exe3/parent-child-chunked-text/US/children/child_chunk_65.txt),49.5726,2023
hard_filter,us,Has the official position in the last quarter of 2023 changed relative to the official position in the last quarter of 2025?,recency,8,BM25,parentSon,exe3/clean-text/US/2023-12-11.txt (exe3/parent-child-chunked-text/US/children/child_chunk_1143.txt),63.5145,2023
hard_filter,us,Has the official position in the last quarter of 2023 changed relative to the official position in the last quarter of 2025?,recency,8,BM25,parentSon,exe3/clean-text/US/2023-09-30.txt (exe3/parent-child-chunked-text/US/children/child_chunk_618.txt),61.1007,2023
hard_filter,us,Has the official position in the last quarter of 2023 changed relative to the official position in the last quarter of 2025?,recency,8,BM25,parentSon,exe3/clean-text/US/2023-12-05.txt (exe3/parent-child-chunked-text/US/children/child_chunk_1100.txt),59.2735,2023
hard_filter,us,Has the official position in the last quarter of 2023 changed relative to the official position in the last quarter of 2025?,recency,8,BM25,parentSon,exe3/clean-text/US/2023-07-03.txt (exe3/parent-child-chunked-text/US/children/child_chunk_2.txt),58.9384,2023
hard_filter,us,Has the official position in the last quarter of 2023 changed relative to the official position in the last quarter of 2025?,recency,8,BM25,parentSon,exe3/clean-text/US/2023-12-05.txt (exe3/parent-child-chunked-text/US/children/child_chunk_1099.txt),58.4274,2023
hard_filter,us,Has the official position in the last quarter of 2023 changed relative to the official position in the last quarter of 2025?,recency,8,BM25,parentSon,exe3/clean-text/US/2023-10-12.txt (exe3/parent-child-chunked-text/US/children/child_chunk_685.txt),52.8603,2023
hard_filter,us,Has the official position in the last quarter of 2023 changed relative to the official position in the last quarter of 2025?,recency,8,BM25,parentSon,exe3/clean-text/US/2023-12-22.txt (exe3/parent-child-chunked-text/US/children/child_chunk_1249.txt),51.8233,2023
hard_filter,us,Has the official position in the last quarter of 2023 changed relative to the official position in the last quarter of 2025?,recency,8,BM25,parentSon,exe3/clean-text/US/2023-10-10.txt (exe3/parent-child-chunked-text/US/children/child_chunk_661.txt),45.696,2023
hard_filter,us,What is the latest official position regarding legislation on the protection of veterans?,recency,8,BM25,parentSon,exe3/clean-text/US/2025-10-20.txt (exe3/parent-child-chunked-text/US/children/child_chunk_5144.txt),79.6034,2025
hard_filter,us,What is the latest official position regarding legislation on the protection of veterans?,recency,8,BM25,parentSon,exe3/clean-text/US/2025-10-08.txt (exe3/parent-child-chunked-text/US/children/child_chunk_5086.txt),75.2934,2025
hard_filter,us,What is the latest official position regarding legislation on the protection of veterans?,recency,8,BM25,parentSon,exe3/clean-text/US/2025-10-15.txt (exe3/parent-child-chunked-text/US/children/child_chunk_5119.txt),75.1087,2025
hard_filter,us,What is the latest official position regarding legislation on the protection of veterans?,recency,8,BM25,parentSon,exe3/clean-text/US/2025-05-19.txt (exe3/parent-child-chunked-text/US/children/child_chunk_4160.txt),74.1002,2025
hard_filter,us,What is the latest official position regarding legislation on the protection of veterans?,recency,8,BM25,parentSon,exe3/clean-text/US/2024-03-26.txt (exe3/parent-child-chunked-text/US/children/child_chunk_1695.txt),73.0223,2024
hard_filter,us,What is the latest official position regarding legislation on the protection of veterans?,recency,8,BM25,parentSon,exe3/clean-text/US/2024-04-15.txt (exe3/parent-child-chunked-text/US/children/child_chunk_1847.txt),72.4777,2024
hard_filter,us,What is the latest official position regarding legislation on the protection of veterans?,recency,8,BM25,parentSon,exe3/clean-text/US/2025-05-14.txt (exe3/parent-child-chunked-text/US/children/child_chunk_4124.txt),71.8945,2025
hard_filter,us,What is the latest official position regarding legislation on the protection of veterans?,recency,8,BM25,parentSon,exe3/clean-text/US/2025-07-28.txt (exe3/parent-child-chunked-text/US/children/child_chunk_4658.txt),71.0907,2025
hard_filter,us,how did the prime minister/president's rhetoric regarding the war between israel and hamas/gaza change between his first and last speech?,evolution,8,BM25,parentSon,exe3/clean-text/US/2024-09-17.txt (exe3/parent-child-chunked-text/US/children/child_chunk_2988.txt),138.8866,2024
hard_filter,us,how did the prime minister/president's rhetoric regarding the war between israel and hamas/gaza change between his first and last speech?,evolution,8,BM25,parentSon,exe3/clean-text/US/2024-09-17.txt (exe3/parent-child-chunked-text/US/children/child_chunk_2989.txt),118.1487,2024
hard_filter,us,how did the prime minister/president's rhetoric regarding the war between israel and hamas/gaza change between his first and last speech?,evolution,8,BM25,parentSon,exe3/clean-text/US/2024-07-11.txt (exe3/parent-child-chunked-text/US/children/child_chunk_2563.txt),114.9837,2024
hard_filter,us,how did the prime minister/president's rhetoric regarding the war between israel and hamas/gaza change between his first and last speech?,evolution,8,BM25,parentSon,exe3/clean-text/US/2024-07-11.txt (exe3/parent-child-chunked-text/US/children/child_chunk_2562.txt),106.1456,2024
hard_filter,us,how did the prime minister/president's rhetoric regarding the war between israel and hamas/gaza change between his first and last speech?,evolution,8,BM25,parentSon,exe3/clean-text/US/2024-09-17.txt (exe3/parent-child-chunked-text/US/children/child_chunk_2990.txt),97.209,2024
hard_filter,us,how did the prime minister/president's rhetoric regarding the war between israel and hamas/gaza change between his first and last speech?,evolution,8,BM25,parentSon,exe3/clean-text/US/2025-05-05.txt (exe3/parent-child-chunked-text/US/children/child_chunk_4034.txt),93.1793,2025
hard_filter,us,how did the prime minister/president's rhetoric regarding the war between israel and hamas/gaza change between his first and last speech?,evolution,8,BM25,parentSon,exe3/clean-text/US/2024-08-06.txt (exe3/parent-child-chunked-text/US/children/child_chunk_2706.txt),91.2501,2024
hard_filter,us,how did the prime minister/president's rhetoric regarding the war between israel and hamas/gaza change between his first and last speech?,evolution,8,BM25,parentSon,exe3/clean-text/US/2024-09-17.txt (exe3/parent-child-chunked-text/US/children/child_chunk_2987.txt),91.1316,2024
hard_filter,us,How has the approach to the restoration and maintenance of local and community infrastructure changed between late 2023 and late 2024?,evolution,8,BM25,parentSon,exe3/clean-text/US/2023-10-26.txt (exe3/parent-child-chunked-text/US/children/child_chunk_841.txt),95.4124,2023
hard_filter,us,How has the approach to the restoration and maintenance of local and community infrastructure changed between late 2023 and late 2024?,evolution,8,BM25,parentSon,exe3/clean-text/US/2023-10-26.txt (exe3/parent-child-chunked-text/US/children/child_chunk_840.txt),89.2565,2023
hard_filter,us,How has the approach to the restoration and maintenance of local and community infrastructure changed between late 2023 and late 2024?,evolution,8,BM25,parentSon,exe3/clean-text/US/2023-09-30.txt (exe3/parent-child-chunked-text/US/children/child_chunk_618.txt),68.7997,2023
hard_filter,us,How has the approach to the restoration and maintenance of local and community infrastructure changed between late 2023 and late 2024?,evolution,8,BM25,parentSon,exe3/clean-text/US/2023-09-13.txt (exe3/parent-child-chunked-text/US/children/child_chunk_464.txt),65.7178,2023
hard_filter,us,How has the approach to the restoration and maintenance of local and community infrastructure changed between late 2023 and late 2024?,evolution,8,BM25,parentSon,exe3/clean-text/US/2023-11-29.txt (exe3/parent-child-chunked-text/US/children/child_chunk_1053.txt),64.8192,2023
hard_filter,us,How has the approach to the restoration and maintenance of local and community infrastructure changed between late 2023 and late 2024?,evolution,8,BM25,parentSon,exe3/clean-text/US/2023-10-18.txt (exe3/parent-child-chunked-text/US/children/child_chunk_751.txt),58.3388,2023
hard_filter,us,How has the approach to the restoration and maintenance of local and community infrastructure changed between late 2023 and late 2024?,evolution,8,BM25,parentSon,exe3/clean-text/US/2023-07-12.txt (exe3/parent-child-chunked-text/US/children/child_chunk_76.txt),57.9488,2023
hard_filter,us,How has the approach to the restoration and maintenance of local and community infrastructure changed between late 2023 and late 2024?,evolution,8,BM25,parentSon,exe3/clean-text/US/2023-11-27.txt (exe3/parent-child-chunked-text/US/children/child_chunk_1027.txt),57.6849,2023
hard_filter,us,who is the minister of defense/secretary of defense?,ambiguity,8,BM25,parentSon,exe3/clean-text/US/2024-04-15.txt (exe3/parent-child-chunked-text/US/children/child_chunk_1849.txt),74.1642,2024
hard_filter,us,who is the minister of defense/secretary of defense?,ambiguity,8,BM25,parentSon,exe3/clean-text/US/2024-12-09.txt (exe3/parent-child-chunked-text/US/children/child_chunk_3606.txt),73.1761,2024
hard_filter,us,who is the minister of defense/secretary of defense?,ambiguity,8,BM25,parentSon,exe3/clean-text/US/2024-05-01.txt (exe3/parent-child-chunked-text/US/children/child_chunk_1990.txt),71.8049,2024
hard_filter,us,who is the minister of defense/secretary of defense?,ambiguity,8,BM25,parentSon,exe3/clean-text/US/2025-06-25.txt (exe3/parent-child-chunked-text/US/children/child_chunk_4446.txt),68.9706,2025
hard_filter,us,who is the minister of defense/secretary of defense?,ambiguity,8,BM25,parentSon,exe3/clean-text/US/2025-06-30.txt (exe3/parent-child-chunked-text/US/children/child_chunk_4486.txt),68.9312,2025
hard_filter,us,who is the minister of defense/secretary of defense?,ambiguity,8,BM25,parentSon,exe3/clean-text/US/2023-07-06.txt (exe3/parent-child-chunked-text/US/children/child_chunk_13.txt),68.3512,2023
hard_filter,us,who is the minister of defense/secretary of defense?,ambiguity,8,BM25,parentSon,exe3/clean-text/US/2025-05-07.txt (exe3/parent-child-chunked-text/US/children/child_chunk_4059.txt),68.318,2025
hard_filter,us,who is the minister of defense/secretary of defense?,ambiguity,8,BM25,parentSon,exe3/clean-text/US/2025-04-03.txt (exe3/parent-child-chunked-text/US/children/child_chunk_3842.txt),68.22,2025
hard_filter,us,Who holds the position responsible for Rural Development?,ambiguity,8,BM25,parentSon,exe3/clean-text/US/2025-06-17.txt (exe3/parent-child-chunked-text/US/children/child_chunk_4366.txt),80.7195,2025
hard_filter,us,Who holds the position responsible for Rural Development?,ambiguity,8,BM25,parentSon,exe3/clean-text/US/2024-09-09.txt (exe3/parent-child-chunked-text/US/children/child_chunk_2876.txt),75.9339,2024
hard_filter,us,Who holds the position responsible for Rural Development?,ambiguity,8,BM25,parentSon,exe3/clean-text/US/2024-02-28.txt (exe3/parent-child-chunked-text/US/children/child_chunk_1464.txt),74.2007,2024
hard_filter,us,Who holds the position responsible for Rural Development?,ambiguity,8,BM25,parentSon,exe3/clean-text/US/2025-09-03.txt (exe3/parent-child-chunked-text/US/children/child_chunk_4838.txt),72.8812,2025
hard_filter,us,Who holds the position responsible for Rural Development?,ambiguity,8,BM25,parentSon,exe3/clean-text/US/2025-10-21.txt (exe3/parent-child-chunked-text/US/children/child_chunk_5152.txt),71.8089,2025
hard_filter,us,Who holds the position responsible for Rural Development?,ambiguity,8,BM25,parentSon,exe3/clean-text/US/2025-05-08.txt (exe3/parent-child-chunked-text/US/children/child_chunk_4083.txt),65.7181,2025
hard_filter,us,Who holds the position responsible for Rural Development?,ambiguity,8,BM25,parentSon,exe3/clean-text/US/2025-07-02.txt (exe3/parent-child-chunked-text/US/children/child_chunk_4492.txt),62.3777,2025
hard_filter,us,Who holds the position responsible for Rural Development?,ambiguity,8,BM25,parentSon,exe3/clean-text/US/2024-02-28.txt (exe3/parent-child-chunked-text/US/children/child_chunk_1465.txt),62.2297,2024
soft_decay,uk,what was the specific budget allocated to security in 2024?,hard_filter,3,DENSE,fixed,exe3/clean-text/UK/debates2025-07-15.txt (exe3/chunked-text/UK/chunk_8482.txt),0.8991,2025
soft_decay,uk,what was the specific budget allocated to security in 2024?,hard_filter,3,DENSE,fixed,exe3/clean-text/UK/debates2024-10-30.txt (exe3/chunked-text/UK/chunk_4683.txt),0.899,2024
soft_decay,uk,what was the specific budget allocated to security in 2024?,hard_filter,3,DENSE,fixed,exe3/clean-text/UK/debates2025-01-06.txt (exe3/chunked-text/UK/chunk_5538.txt),0.8977,2025
soft_decay,uk,What was the specific amount allocated to support the public sector for National Insurance costs in 2025?,hard_filter,3,DENSE,fixed,exe3/clean-text/UK/debates2025-10-29.txt (exe3/chunked-text/UK/chunk_9168.txt),0.7138,2025
soft_decay,uk,What was the specific amount allocated to support the public sector for National Insurance costs in 2025?,hard_filter,3,DENSE,fixed,exe3/clean-text/UK/debates2025-10-30.txt (exe3/chunked-text/UK/chunk_9201.txt),0.7123,2025
soft_decay,uk,What was the specific amount allocated to support the public sector for National Insurance costs in 2025?,hard_filter,3,DENSE,fixed,exe3/clean-text/UK/debates2025-10-30.txt (exe3/chunked-text/UK/chunk_9190.txt),0.7087,2025
soft_decay,uk,What is the current official position regarding the State of Israel?,recency,3,DENSE,fixed,exe3/clean-text/UK/debates2025-10-29.txt (exe3/chunked-text/UK/chunk_9180.txt),0.748,2025
soft_decay,uk,What is the current official position regarding the State of Israel?,recency,3,DENSE,fixed,exe3/clean-text/UK/debates2025-10-29.txt (exe3/chunked-text/UK/chunk_9179.txt),0.7439,2025
soft_decay,uk,What is the current official position regarding the State of Israel?,recency,3,DENSE,fixed,exe3/clean-text/UK/debates2025-10-29.txt (exe3/chunked-text/UK/chunk_9176.txt),0.7432,2025
soft_decay,uk,What is the current official position regarding Hamas/Gaza?,recency,3,DENSE,fixed,exe3/clean-text/UK/debates2025-10-29.txt (exe3/chunked-text/UK/chunk_9174.txt),0.7776,2025
soft_decay,uk,What is the current official position regarding Hamas/Gaza?,recency,3,DENSE,fixed,exe3/clean-text/UK/debates2025-10-29.txt (exe3/chunked-text/UK/chunk_9173.txt),0.7765,2025
soft_decay,uk,What is the current official position regarding Hamas/Gaza?,recency,3,DENSE,fixed,exe3/clean-text/UK/debates2025-10-29.txt (exe3/chunked-text/UK/chunk_9180.txt),0.7733,2025
soft_decay,uk,Was the official position in the last quarter of 2023 supportive of the State of Israel?,recency,3,DENSE,fixed,exe3/clean-text/UK/debates2024-07-30.txt (exe3/chunked-text/UK/chunk_4029.txt),0.8935,2024
soft_decay,uk,Was the official position in the last quarter of 2023 supportive of the State of Israel?,recency,3,DENSE,fixed,exe3/clean-text/UK/debates2025-02-25.txt (exe3/chunked-text/UK/chunk_6279.txt),0.8907,2025
soft_decay,uk,Was the official position in the last quarter of 2023 supportive of the State of Israel?,recency,3,DENSE,fixed,exe3/clean-text/UK/debates2025-05-13.txt (exe3/chunked-text/UK/chunk_7441.txt),0.8899,2025
soft_decay,uk,Was the official position in the last quarter of 2023 supportive of Hamas/Gaza?,recency,3,DENSE,fixed,exe3/clean-text/UK/debates2025-02-25.txt (exe3/chunked-text/UK/chunk_6279.txt),0.9049,2025
soft_decay,uk,Was the official position in the last quarter of 2023 supportive of Hamas/Gaza?,recency,3,DENSE,fixed,exe3/clean-text/UK/debates2025-09-02.txt (exe3/chunked-text/UK/chunk_8639.txt),0.9039,2025
soft_decay,uk,Was the official position in the last quarter of 2023 supportive of Hamas/Gaza?,recency,3,DENSE,fixed,exe3/clean-text/UK/debates2024-04-29.txt (exe3/chunked-text/UK/chunk_3296.txt),0.9027,2024
soft_decay,uk,Has the official position in the last quarter of 2023 changed relative to the official position in the last quarter of 2025?,recency,3,DENSE,fixed,exe3/clean-text/UK/debates2025-05-22.txt (exe3/chunked-text/UK/chunk_7640.txt),0.8999,2025
soft_decay,uk,Has the official position in the last quarter of 2023 changed relative to the official position in the last quarter of 2025?,recency,3,DENSE,fixed,exe3/clean-text/UK/debates2024-05-08.txt (exe3/chunked-text/UK/chunk_3414.txt),0.8995,2024
soft_decay,uk,Has the official position in the last quarter of 2023 changed relative to the official position in the last quarter of 2025?,recency,3,DENSE,fixed,exe3/clean-text/UK/debates2024-01-08.txt (exe3/chunked-text/UK/chunk_1639.txt),0.899,2024
soft_decay,uk,What is the latest official position regarding legislation on the protection of veterans?,recency,3,DENSE,fixed,exe3/clean-text/UK/debates2025-10-15.txt (exe3/chunked-text/UK/chunk_8936.txt),0.7491,2025
soft_decay,uk,What is the latest official position regarding legislation on the protection of veterans?,recency,3,DENSE,fixed,exe3/clean-text/UK/debates2025-10-15.txt (exe3/chunked-text/UK/chunk_8939.txt),0.749,2025
soft_decay,uk,What is the latest official position regarding legislation on the protection of veterans?,recency,3,DENSE,fixed,exe3/clean-text/UK/debates2025-10-27.txt (exe3/chunked-text/UK/chunk_9102.txt),0.7357,2025
soft_decay,uk,how did the prime minister/president's rhetoric regarding the war between israel and hamas/gaza change between his first and last speech?,evolution,3,DENSE,fixed,exe3/clean-text/UK/debates2025-10-29.txt (exe3/chunked-text/UK/chunk_9179.txt),0.8677,2025
soft_decay,uk,how did the prime minister/president's rhetoric regarding the war between israel and hamas/gaza change between his first and last speech?,evolution,3,DENSE,fixed,exe3/clean-text/UK/debates2025-10-29.txt (exe3/chunked-text/UK/chunk_9180.txt),0.8673,2025
soft_decay,uk,how did the prime minister/president's rhetoric regarding the war between israel and hamas/gaza change between his first and last speech?,evolution,3,DENSE,fixed,exe3/clean-text/UK/debates2025-10-29.txt (exe3/chunked-text/UK/chunk_9176.txt),0.8665,2025
soft_decay,uk,How has the approach to the restoration and maintenance of local and community infrastructure changed between late 2023 and late 2024?,evolution,3,DENSE,fixed,exe3/clean-text/UK/debates2024-04-26.txt (exe3/chunked-text/UK/chunk_3269.txt),0.9025,2024
soft_decay,uk,How has the approach to the restoration and maintenance of local and community infrastructure changed between late 2023 and late 2024?,evolution,3,DENSE,fixed,exe3/clean-text/UK/debates2024-01-17.txt (exe3/chunked-text/UK/chunk_1808.txt),0.9014,2024
soft_decay,uk,How has the approach to the restoration and maintenance of local and community infrastructure changed between late 2023 and late 2024?,evolution,3,DENSE,fixed,exe3/clean-text/UK/debates2024-01-25.txt (exe3/chunked-text/UK/chunk_1971.txt),0.9009,2024
soft_decay,uk,who is the minister of defense/secretary of defense?,ambiguity,3,DENSE,fixed,exe3/clean-text/UK/debates2025-10-28.txt (exe3/chunked-text/UK/chunk_9145.txt),0.8345,2025
soft_decay,uk,who is the minister of defense/secretary of defense?,ambiguity,3,DENSE,fixed,exe3/clean-text/UK/debates2025-10-28.txt (exe3/chunked-text/UK/chunk_9144.txt),0.8334,2025
soft_decay,uk,who is the minister of defense/secretary of defense?,ambiguity,3,DENSE,fixed,exe3/clean-text/UK/debates2025-10-30.txt (exe3/chunked-text/UK/chunk_9198.txt),0.8325,2025
soft_decay,uk,Who holds the position responsible for Rural Development?,ambiguity,3,DENSE,fixed,exe3/clean-text/UK/debates2025-10-30.txt (exe3/chunked-text/UK/chunk_9187.txt),0.8144,2025
soft_decay,uk,Who holds the position responsible for Rural Development?,ambiguity,3,DENSE,fixed,exe3/clean-text/UK/debates2025-10-30.txt (exe3/chunked-text/UK/chunk_9186.txt),0.8068,2025
soft_decay,uk,Who holds the position responsible for Rural Development?,ambiguity,3,DENSE,fixed,exe3/clean-text/UK/debates2025-10-30.txt (exe3/chunked-text/UK/chunk_9197.txt),0.8045,2025
soft_decay,uk,what was the specific budget allocated to security in 2024?,hard_filter,3,DENSE,parentSon,exe3/clean-text/UK/debates2024-10-23.txt (exe3/parent-child-chunked-text/UK/children/child_chunk_10740.txt),0.8993,2024
soft_decay,uk,what was the specific budget allocated to security in 2024?,hard_filter,3,DENSE,parentSon,exe3/clean-text/UK/debates2025-09-08.txt (exe3/parent-child-chunked-text/UK/children/child_chunk_20579.txt),0.8959,2025
soft_decay,uk,what was the specific budget allocated to security in 2024?,hard_filter,3,DENSE,parentSon,exe3/clean-text/UK/debates2025-03-12.txt (exe3/parent-child-chunked-text/UK/children/child_chunk_15465.txt),0.8939,2025
soft_decay,uk,What was the specific amount allocated to support the public sector for National Insurance costs in 2025?,hard_filter,3,DENSE,parentSon,exe3/clean-text/UK/debates2025-10-29.txt (exe3/parent-child-chunked-text/UK/children/child_chunk_21655.txt),0.7149,2025
soft_decay,uk,What was the specific amount allocated to support the public sector for National Insurance costs in 2025?,hard_filter,3,DENSE,parentSon,exe3/clean-text/UK/debates2025-10-23.txt (exe3/parent-child-chunked-text/UK/children/child_chunk_21463.txt),0.7068,2025
soft_decay,uk,What was the specific amount allocated to support the public sector for National Insurance costs in 2025?,hard_filter,3,DENSE,parentSon,exe3/clean-text/UK/debates2025-10-22.txt (exe3/parent-child-chunked-text/UK/children/child_chunk_21367.txt),0.7059,2025
soft_decay,uk,What is the current official position regarding the State of Israel?,recency,3,DENSE,parentSon,exe3/clean-text/UK/debates2025-10-28.txt (exe3/parent-child-chunked-text/UK/children/child_chunk_21572.txt),0.7449,2025
soft_decay,uk,What is the current official position regarding the State of Israel?,recency,3,DENSE,parentSon,exe3/clean-text/UK/debates2025-10-29.txt (exe3/parent-child-chunked-text/UK/children/child_chunk_21681.txt),0.7433,2025
soft_decay,uk,What is the current official position regarding the State of Israel?,recency,3,DENSE,parentSon,exe3/clean-text/UK/debates2025-10-29.txt (exe3/parent-child-chunked-text/UK/children/child_chunk_21682.txt),0.7422,2025
soft_decay,uk,What is the current official position regarding Hamas/Gaza?,recency,3,DENSE,parentSon,exe3/clean-text/UK/debates2025-10-29.txt (exe3/parent-child-chunked-text/UK/children/child_chunk_21667.txt),0.7737,2025
soft_decay,uk,What is the current official position regarding Hamas/Gaza?,recency,3,DENSE,parentSon,exe3/clean-text/UK/debates2025-10-29.txt (exe3/parent-child-chunked-text/UK/children/child_chunk_21668.txt),0.7697,2025
soft_decay,uk,What is the current official position regarding Hamas/Gaza?,recency,3,DENSE,parentSon,exe3/clean-text/UK/debates2025-10-29.txt (exe3/parent-child-chunked-text/UK/children/child_chunk_21675.txt),0.7684,2025
soft_decay,uk,Was the official position in the last quarter of 2023 supportive of the State of Israel?,recency,3,DENSE,parentSon,exe3/clean-text/UK/debates2024-07-30.txt (exe3/parent-child-chunked-text/UK/children/child_chunk_9502.txt),0.8887,2024
soft_decay,uk,Was the official position in the last quarter of 2023 supportive of the State of Israel?,recency,3,DENSE,parentSon,exe3/clean-text/UK/debates2024-05-20.txt (exe3/parent-child-chunked-text/UK/children/child_chunk_8519.txt),0.8871,2024
soft_decay,uk,Was the official position in the last quarter of 2023 supportive of the State of Israel?,recency,3,DENSE,parentSon,exe3/clean-text/UK/debates2024-07-30.txt (exe3/parent-child-chunked-text/UK/children/child_chunk_9503.txt),0.8868,2024
soft_decay,uk,Was the official position in the last quarter of 2023 supportive of Hamas/Gaza?,recency,3,DENSE,parentSon,exe3/clean-text/UK/debates2025-04-01.txt (exe3/parent-child-chunked-text/UK/children/child_chunk_16387.txt),0.9012,2025
soft_decay,uk,Was the official position in the last quarter of 2023 supportive of Hamas/Gaza?,recency,3,DENSE,parentSon,exe3/clean-text/UK/debates2025-09-02.txt (exe3/parent-child-chunked-text/UK/children/child_chunk_20397.txt),0.8995,2025
soft_decay,uk,Was the official position in the last quarter of 2023 supportive of Hamas/Gaza?,recency,3,DENSE,parentSon,exe3/clean-text/UK/debates2024-05-20.txt (exe3/parent-child-chunked-text/UK/children/child_chunk_8519.txt),0.898,2024
soft_decay,uk,Has the official position in the last quarter of 2023 changed relative to the official position in the last quarter of 2025?,recency,3,DENSE,parentSon,exe3/clean-text/UK/debates2024-01-08.txt (exe3/parent-child-chunked-text/UK/children/child_chunk_3836.txt),0.8999,2024
soft_decay,uk,Has the official position in the last quarter of 2023 changed relative to the official position in the last quarter of 2025?,recency,3,DENSE,parentSon,exe3/clean-text/UK/debates2024-05-08.txt (exe3/parent-child-chunked-text/UK/children/child_chunk_8044.txt),0.8949,2024
soft_decay,uk,Has the official position in the last quarter of 2023 changed relative to the official position in the last quarter of 2025?,recency,3,DENSE,parentSon,exe3/clean-text/UK/debates2025-10-23.txt (exe3/parent-child-chunked-text/UK/children/child_chunk_21452.txt),0.8944,2025
soft_decay,uk,What is the latest official position regarding legislation on the protection of veterans?,recency,3,DENSE,parentSon,exe3/clean-text/UK/debates2025-10-15.txt (exe3/parent-child-chunked-text/UK/children/child_chunk_21109.txt),0.7504,2025
soft_decay,uk,What is the latest official position regarding legislation on the protection of veterans?,recency,3,DENSE,parentSon,exe3/clean-text/UK/debates2025-10-15.txt (exe3/parent-child-chunked-text/UK/children/child_chunk_21103.txt),0.7389,2025
soft_decay,uk,What is the latest official position regarding legislation on the protection of veterans?,recency,3,DENSE,parentSon,exe3/clean-text/UK/debates2025-10-15.txt (exe3/parent-child-chunked-text/UK/children/child_chunk_21110.txt),0.7353,2025
soft_decay,uk,how did the prime minister/president's rhetoric regarding the war between israel and hamas/gaza change between his first and last speech?,evolution,3,DENSE,parentSon,exe3/clean-text/UK/debates2025-10-29.txt (exe3/parent-child-chunked-text/UK/children/child_chunk_21666.txt),0.8613,2025
soft_decay,uk,how did the prime minister/president's rhetoric regarding the war between israel and hamas/gaza change between his first and last speech?,evolution,3,DENSE,parentSon,exe3/clean-text/UK/debates2025-10-29.txt (exe3/parent-child-chunked-text/UK/children/child_chunk_21678.txt),0.8609,2025
soft_decay,uk,how did the prime minister/president's rhetoric regarding the war between israel and hamas/gaza change between his first and last speech?,evolution,3,DENSE,parentSon,exe3/clean-text/UK/debates2025-10-29.txt (exe3/parent-child-chunked-text/UK/children/child_chunk_21682.txt),0.86,2025
soft_decay,uk,How has the approach to the restoration and maintenance of local and community infrastructure changed between late 2023 and late 2024?,evolution,3,DENSE,parentSon,exe3/clean-text/UK/debates2025-02-26.txt (exe3/parent-child-chunked-text/UK/children/child_chunk_14883.txt),0.901,2025
soft_decay,uk,How has the approach to the restoration and maintenance of local and community infrastructure changed between late 2023 and late 2024?,evolution,3,DENSE,parentSon,exe3/clean-text/UK/debates2024-04-26.txt (exe3/parent-child-chunked-text/UK/children/child_chunk_7708.txt),0.8989,2024
soft_decay,uk,How has the approach to the restoration and maintenance of local and community infrastructure changed between late 2023 and late 2024?,evolution,3,DENSE,parentSon,exe3/clean-text/UK/debates2024-01-22.txt (exe3/parent-child-chunked-text/UK/children/child_chunk_4458.txt),0.8976,2024
soft_decay,uk,who is the minister of defense/secretary of defense?,ambiguity,3,DENSE,parentSon,exe3/clean-text/UK/debates2025-10-28.txt (exe3/parent-child-chunked-text/UK/children/child_chunk_21590.txt),0.8354,2025
soft_decay,uk,who is the minister of defense/secretary of defense?,ambiguity,3,DENSE,parentSon,exe3/clean-text/UK/debates2025-10-30.txt (exe3/parent-child-chunked-text/UK/children/child_chunk_21722.txt),0.8321,2025
soft_decay,uk,who is the minister of defense/secretary of defense?,ambiguity,3,DENSE,parentSon,exe3/clean-text/UK/debates2025-10-30.txt (exe3/parent-child-chunked-text/UK/children/child_chunk_21750.txt),0.8278,2025
soft_decay,uk,Who holds the position responsible for Rural Development?,ambiguity,3,DENSE,parentSon,exe3/clean-text/UK/debates2025-10-30.txt (exe3/parent-child-chunked-text/UK/children/child_chunk_21697.txt),0.8075,2025
soft_decay,uk,Who holds the position responsible for Rural Development?,ambiguity,3,DENSE,parentSon,exe3/clean-text/UK/debates2025-10-30.txt (exe3/parent-child-chunked-text/UK/children/child_chunk_21694.txt),0.8015,2025
soft_decay,uk,Who holds the position responsible for Rural Development?,ambiguity,3,DENSE,parentSon,exe3/clean-text/UK/debates2025-10-30.txt (exe3/parent-child-chunked-text/UK/children/child_chunk_21693.txt),0.799,2025
soft_decay,uk,what was the specific budget allocated to security in 2024?,hard_filter,3,BM25,fixed,exe3/clean-text/UK/debates2024-11-04.txt (exe3/chunked-text/UK/chunk_4734.txt),40.5158,2024
soft_decay,uk,what was the specific budget allocated to security in 2024?,hard_filter,3,BM25,fixed,exe3/clean-text/UK/debates2025-07-16.txt (exe3/chunked-text/UK/chunk_8495.txt),36.9013,2025
soft_decay,uk,what was the specific budget allocated to security in 2024?,hard_filter,3,BM25,fixed,exe3/clean-text/UK/debates2025-03-04.txt (exe3/chunked-text/UK/chunk_6393.txt),36.5881,2025
soft_decay,uk,What was the specific amount allocated to support the public sector for National Insurance costs in 2025?,hard_filter,3,BM25,fixed,exe3/clean-text/UK/debates2025-03-04.txt (exe3/chunked-text/UK/chunk_6393.txt),67.936,2025
soft_decay,uk,What was the specific amount allocated to support the public sector for National Insurance costs in 2025?,hard_filter,3,BM25,fixed,exe3/clean-text/UK/debates2024-11-14.txt (exe3/chunked-text/UK/chunk_4906.txt),61.8424,2024
soft_decay,uk,What was the specific amount allocated to support the public sector for National Insurance costs in 2025?,hard_filter,3,BM25,fixed,exe3/clean-text/UK/debates2024-12-03.txt (exe3/chunked-text/UK/chunk_5189.txt),57.7887,2024
soft_decay,uk,What is the current official position regarding the State of Israel?,recency,3,BM25,fixed,exe3/clean-text/UK/debates2024-02-01.txt (exe3/chunked-text/UK/chunk_2116.txt),47.3326,2024
soft_decay,uk,What is the current official position regarding the State of Israel?,recency,3,BM25,fixed,exe3/clean-text/UK/debates2025-01-07.txt (exe3/chunked-text/UK/chunk_5571.txt),40.9241,2025
soft_decay,uk,What is the current official position regarding the State of Israel?,recency,3,BM25,fixed,exe3/clean-text/UK/debates2025-10-29.txt (exe3/chunked-text/UK/chunk_9174.txt),40.9179,2025
soft_decay,uk,What is the current official position regarding Hamas/Gaza?,recency,3,BM25,fixed,exe3/clean-text/UK/debates2025-10-29.txt (exe3/chunked-text/UK/chunk_9174.txt),70.0837,2025
soft_decay,uk,What is the current official position regarding Hamas/Gaza?,recency,3,BM25,fixed,exe3/clean-text/UK/debates2023-12-11.txt (exe3/chunked-text/UK/chunk_1476.txt),60.1443,2023
soft_decay,uk,What is the current official position regarding Hamas/Gaza?,recency,3,BM25,fixed,exe3/clean-text/UK/debates2024-05-07.txt (exe3/chunked-text/UK/chunk_3404.txt),59.078,2024
soft_decay,uk,Was the official position in the last quarter of 2023 supportive of the State of Israel?,recency,3,BM25,fixed,exe3/clean-text/UK/debates2024-03-26.txt (exe3/chunked-text/UK/chunk_2989.txt),51.4468,2024
soft_decay,uk,Was the official position in the last quarter of 2023 supportive of the State of Israel?,recency,3,BM25,fixed,exe3/clean-text/UK/debates2025-05-13.txt (exe3/chunked-text/UK/chunk_7427.txt),50.773,2025
soft_decay,uk,Was the official position in the last quarter of 2023 supportive of the State of Israel?,recency,3,BM25,fixed,exe3/clean-text/UK/debates2024-03-07.txt (exe3/chunked-text/UK/chunk_2647.txt),49.4704,2024
soft_decay,uk,Was the official position in the last quarter of 2023 supportive of Hamas/Gaza?,recency,3,BM25,fixed,exe3/clean-text/UK/debates2025-05-13.txt (exe3/chunked-text/UK/chunk_7427.txt),67.7873,2025
soft_decay,uk,Was the official position in the last quarter of 2023 supportive of Hamas/Gaza?,recency,3,BM25,fixed,exe3/clean-text/UK/debates2023-12-04.txt (exe3/chunked-text/UK/chunk_1365.txt),65.3846,2023
soft_decay,uk,Was the official position in the last quarter of 2023 supportive of Hamas/Gaza?,recency,3,BM25,fixed,exe3/clean-text/UK/debates2023-12-12.txt (exe3/chunked-text/UK/chunk_1488.txt),65.3316,2023
soft_decay,uk,Has the official position in the last quarter of 2023 changed relative to the official position in the last quarter of 2025?,recency,3,BM25,fixed,exe3/clean-text/UK/debates2024-11-11.txt (exe3/chunked-text/UK/chunk_4804.txt),66.4509,2024
soft_decay,uk,Has the official position in the last quarter of 2023 changed relative to the official position in the last quarter of 2025?,recency,3,BM25,fixed,exe3/clean-text/UK/debates2025-03-31.txt (exe3/chunked-text/UK/chunk_6921.txt),64.5517,2025
soft_decay,uk,Has the official position in the last quarter of 2023 changed relative to the official position in the last quarter of 2025?,recency,3,BM25,fixed,exe3/clean-text/UK/debates2024-07-29.txt (exe3/chunked-text/UK/chunk_3994.txt),53.905,2024
soft_decay,uk,What is the latest official position regarding legislation on the protection of veterans?,recency,3,BM25,fixed,exe3/clean-text/UK/debates2024-05-20.txt (exe3/chunked-text/UK/chunk_3624.txt),49.4854,2024
soft_decay,uk,What is the latest official position regarding legislation on the protection of veterans?,recency,3,BM25,fixed,exe3/clean-text/UK/debates2024-01-25.txt (exe3/chunked-text/UK/chunk_1985.txt),43.0609,2024
soft_decay,uk,What is the latest official position regarding legislation on the protection of veterans?,recency,3,BM25,fixed,exe3/clean-text/UK/debates2025-04-23.txt (exe3/chunked-text/UK/chunk_7135.txt),43.0318,2025
soft_decay,uk,how did the prime minister/president's rhetoric regarding the war between israel and hamas/gaza change between his first and last speech?,evolution,3,BM25,fixed,exe3/clean-text/UK/debates2024-01-08.txt (exe3/chunked-text/UK/chunk_1646.txt),109.2288,2024
soft_decay,uk,how did the prime minister/president's rhetoric regarding the war between israel and hamas/gaza change between his first and last speech?,evolution,3,BM25,fixed,exe3/clean-text/UK/debates2023-10-16.txt (exe3/chunked-text/UK/chunk_696.txt),106.3955,2023
soft_decay,uk,how did the prime minister/president's rhetoric regarding the war between israel and hamas/gaza change between his first and last speech?,evolution,3,BM25,fixed,exe3/clean-text/UK/debates2023-10-16.txt (exe3/chunked-text/UK/chunk_695.txt),98.2982,2023
soft_decay,uk,How has the approach to the restoration and maintenance of local and community infrastructure changed between late 2023 and late 2024?,evolution,3,BM25,fixed,exe3/clean-text/UK/debates2024-02-08.txt (exe3/chunked-text/UK/chunk_2259.txt),66.75,2024
soft_decay,uk,How has the approach to the restoration and maintenance of local and community infrastructure changed between late 2023 and late 2024?,evolution,3,BM25,fixed,exe3/clean-text/UK/debates2024-02-05.txt (exe3/chunked-text/UK/chunk_2160.txt),61.2489,2024
soft_decay,uk,How has the approach to the restoration and maintenance of local and community infrastructure changed between late 2023 and late 2024?,evolution,3,BM25,fixed,exe3/clean-text/UK/debates2025-04-03.txt (exe3/chunked-text/UK/chunk_6999.txt),59.889,2025
soft_decay,uk,who is the minister of defense/secretary of defense?,ambiguity,3,BM25,fixed,exe3/clean-text/UK/debates2025-01-06.txt (exe3/chunked-text/UK/chunk_5532.txt),17.3644,2025
soft_decay,uk,who is the minister of defense/secretary of defense?,ambiguity,3,BM25,fixed,exe3/clean-text/UK/debates2025-09-15.txt (exe3/chunked-text/UK/chunk_8848.txt),2.1343,2025
soft_decay,uk,who is the minister of defense/secretary of defense?,ambiguity,3,BM25,fixed,exe3/clean-text/UK/debates2025-10-27.txt (exe3/chunked-text/UK/chunk_9115.txt),2.1284,2025
soft_decay,uk,Who holds the position responsible for Rural Development?,ambiguity,3,BM25,fixed,exe3/clean-text/UK/debates2023-12-05.txt (exe3/chunked-text/UK/chunk_1388.txt),39.6993,2023
soft_decay,uk,Who holds the position responsible for Rural Development?,ambiguity,3,BM25,fixed,exe3/clean-text/UK/debates2024-12-16.txt (exe3/chunked-text/UK/chunk_5428.txt),37.4644,2024
soft_decay,uk,Who holds the position responsible for Rural Development?,ambiguity,3,BM25,fixed,exe3/clean-text/UK/debates2024-12-03.txt (exe3/chunked-text/UK/chunk_5194.txt),36.9384,2024
soft_decay,uk,what was the specific budget allocated to security in 2024?,hard_filter,3,BM25,parentSon,exe3/clean-text/UK/debates2025-07-16.txt (exe3/parent-child-chunked-text/UK/children/child_chunk_20056.txt),57.734,2025
soft_decay,uk,what was the specific budget allocated to security in 2024?,hard_filter,3,BM25,parentSon,exe3/clean-text/UK/debates2025-04-29.txt (exe3/parent-child-chunked-text/UK/children/child_chunk_17098.txt),54.6605,2025
soft_decay,uk,what was the specific budget allocated to security in 2024?,hard_filter,3,BM25,parentSon,exe3/clean-text/UK/debates2023-10-17.txt (exe3/parent-child-chunked-text/UK/children/child_chunk_1692.txt),52.8714,2023
soft_decay,uk,What was the specific amount allocated to support the public sector for National Insurance costs in 2025?,hard_filter,3,BM25,parentSon,exe3/clean-text/UK/debates2025-03-04.txt (exe3/parent-child-chunked-text/UK/children/child_chunk_15078.txt),94.3803,2025
soft_decay,uk,What was the specific amount allocated to support the public sector for National Insurance costs in 2025?,hard_filter,3,BM25,parentSon,exe3/clean-text/UK/debates2025-01-27.txt (exe3/parent-child-chunked-text/UK/children/child_chunk_13969.txt),74.1667,2025
soft_decay,uk,What was the specific amount allocated to support the public sector for National Insurance costs in 2025?,hard_filter,3,BM25,parentSon,exe3/clean-text/UK/debates2024-12-03.txt (exe3/parent-child-chunked-text/UK/children/child_chunk_12246.txt),68.8013,2024
soft_decay,uk,What is the current official position regarding the State of Israel?,recency,3,BM25,parentSon,exe3/clean-text/UK/debates2024-02-01.txt (exe3/parent-child-chunked-text/UK/children/child_chunk_4999.txt),68.7015,2024
soft_decay,uk,What is the current official position regarding the State of Israel?,recency,3,BM25,parentSon,exe3/clean-text/UK/debates2025-10-29.txt (exe3/parent-child-chunked-text/UK/children/child_chunk_21668.txt),59.6304,2025
soft_decay,uk,What is the current official position regarding the State of Israel?,recency,3,BM25,parentSon,exe3/clean-text/UK/debates2024-12-06.txt (exe3/parent-child-chunked-text/UK/children/child_chunk_12489.txt),54.2418,2024
soft_decay,uk,What is the current official position regarding Hamas/Gaza?,recency,3,BM25,parentSon,exe3/clean-text/UK/debates2025-10-29.txt (exe3/parent-child-chunked-text/UK/children/child_chunk_21668.txt),88.1077,2025
soft_decay,uk,What is the current official position regarding Hamas/Gaza?,recency,3,BM25,parentSon,exe3/clean-text/UK/debates2024-02-01.txt (exe3/parent-child-chunked-text/UK/children/child_chunk_4999.txt),81.0846,2024
soft_decay,uk,What is the current official position regarding Hamas/Gaza?,recency,3,BM25,parentSon,exe3/clean-text/UK/debates2023-12-11.txt (exe3/parent-child-chunked-text/UK/children/child_chunk_3480.txt),79.6132,2023
soft_decay,uk,Was the official position in the last quarter of 2023 supportive of the State of Israel?,recency,3,BM25,parentSon,exe3/clean-text/UK/debates2024-03-26.txt (exe3/parent-child-chunked-text/UK/children/child_chunk_7044.txt),100.2484,2024
soft_decay,uk,Was the official position in the last quarter of 2023 supportive of the State of Israel?,recency,3,BM25,parentSon,exe3/clean-text/UK/debates2024-03-07.txt (exe3/parent-child-chunked-text/UK/children/child_chunk_6246.txt),68.9676,2024
soft_decay,uk,Was the official position in the last quarter of 2023 supportive of the State of Israel?,recency,3,BM25,parentSon,exe3/clean-text/UK/debates2023-12-04.txt (exe3/parent-child-chunked-text/UK/children/child_chunk_3215.txt),64.704,2023
soft_decay,uk,Was the official position in the last quarter of 2023 supportive of Hamas/Gaza?,recency,3,BM25,parentSon,exe3/clean-text/UK/debates2024-03-26.txt (exe3/parent-child-chunked-text/UK/children/child_chunk_7044.txt),82.1114,2024
soft_decay,uk,Was the official position in the last quarter of 2023 supportive of Hamas/Gaza?,recency,3,BM25,parentSon,exe3/clean-text/UK/debates2023-12-11.txt (exe3/parent-child-chunked-text/UK/children/child_chunk_3480.txt),79.3499,2023
soft_decay,uk,Was the official position in the last quarter of 2023 supportive of Hamas/Gaza?,recency,3,BM25,parentSon,exe3/clean-text/UK/debates2023-12-04.txt (exe3/parent-child-chunked-text/UK/children/child_chunk_3216.txt),78.2644,2023
soft_decay,uk,Has the official position in the last quarter of 2023 changed relative to the official position in the last quarter of 2025?,recency,3,BM25,parentSon,exe3/clean-text/UK/debates2025-03-31.txt (exe3/parent-child-chunked-text/UK/children/child_chunk_16339.txt),74.3215,2025
soft_decay,uk,Has the official position in the last quarter of 2023 changed relative to the official position in the last quarter of 2025?,recency,3,BM25,parentSon,exe3/clean-text/UK/debates2025-03-31.txt (exe3/parent-child-chunked-text/UK/children/child_chunk_16338.txt),70.9451,2025
soft_decay,uk,Has the official position in the last quarter of 2023 changed relative to the official position in the last quarter of 2025?,recency,3,BM25,parentSon,exe3/clean-text/UK/debates2024-11-11.txt (exe3/parent-child-chunked-text/UK/children/child_chunk_11336.txt),68.2968,2024
soft_decay,uk,What is the latest official position regarding legislation on the protection of veterans?,recency,3,BM25,parentSon,exe3/clean-text/UK/debates2024-01-25.txt (exe3/parent-child-chunked-text/UK/children/child_chunk_4692.txt),59.9151,2024
soft_decay,uk,What is the latest official position regarding legislation on the protection of veterans?,recency,3,BM25,parentSon,exe3/clean-text/UK/debates2024-05-07.txt (exe3/parent-child-chunked-text/UK/children/child_chunk_8019.txt),58.9272,2024
soft_decay,uk,What is the latest official position regarding legislation on the protection of veterans?,recency,3,BM25,parentSon,exe3/clean-text/UK/debates2025-09-02.txt (exe3/parent-child-chunked-text/UK/children/child_chunk_20403.txt),57.1902,2025
soft_decay,uk,how did the prime minister/president's rhetoric regarding the war between israel and hamas/gaza change between his first and last speech?,evolution,3,BM25,parentSon,exe3/clean-text/UK/debates2023-10-16.txt (exe3/parent-child-chunked-text/UK/children/child_chunk_1643.txt),121.0193,2023
soft_decay,uk,how did the prime minister/president's rhetoric regarding the war between israel and hamas/gaza change between his first and last speech?,evolution,3,BM25,parentSon,exe3/clean-text/UK/debates2024-01-08.txt (exe3/parent-child-chunked-text/UK/children/child_chunk_3876.txt),120.5227,2024
soft_decay,uk,how did the prime minister/president's rhetoric regarding the war between israel and hamas/gaza change between his first and last speech?,evolution,3,BM25,parentSon,exe3/clean-text/UK/debates2023-12-04.txt (exe3/parent-child-chunked-text/UK/children/child_chunk_3228.txt),109.3067,2023
soft_decay,uk,How has the approach to the restoration and maintenance of local and community infrastructure changed between late 2023 and late 2024?,evolution,3,BM25,parentSon,exe3/clean-text/UK/debates2023-10-26.txt (exe3/parent-child-chunked-text/UK/children/child_chunk_2150.txt),74.5907,2023
soft_decay,uk,How has the approach to the restoration and maintenance of local and community infrastructure changed between late 2023 and late 2024?,evolution,3,BM25,parentSon,exe3/clean-text/UK/debates2025-04-03.txt (exe3/parent-child-chunked-text/UK/children/child_chunk_16519.txt),73.9292,2025
soft_decay,uk,How has the approach to the restoration and maintenance of local and community infrastructure changed between late 2023 and late 2024?,evolution,3,BM25,parentSon,exe3/clean-text/UK/debates2024-02-08.txt (exe3/parent-child-chunked-text/UK/children/child_chunk_5336.txt),72.9611,2024
soft_decay,uk,who is the minister of defense/secretary of defense?,ambiguity,3,BM25,parentSon,exe3/clean-text/UK/debates2025-01-06.txt (exe3/parent-child-chunked-text/UK/children/child_chunk_13049.txt),23.56,2025
soft_decay,uk,who is the minister of defense/secretary of defense?,ambiguity,3,BM25,parentSon,exe3/clean-text/UK/debates2024-03-20.txt (exe3/parent-child-chunked-text/UK/children/child_chunk_6787.txt),5.0035,2024
soft_decay,uk,who is the minister of defense/secretary of defense?,ambiguity,3,BM25,parentSon,exe3/clean-text/UK/debates2023-11-14.txt (exe3/parent-child-chunked-text/UK/children/child_chunk_2490.txt),4.9146,2023
soft_decay,uk,Who holds the position responsible for Rural Development?,ambiguity,3,BM25,parentSon,exe3/clean-text/UK/debates2024-12-16.txt (exe3/parent-child-chunked-text/UK/children/child_chunk_12807.txt),56.0486,2024
soft_decay,uk,Who holds the position responsible for Rural Development?,ambiguity,3,BM25,parentSon,exe3/clean-text/UK/debates2023-12-05.txt (exe3/parent-child-chunked-text/UK/children/child_chunk_3272.txt),54.1221,2023
soft_decay,uk,Who holds the position responsible for Rural Development?,ambiguity,3,BM25,parentSon,exe3/clean-text/UK/debates2025-06-19.txt (exe3/parent-child-chunked-text/UK/children/child_chunk_18869.txt),46.2415,2025
soft_decay,uk,what was the specific budget allocated to security in 2024?,hard_filter,5,DENSE,fixed,exe3/clean-text/UK/debates2025-10-28.txt (exe3/chunked-text/UK/chunk_9145.txt),0.7101,2025
soft_decay,uk,what was the specific budget allocated to security in 2024?,hard_filter,5,DENSE,fixed,exe3/clean-text/UK/debates2025-10-30.txt (exe3/chunked-text/UK/chunk_9192.txt),0.7082,2025
soft_decay,uk,what was the specific budget allocated to security in 2024?,hard_filter,5,DENSE,fixed,exe3/clean-text/UK/debates2025-10-28.txt (exe3/chunked-text/UK/chunk_9142.txt),0.7073,2025
soft_decay,uk,what was the specific budget allocated to security in 2024?,hard_filter,5,DENSE,fixed,exe3/clean-text/UK/debates2025-10-28.txt (exe3/chunked-text/UK/chunk_9143.txt),0.7063,2025
soft_decay,uk,what was the specific budget allocated to security in 2024?,hard_filter,5,DENSE,fixed,exe3/clean-text/UK/debates2025-10-28.txt (exe3/chunked-text/UK/chunk_9133.txt),0.7061,2025
soft_decay,uk,What was the specific amount allocated to support the public sector for National Insurance costs in 2025?,hard_filter,5,DENSE,fixed,exe3/clean-text/UK/debates2025-10-29.txt (exe3/chunked-text/UK/chunk_9168.txt),0.7058,2025
soft_decay,uk,What was the specific amount allocated to support the public sector for National Insurance costs in 2025?,hard_filter,5,DENSE,fixed,exe3/clean-text/UK/debates2025-10-30.txt (exe3/chunked-text/UK/chunk_9201.txt),0.7041,2025
soft_decay,uk,What was the specific amount allocated to support the public sector for National Insurance costs in 2025?,hard_filter,5,DENSE,fixed,exe3/clean-text/UK/debates2025-10-27.txt (exe3/chunked-text/UK/chunk_9120.txt),0.7008,2025
soft_decay,uk,What was the specific amount allocated to support the public sector for National Insurance costs in 2025?,hard_filter,5,DENSE,fixed,exe3/clean-text/UK/debates2025-10-30.txt (exe3/chunked-text/UK/chunk_9190.txt),0.7005,2025
soft_decay,uk,What was the specific amount allocated to support the public sector for National Insurance costs in 2025?,hard_filter,5,DENSE,fixed,exe3/clean-text/UK/debates2025-10-27.txt (exe3/chunked-text/UK/chunk_9110.txt),0.7004,2025
soft_decay,uk,What is the current official position regarding the State of Israel?,recency,5,DENSE,fixed,exe3/clean-text/UK/debates2025-10-29.txt (exe3/chunked-text/UK/chunk_9180.txt),0.7102,2025
soft_decay,uk,What is the current official position regarding the State of Israel?,recency,5,DENSE,fixed,exe3/clean-text/UK/debates2025-10-29.txt (exe3/chunked-text/UK/chunk_9179.txt),0.7062,2025
soft_decay,uk,What is the current official position regarding the State of Israel?,recency,5,DENSE,fixed,exe3/clean-text/UK/debates2025-10-29.txt (exe3/chunked-text/UK/chunk_9176.txt),0.7054,2025
soft_decay,uk,What is the current official position regarding the State of Israel?,recency,5,DENSE,fixed,exe3/clean-text/UK/debates2025-10-28.txt (exe3/chunked-text/UK/chunk_9133.txt),0.7048,2025
soft_decay,uk,What is the current official position regarding the State of Israel?,recency,5,DENSE,fixed,exe3/clean-text/UK/debates2025-10-28.txt (exe3/chunked-text/UK/chunk_9137.txt),0.7046,2025
soft_decay,uk,What is the current official position regarding Hamas/Gaza?,recency,5,DENSE,fixed,exe3/clean-text/UK/debates2025-10-29.txt (exe3/chunked-text/UK/chunk_9174.txt),0.7399,2025
soft_decay,uk,What is the current official position regarding Hamas/Gaza?,recency,5,DENSE,fixed,exe3/clean-text/UK/debates2025-10-29.txt (exe3/chunked-text/UK/chunk_9173.txt),0.7388,2025
soft_decay,uk,What is the current official position regarding Hamas/Gaza?,recency,5,DENSE,fixed,exe3/clean-text/UK/debates2025-10-29.txt (exe3/chunked-text/UK/chunk_9180.txt),0.7356,2025
soft_decay,uk,What is the current official position regarding Hamas/Gaza?,recency,5,DENSE,fixed,exe3/clean-text/UK/debates2025-10-29.txt (exe3/chunked-text/UK/chunk_9179.txt),0.7346,2025
soft_decay,uk,What is the current official position regarding Hamas/Gaza?,recency,5,DENSE,fixed,exe3/clean-text/UK/debates2025-10-28.txt (exe3/chunked-text/UK/chunk_9132.txt),0.7341,2025
soft_decay,uk,Was the official position in the last quarter of 2023 supportive of the State of Israel?,recency,5,DENSE,fixed,exe3/clean-text/UK/debates2025-10-29.txt (exe3/chunked-text/UK/chunk_9176.txt),0.7055,2025
soft_decay,uk,Was the official position in the last quarter of 2023 supportive of the State of Israel?,recency,5,DENSE,fixed,exe3/clean-text/UK/debates2025-10-28.txt (exe3/chunked-text/UK/chunk_9133.txt),0.7051,2025
soft_decay,uk,Was the official position in the last quarter of 2023 supportive of the State of Israel?,recency,5,DENSE,fixed,exe3/clean-text/UK/debates2025-10-29.txt (exe3/chunked-text/UK/chunk_9179.txt),0.7046,2025
soft_decay,uk,Was the official position in the last quarter of 2023 supportive of the State of Israel?,recency,5,DENSE,fixed,exe3/clean-text/UK/debates2025-10-29.txt (exe3/chunked-text/UK/chunk_9180.txt),0.7044,2025
soft_decay,uk,Was the official position in the last quarter of 2023 supportive of the State of Israel?,recency,5,DENSE,fixed,exe3/clean-text/UK/debates2025-10-29.txt (exe3/chunked-text/UK/chunk_9173.txt),0.7043,2025
soft_decay,uk,Was the official position in the last quarter of 2023 supportive of Hamas/Gaza?,recency,5,DENSE,fixed,exe3/clean-text/UK/debates2025-10-29.txt (exe3/chunked-text/UK/chunk_9173.txt),0.7272,2025
soft_decay,uk,Was the official position in the last quarter of 2023 supportive of Hamas/Gaza?,recency,5,DENSE,fixed,exe3/clean-text/UK/debates2025-10-29.txt (exe3/chunked-text/UK/chunk_9174.txt),0.7228,2025
soft_decay,uk,Was the official position in the last quarter of 2023 supportive of Hamas/Gaza?,recency,5,DENSE,fixed,exe3/clean-text/UK/debates2025-10-29.txt (exe3/chunked-text/UK/chunk_9179.txt),0.7217,2025
soft_decay,uk,Was the official position in the last quarter of 2023 supportive of Hamas/Gaza?,recency,5,DENSE,fixed,exe3/clean-text/UK/debates2025-10-29.txt (exe3/chunked-text/UK/chunk_9176.txt),0.7216,2025
soft_decay,uk,Was the official position in the last quarter of 2023 supportive of Hamas/Gaza?,recency,5,DENSE,fixed,exe3/clean-text/UK/debates2025-10-29.txt (exe3/chunked-text/UK/chunk_9183.txt),0.7206,2025
soft_decay,uk,Has the official position in the last quarter of 2023 changed relative to the official position in the last quarter of 2025?,recency,5,DENSE,fixed,exe3/clean-text/UK/debates2025-10-23.txt (exe3/chunked-text/UK/chunk_9083.txt),0.7143,2025
soft_decay,uk,Has the official position in the last quarter of 2023 changed relative to the official position in the last quarter of 2025?,recency,5,DENSE,fixed,exe3/clean-text/UK/debates2025-10-23.txt (exe3/chunked-text/UK/chunk_9092.txt),0.7137,2025
soft_decay,uk,Has the official position in the last quarter of 2023 changed relative to the official position in the last quarter of 2025?,recency,5,DENSE,fixed,exe3/clean-text/UK/debates2025-10-27.txt (exe3/chunked-text/UK/chunk_9122.txt),0.7124,2025
soft_decay,uk,Has the official position in the last quarter of 2023 changed relative to the official position in the last quarter of 2025?,recency,5,DENSE,fixed,exe3/clean-text/UK/debates2025-10-27.txt (exe3/chunked-text/UK/chunk_9121.txt),0.7108,2025
soft_decay,uk,Has the official position in the last quarter of 2023 changed relative to the official position in the last quarter of 2025?,recency,5,DENSE,fixed,exe3/clean-text/UK/debates2025-10-30.txt (exe3/chunked-text/UK/chunk_9198.txt),0.7097,2025
soft_decay,uk,What is the latest official position regarding legislation on the protection of veterans?,recency,5,DENSE,fixed,exe3/clean-text/UK/debates2025-10-15.txt (exe3/chunked-text/UK/chunk_8936.txt),0.7199,2025
soft_decay,uk,What is the latest official position regarding legislation on the protection of veterans?,recency,5,DENSE,fixed,exe3/clean-text/UK/debates2025-10-15.txt (exe3/chunked-text/UK/chunk_8939.txt),0.7198,2025
soft_decay,uk,What is the latest official position regarding legislation on the protection of veterans?,recency,5,DENSE,fixed,exe3/clean-text/UK/debates2025-10-15.txt (exe3/chunked-text/UK/chunk_8934.txt),0.7,2025
soft_decay,uk,What is the latest official position regarding legislation on the protection of veterans?,recency,5,DENSE,fixed,exe3/clean-text/UK/debates2025-10-27.txt (exe3/chunked-text/UK/chunk_9102.txt),0.6995,2025
soft_decay,uk,What is the latest official position regarding legislation on the protection of veterans?,recency,5,DENSE,fixed,exe3/clean-text/UK/debates2025-10-29.txt (exe3/chunked-text/UK/chunk_9164.txt),0.6978,2025
soft_decay,uk,how did the prime minister/president's rhetoric regarding the war between israel and hamas/gaza change between his first and last speech?,evolution,5,DENSE,fixed,exe3/clean-text/UK/debates2025-10-29.txt (exe3/chunked-text/UK/chunk_9179.txt),0.7489,2025
soft_decay,uk,how did the prime minister/president's rhetoric regarding the war between israel and hamas/gaza change between his first and last speech?,evolution,5,DENSE,fixed,exe3/clean-text/UK/debates2025-10-29.txt (exe3/chunked-text/UK/chunk_9180.txt),0.7485,2025
soft_decay,uk,how did the prime minister/president's rhetoric regarding the war between israel and hamas/gaza change between his first and last speech?,evolution,5,DENSE,fixed,exe3/clean-text/UK/debates2025-10-29.txt (exe3/chunked-text/UK/chunk_9176.txt),0.7477,2025
soft_decay,uk,how did the prime minister/president's rhetoric regarding the war between israel and hamas/gaza change between his first and last speech?,evolution,5,DENSE,fixed,exe3/clean-text/UK/debates2025-10-29.txt (exe3/chunked-text/UK/chunk_9173.txt),0.7456,2025
soft_decay,uk,how did the prime minister/president's rhetoric regarding the war between israel and hamas/gaza change between his first and last speech?,evolution,5,DENSE,fixed,exe3/clean-text/UK/debates2025-10-29.txt (exe3/chunked-text/UK/chunk_9175.txt),0.7455,2025
soft_decay,uk,How has the approach to the restoration and maintenance of local and community infrastructure changed between late 2023 and late 2024?,evolution,5,DENSE,fixed,exe3/clean-text/UK/debates2025-10-22.txt (exe3/chunked-text/UK/chunk_9065.txt),0.7117,2025
soft_decay,uk,How has the approach to the restoration and maintenance of local and community infrastructure changed between late 2023 and late 2024?,evolution,5,DENSE,fixed,exe3/clean-text/UK/debates2025-10-30.txt (exe3/chunked-text/UK/chunk_9187.txt),0.7112,2025
soft_decay,uk,How has the approach to the restoration and maintenance of local and community infrastructure changed between late 2023 and late 2024?,evolution,5,DENSE,fixed,exe3/clean-text/UK/debates2025-10-13.txt (exe3/chunked-text/UK/chunk_8892.txt),0.7104,2025
soft_decay,uk,How has the approach to the restoration and maintenance of local and community infrastructure changed between late 2023 and late 2024?,evolution,5,DENSE,fixed,exe3/clean-text/UK/debates2025-10-23.txt (exe3/chunked-text/UK/chunk_9075.txt),0.7101,2025
soft_decay,uk,How has the approach to the restoration and maintenance of local and community infrastructure changed between late 2023 and late 2024?,evolution,5,DENSE,fixed,exe3/clean-text/UK/debates2025-10-30.txt (exe3/chunked-text/UK/chunk_9188.txt),0.7098,2025
soft_decay,uk,who is the minister of defense/secretary of defense?,ambiguity,5,DENSE,fixed,exe3/clean-text/UK/debates2025-10-28.txt (exe3/chunked-text/UK/chunk_9145.txt),0.7186,2025
soft_decay,uk,who is the minister of defense/secretary of defense?,ambiguity,5,DENSE,fixed,exe3/clean-text/UK/debates2025-10-28.txt (exe3/chunked-text/UK/chunk_9144.txt),0.7176,2025
soft_decay,uk,who is the minister of defense/secretary of defense?,ambiguity,5,DENSE,fixed,exe3/clean-text/UK/debates2025-10-28.txt (exe3/chunked-text/UK/chunk_9143.txt),0.7165,2025
soft_decay,uk,who is the minister of defense/secretary of defense?,ambiguity,5,DENSE,fixed,exe3/clean-text/UK/debates2025-10-28.txt (exe3/chunked-text/UK/chunk_9140.txt),0.714,2025
soft_decay,uk,who is the minister of defense/secretary of defense?,ambiguity,5,DENSE,fixed,exe3/clean-text/UK/debates2025-10-28.txt (exe3/chunked-text/UK/chunk_9147.txt),0.7125,2025
soft_decay,uk,Who holds the position responsible for Rural Development?,ambiguity,5,DENSE,fixed,exe3/clean-text/UK/debates2025-10-30.txt (exe3/chunked-text/UK/chunk_9187.txt),0.6926,2025
soft_decay,uk,Who holds the position responsible for Rural Development?,ambiguity,5,DENSE,fixed,exe3/clean-text/UK/debates2025-10-30.txt (exe3/chunked-text/UK/chunk_9186.txt),0.685,2025
soft_decay,uk,Who holds the position responsible for Rural Development?,ambiguity,5,DENSE,fixed,exe3/clean-text/UK/debates2025-10-30.txt (exe3/chunked-text/UK/chunk_9197.txt),0.6827,2025
soft_decay,uk,Who holds the position responsible for Rural Development?,ambiguity,5,DENSE,fixed,exe3/clean-text/UK/debates2025-10-30.txt (exe3/chunked-text/UK/chunk_9204.txt),0.682,2025
soft_decay,uk,Who holds the position responsible for Rural Development?,ambiguity,5,DENSE,fixed,exe3/clean-text/UK/debates2025-10-30.txt (exe3/chunked-text/UK/chunk_9207.txt),0.6787,2025
soft_decay,uk,what was the specific budget allocated to security in 2024?,hard_filter,5,DENSE,parentSon,exe3/clean-text/UK/debates2025-10-29.txt (exe3/parent-child-chunked-text/UK/children/child_chunk_21655.txt),0.7122,2025
soft_decay,uk,what was the specific budget allocated to security in 2024?,hard_filter,5,DENSE,parentSon,exe3/clean-text/UK/debates2025-10-28.txt (exe3/parent-child-chunked-text/UK/children/child_chunk_21614.txt),0.706,2025
soft_decay,uk,what was the specific budget allocated to security in 2024?,hard_filter,5,DENSE,parentSon,exe3/clean-text/UK/debates2025-10-23.txt (exe3/parent-child-chunked-text/UK/children/child_chunk_21434.txt),0.7042,2025
soft_decay,uk,what was the specific budget allocated to security in 2024?,hard_filter,5,DENSE,parentSon,exe3/clean-text/UK/debates2025-10-28.txt (exe3/parent-child-chunked-text/UK/children/child_chunk_21590.txt),0.7039,2025
soft_decay,uk,what was the specific budget allocated to security in 2024?,hard_filter,5,DENSE,parentSon,exe3/clean-text/UK/debates2025-10-23.txt (exe3/parent-child-chunked-text/UK/children/child_chunk_21448.txt),0.7036,2025
soft_decay,uk,What was the specific amount allocated to support the public sector for National Insurance costs in 2025?,hard_filter,5,DENSE,parentSon,exe3/clean-text/UK/debates2025-10-29.txt (exe3/parent-child-chunked-text/UK/children/child_chunk_21655.txt),0.7069,2025
soft_decay,uk,What was the specific amount allocated to support the public sector for National Insurance costs in 2025?,hard_filter,5,DENSE,parentSon,exe3/clean-text/UK/debates2025-10-23.txt (exe3/parent-child-chunked-text/UK/children/child_chunk_21463.txt),0.6995,2025
soft_decay,uk,What was the specific amount allocated to support the public sector for National Insurance costs in 2025?,hard_filter,5,DENSE,parentSon,exe3/clean-text/UK/debates2025-10-22.txt (exe3/parent-child-chunked-text/UK/children/child_chunk_21367.txt),0.6988,2025
soft_decay,uk,What was the specific amount allocated to support the public sector for National Insurance costs in 2025?,hard_filter,5,DENSE,parentSon,exe3/clean-text/UK/debates2025-10-30.txt (exe3/parent-child-chunked-text/UK/children/child_chunk_21697.txt),0.6964,2025
soft_decay,uk,What was the specific amount allocated to support the public sector for National Insurance costs in 2025?,hard_filter,5,DENSE,parentSon,exe3/clean-text/UK/debates2025-10-30.txt (exe3/parent-child-chunked-text/UK/children/child_chunk_21693.txt),0.696,2025
soft_decay,uk,What is the current official position regarding the State of Israel?,recency,5,DENSE,parentSon,exe3/clean-text/UK/debates2025-10-28.txt (exe3/parent-child-chunked-text/UK/children/child_chunk_21572.txt),0.7079,2025
soft_decay,uk,What is the current official position regarding the State of Israel?,recency,5,DENSE,parentSon,exe3/clean-text/UK/debates2025-10-29.txt (exe3/parent-child-chunked-text/UK/children/child_chunk_21681.txt),0.7056,2025
soft_decay,uk,What is the current official position regarding the State of Israel?,recency,5,DENSE,parentSon,exe3/clean-text/UK/debates2025-10-29.txt (exe3/parent-child-chunked-text/UK/children/child_chunk_21682.txt),0.7045,2025
soft_decay,uk,What is the current official position regarding the State of Israel?,recency,5,DENSE,parentSon,exe3/clean-text/UK/debates2025-10-28.txt (exe3/parent-child-chunked-text/UK/children/child_chunk_21582.txt),0.7044,2025
soft_decay,uk,What is the current official position regarding the State of Israel?,recency,5,DENSE,parentSon,exe3/clean-text/UK/debates2025-10-28.txt (exe3/parent-child-chunked-text/UK/children/child_chunk_21567.txt),0.7024,2025
soft_decay,uk,What is the current official position regarding Hamas/Gaza?,recency,5,DENSE,parentSon,exe3/clean-text/UK/debates2025-10-29.txt (exe3/parent-child-chunked-text/UK/children/child_chunk_21667.txt),0.736,2025
soft_decay,uk,What is the current official position regarding Hamas/Gaza?,recency,5,DENSE,parentSon,exe3/clean-text/UK/debates2025-10-29.txt (exe3/parent-child-chunked-text/UK/children/child_chunk_21668.txt),0.732,2025
soft_decay,uk,What is the current official position regarding Hamas/Gaza?,recency,5,DENSE,parentSon,exe3/clean-text/UK/debates2025-10-29.txt (exe3/parent-child-chunked-text/UK/children/child_chunk_21675.txt),0.7307,2025
soft_decay,uk,What is the current official position regarding Hamas/Gaza?,recency,5,DENSE,parentSon,exe3/clean-text/UK/debates2025-10-28.txt (exe3/parent-child-chunked-text/UK/children/child_chunk_21571.txt),0.7306,2025
soft_decay,uk,What is the current official position regarding Hamas/Gaza?,recency,5,DENSE,parentSon,exe3/clean-text/UK/debates2025-10-29.txt (exe3/parent-child-chunked-text/UK/children/child_chunk_21670.txt),0.7297,2025
soft_decay,uk,Was the official position in the last quarter of 2023 supportive of the State of Israel?,recency,5,DENSE,parentSon,exe3/clean-text/UK/debates2025-10-28.txt (exe3/parent-child-chunked-text/UK/children/child_chunk_21572.txt),0.7037,2025
soft_decay,uk,Was the official position in the last quarter of 2023 supportive of the State of Israel?,recency,5,DENSE,parentSon,exe3/clean-text/UK/debates2025-10-29.txt (exe3/parent-child-chunked-text/UK/children/child_chunk_21682.txt),0.7009,2025
soft_decay,uk,Was the official position in the last quarter of 2023 supportive of the State of Israel?,recency,5,DENSE,parentSon,exe3/clean-text/UK/debates2025-10-29.txt (exe3/parent-child-chunked-text/UK/children/child_chunk_21688.txt),0.6989,2025
soft_decay,uk,Was the official position in the last quarter of 2023 supportive of the State of Israel?,recency,5,DENSE,parentSon,exe3/clean-text/UK/debates2025-10-28.txt (exe3/parent-child-chunked-text/UK/children/child_chunk_21600.txt),0.6987,2025
soft_decay,uk,Was the official position in the last quarter of 2023 supportive of the State of Israel?,recency,5,DENSE,parentSon,exe3/clean-text/UK/debates2025-10-28.txt (exe3/parent-child-chunked-text/UK/children/child_chunk_21581.txt),0.6984,2025
soft_decay,uk,Was the official position in the last quarter of 2023 supportive of Hamas/Gaza?,recency,5,DENSE,parentSon,exe3/clean-text/UK/debates2025-10-29.txt (exe3/parent-child-chunked-text/UK/children/child_chunk_21667.txt),0.7185,2025
soft_decay,uk,Was the official position in the last quarter of 2023 supportive of Hamas/Gaza?,recency,5,DENSE,parentSon,exe3/clean-text/UK/debates2025-10-29.txt (exe3/parent-child-chunked-text/UK/children/child_chunk_21682.txt),0.7148,2025
soft_decay,uk,Was the official position in the last quarter of 2023 supportive of Hamas/Gaza?,recency,5,DENSE,parentSon,exe3/clean-text/UK/debates2025-10-29.txt (exe3/parent-child-chunked-text/UK/children/child_chunk_21668.txt),0.7145,2025
soft_decay,uk,Was the official position in the last quarter of 2023 supportive of Hamas/Gaza?,recency,5,DENSE,parentSon,exe3/clean-text/UK/debates2025-10-29.txt (exe3/parent-child-chunked-text/UK/children/child_chunk_21688.txt),0.7134,2025
soft_decay,uk,Was the official position in the last quarter of 2023 supportive of Hamas/Gaza?,recency,5,DENSE,parentSon,exe3/clean-text/UK/debates2025-10-28.txt (exe3/parent-child-chunked-text/UK/children/child_chunk_21571.txt),0.7131,2025
soft_decay,uk,Has the official position in the last quarter of 2023 changed relative to the official position in the last quarter of 2025?,recency,5,DENSE,parentSon,exe3/clean-text/UK/debates2025-10-23.txt (exe3/parent-child-chunked-text/UK/children/child_chunk_21452.txt),0.7154,2025
soft_decay,uk,Has the official position in the last quarter of 2023 changed relative to the official position in the last quarter of 2025?,recency,5,DENSE,parentSon,exe3/clean-text/UK/debates2025-10-23.txt (exe3/parent-child-chunked-text/UK/children/child_chunk_21451.txt),0.7107,2025
soft_decay,uk,Has the official position in the last quarter of 2023 changed relative to the official position in the last quarter of 2025?,recency,5,DENSE,parentSon,exe3/clean-text/UK/debates2025-10-27.txt (exe3/parent-child-chunked-text/UK/children/child_chunk_21543.txt),0.7054,2025
soft_decay,uk,Has the official position in the last quarter of 2023 changed relative to the official position in the last quarter of 2025?,recency,5,DENSE,parentSon,exe3/clean-text/UK/debates2025-10-27.txt (exe3/parent-child-chunked-text/UK/children/child_chunk_21542.txt),0.7026,2025
soft_decay,uk,Has the official position in the last quarter of 2023 changed relative to the official position in the last quarter of 2025?,recency,5,DENSE,parentSon,exe3/clean-text/UK/debates2025-10-30.txt (exe3/parent-child-chunked-text/UK/children/child_chunk_21750.txt),0.7026,2025
soft_decay,uk,What is the latest official position regarding legislation on the protection of veterans?,recency,5,DENSE,parentSon,exe3/clean-text/UK/debates2025-10-15.txt (exe3/parent-child-chunked-text/UK/children/child_chunk_21109.txt),0.7212,2025
soft_decay,uk,What is the latest official position regarding legislation on the protection of veterans?,recency,5,DENSE,parentSon,exe3/clean-text/UK/debates2025-10-15.txt (exe3/parent-child-chunked-text/UK/children/child_chunk_21103.txt),0.7097,2025
soft_decay,uk,What is the latest official position regarding legislation on the protection of veterans?,recency,5,DENSE,parentSon,exe3/clean-text/UK/debates2025-10-15.txt (exe3/parent-child-chunked-text/UK/children/child_chunk_21110.txt),0.7061,2025
soft_decay,uk,What is the latest official position regarding legislation on the protection of veterans?,recency,5,DENSE,parentSon,exe3/clean-text/UK/debates2025-10-15.txt (exe3/parent-child-chunked-text/UK/children/child_chunk_21111.txt),0.7056,2025
soft_decay,uk,What is the latest official position regarding legislation on the protection of veterans?,recency,5,DENSE,parentSon,exe3/clean-text/UK/debates2025-10-15.txt (exe3/parent-child-chunked-text/UK/children/child_chunk_21104.txt),0.7036,2025
soft_decay,uk,how did the prime minister/president's rhetoric regarding the war between israel and hamas/gaza change between his first and last speech?,evolution,5,DENSE,parentSon,exe3/clean-text/UK/debates2025-10-29.txt (exe3/parent-child-chunked-text/UK/children/child_chunk_21666.txt),0.7425,2025
soft_decay,uk,how did the prime minister/president's rhetoric regarding the war between israel and hamas/gaza change between his first and last speech?,evolution,5,DENSE,parentSon,exe3/clean-text/UK/debates2025-10-29.txt (exe3/parent-child-chunked-text/UK/children/child_chunk_21678.txt),0.7421,2025
soft_decay,uk,how did the prime minister/president's rhetoric regarding the war between israel and hamas/gaza change between his first and last speech?,evolution,5,DENSE,parentSon,exe3/clean-text/UK/debates2025-10-29.txt (exe3/parent-child-chunked-text/UK/children/child_chunk_21682.txt),0.7413,2025
soft_decay,uk,how did the prime minister/president's rhetoric regarding the war between israel and hamas/gaza change between his first and last speech?,evolution,5,DENSE,parentSon,exe3/clean-text/UK/debates2025-10-29.txt (exe3/parent-child-chunked-text/UK/children/child_chunk_21688.txt),0.739,2025
soft_decay,uk,how did the prime minister/president's rhetoric regarding the war between israel and hamas/gaza change between his first and last speech?,evolution,5,DENSE,parentSon,exe3/clean-text/UK/debates2025-10-29.txt (exe3/parent-child-chunked-text/UK/children/child_chunk_21675.txt),0.738,2025
soft_decay,uk,How has the approach to the restoration and maintenance of local and community infrastructure changed between late 2023 and late 2024?,evolution,5,DENSE,parentSon,exe3/clean-text/UK/debates2025-10-13.txt (exe3/parent-child-chunked-text/UK/children/child_chunk_20996.txt),0.7067,2025
soft_decay,uk,How has the approach to the restoration and maintenance of local and community infrastructure changed between late 2023 and late 2024?,evolution,5,DENSE,parentSon,exe3/clean-text/UK/debates2025-10-22.txt (exe3/parent-child-chunked-text/UK/children/child_chunk_21362.txt),0.7061,2025
soft_decay,uk,How has the approach to the restoration and maintenance of local and community infrastructure changed between late 2023 and late 2024?,evolution,5,DENSE,parentSon,exe3/clean-text/UK/debates2025-10-22.txt (exe3/parent-child-chunked-text/UK/children/child_chunk_21361.txt),0.706,2025
soft_decay,uk,How has the approach to the restoration and maintenance of local and community infrastructure changed between late 2023 and late 2024?,evolution,5,DENSE,parentSon,exe3/clean-text/UK/debates2025-10-29.txt (exe3/parent-child-chunked-text/UK/children/child_chunk_21632.txt),0.7052,2025
soft_decay,uk,How has the approach to the restoration and maintenance of local and community infrastructure changed between late 2023 and late 2024?,evolution,5,DENSE,parentSon,exe3/clean-text/UK/debates2025-10-22.txt (exe3/parent-child-chunked-text/UK/children/child_chunk_21407.txt),0.704,2025
soft_decay,uk,who is the minister of defense/secretary of defense?,ambiguity,5,DENSE,parentSon,exe3/clean-text/UK/debates2025-10-28.txt (exe3/parent-child-chunked-text/UK/children/child_chunk_21590.txt),0.7195,2025
soft_decay,uk,who is the minister of defense/secretary of defense?,ambiguity,5,DENSE,parentSon,exe3/clean-text/UK/debates2025-10-23.txt (exe3/parent-child-chunked-text/UK/children/child_chunk_21448.txt),0.7172,2025
soft_decay,uk,who is the minister of defense/secretary of defense?,ambiguity,5,DENSE,parentSon,exe3/clean-text/UK/debates2025-10-30.txt (exe3/parent-child-chunked-text/UK/children/child_chunk_21722.txt),0.7103,2025
soft_decay,uk,who is the minister of defense/secretary of defense?,ambiguity,5,DENSE,parentSon,exe3/clean-text/UK/debates2025-10-23.txt (exe3/parent-child-chunked-text/UK/children/child_chunk_21480.txt),0.7078,2025
soft_decay,uk,who is the minister of defense/secretary of defense?,ambiguity,5,DENSE,parentSon,exe3/clean-text/UK/debates2025-10-28.txt (exe3/parent-child-chunked-text/UK/children/child_chunk_21600.txt),0.7063,2025
soft_decay,uk,Who holds the position responsible for Rural Development?,ambiguity,5,DENSE,parentSon,exe3/clean-text/UK/debates2025-10-30.txt (exe3/parent-child-chunked-text/UK/children/child_chunk_21697.txt),0.6857,2025
soft_decay,uk,Who holds the position responsible for Rural Development?,ambiguity,5,DENSE,parentSon,exe3/clean-text/UK/debates2025-10-30.txt (exe3/parent-child-chunked-text/UK/children/child_chunk_21694.txt),0.6797,2025
soft_decay,uk,Who holds the position responsible for Rural Development?,ambiguity,5,DENSE,parentSon,exe3/clean-text/UK/debates2025-10-29.txt (exe3/parent-child-chunked-text/UK/children/child_chunk_21631.txt),0.6775,2025
soft_decay,uk,Who holds the position responsible for Rural Development?,ambiguity,5,DENSE,parentSon,exe3/clean-text/UK/debates2025-10-23.txt (exe3/parent-child-chunked-text/UK/children/child_chunk_21464.txt),0.6774,2025
soft_decay,uk,Who holds the position responsible for Rural Development?,ambiguity,5,DENSE,parentSon,exe3/clean-text/UK/debates2025-10-30.txt (exe3/parent-child-chunked-text/UK/children/child_chunk_21693.txt),0.6772,2025
soft_decay,uk,what was the specific budget allocated to security in 2024?,hard_filter,5,BM25,fixed,exe3/clean-text/UK/debates2024-11-04.txt (exe3/chunked-text/UK/chunk_4734.txt),40.2473,2024
soft_decay,uk,what was the specific budget allocated to security in 2024?,hard_filter,5,BM25,fixed,exe3/clean-text/UK/debates2025-07-16.txt (exe3/chunked-text/UK/chunk_8495.txt),36.6685,2025
soft_decay,uk,what was the specific budget allocated to security in 2024?,hard_filter,5,BM25,fixed,exe3/clean-text/UK/debates2024-01-22.txt (exe3/chunked-text/UK/chunk_1876.txt),36.4181,2024
soft_decay,uk,what was the specific budget allocated to security in 2024?,hard_filter,5,BM25,fixed,exe3/clean-text/UK/debates2025-03-04.txt (exe3/chunked-text/UK/chunk_6393.txt),36.3301,2025
soft_decay,uk,what was the specific budget allocated to security in 2024?,hard_filter,5,BM25,fixed,exe3/clean-text/UK/debates2024-05-09.txt (exe3/chunked-text/UK/chunk_3448.txt),36.1124,2024
soft_decay,uk,What was the specific amount allocated to support the public sector for National Insurance costs in 2025?,hard_filter,5,BM25,fixed,exe3/clean-text/UK/debates2025-03-04.txt (exe3/chunked-text/UK/chunk_6393.txt),67.9351,2025
soft_decay,uk,What was the specific amount allocated to support the public sector for National Insurance costs in 2025?,hard_filter,5,BM25,fixed,exe3/clean-text/UK/debates2024-11-14.txt (exe3/chunked-text/UK/chunk_4906.txt),61.8419,2024
soft_decay,uk,What was the specific amount allocated to support the public sector for National Insurance costs in 2025?,hard_filter,5,BM25,fixed,exe3/clean-text/UK/debates2024-12-03.txt (exe3/chunked-text/UK/chunk_5189.txt),57.7881,2024
soft_decay,uk,What was the specific amount allocated to support the public sector for National Insurance costs in 2025?,hard_filter,5,BM25,fixed,exe3/clean-text/UK/debates2025-01-27.txt (exe3/chunked-text/UK/chunk_5924.txt),52.677,2025
soft_decay,uk,What was the specific amount allocated to support the public sector for National Insurance costs in 2025?,hard_filter,5,BM25,fixed,exe3/clean-text/UK/debates2024-12-19.txt (exe3/chunked-text/UK/chunk_5521.txt),51.6592,2024
soft_decay,uk,What is the current official position regarding the State of Israel?,recency,5,BM25,fixed,exe3/clean-text/UK/debates2024-02-01.txt (exe3/chunked-text/UK/chunk_2116.txt),47.3319,2024
soft_decay,uk,What is the current official position regarding the State of Israel?,recency,5,BM25,fixed,exe3/clean-text/UK/debates2025-01-07.txt (exe3/chunked-text/UK/chunk_5571.txt),40.9215,2025
soft_decay,uk,What is the current official position regarding the State of Israel?,recency,5,BM25,fixed,exe3/clean-text/UK/debates2025-10-29.txt (exe3/chunked-text/UK/chunk_9174.txt),40.8801,2025
soft_decay,uk,What is the current official position regarding the State of Israel?,recency,5,BM25,fixed,exe3/clean-text/UK/debates2024-05-07.txt (exe3/chunked-text/UK/chunk_3404.txt),39.0391,2024
soft_decay,uk,What is the current official position regarding the State of Israel?,recency,5,BM25,fixed,exe3/clean-text/UK/debates2024-02-26.txt (exe3/chunked-text/UK/chunk_2427.txt),38.6108,2024
soft_decay,uk,What is the current official position regarding Hamas/Gaza?,recency,5,BM25,fixed,exe3/clean-text/UK/debates2025-10-29.txt (exe3/chunked-text/UK/chunk_9174.txt),70.046,2025
soft_decay,uk,What is the current official position regarding Hamas/Gaza?,recency,5,BM25,fixed,exe3/clean-text/UK/debates2023-12-11.txt (exe3/chunked-text/UK/chunk_1476.txt),60.1437,2023
soft_decay,uk,What is the current official position regarding Hamas/Gaza?,recency,5,BM25,fixed,exe3/clean-text/UK/debates2024-05-07.txt (exe3/chunked-text/UK/chunk_3404.txt),59.0771,2024
soft_decay,uk,What is the current official position regarding Hamas/Gaza?,recency,5,BM25,fixed,exe3/clean-text/UK/debates2024-02-01.txt (exe3/chunked-text/UK/chunk_2116.txt),58.4519,2024
soft_decay,uk,What is the current official position regarding Hamas/Gaza?,recency,5,BM25,fixed,exe3/clean-text/UK/debates2024-04-29.txt (exe3/chunked-text/UK/chunk_3298.txt),57.5619,2024
soft_decay,uk,Was the official position in the last quarter of 2023 supportive of the State of Israel?,recency,5,BM25,fixed,exe3/clean-text/UK/debates2024-03-26.txt (exe3/chunked-text/UK/chunk_2989.txt),51.1683,2024
soft_decay,uk,Was the official position in the last quarter of 2023 supportive of the State of Israel?,recency,5,BM25,fixed,exe3/clean-text/UK/debates2025-05-13.txt (exe3/chunked-text/UK/chunk_7427.txt),50.5253,2025
soft_decay,uk,Was the official position in the last quarter of 2023 supportive of the State of Israel?,recency,5,BM25,fixed,exe3/clean-text/UK/debates2024-03-07.txt (exe3/chunked-text/UK/chunk_2647.txt),49.1913,2024
soft_decay,uk,Was the official position in the last quarter of 2023 supportive of the State of Israel?,recency,5,BM25,fixed,exe3/clean-text/UK/debates2024-01-16.txt (exe3/chunked-text/UK/chunk_1770.txt),44.2622,2024
soft_decay,uk,Was the official position in the last quarter of 2023 supportive of the State of Israel?,recency,5,BM25,fixed,exe3/clean-text/UK/debates2024-01-08.txt (exe3/chunked-text/UK/chunk_1629.txt),44.2015,2024
soft_decay,uk,Was the official position in the last quarter of 2023 supportive of Hamas/Gaza?,recency,5,BM25,fixed,exe3/clean-text/UK/debates2025-05-13.txt (exe3/chunked-text/UK/chunk_7427.txt),67.5395,2025
soft_decay,uk,Was the official position in the last quarter of 2023 supportive of Hamas/Gaza?,recency,5,BM25,fixed,exe3/clean-text/UK/debates2023-12-04.txt (exe3/chunked-text/UK/chunk_1365.txt),65.203,2023
soft_decay,uk,Was the official position in the last quarter of 2023 supportive of Hamas/Gaza?,recency,5,BM25,fixed,exe3/clean-text/UK/debates2023-12-12.txt (exe3/chunked-text/UK/chunk_1488.txt),65.1263,2023
soft_decay,uk,Was the official position in the last quarter of 2023 supportive of Hamas/Gaza?,recency,5,BM25,fixed,exe3/clean-text/UK/debates2025-03-04.txt (exe3/chunked-text/UK/chunk_6410.txt),63.3965,2025
soft_decay,uk,Was the official position in the last quarter of 2023 supportive of Hamas/Gaza?,recency,5,BM25,fixed,exe3/clean-text/UK/debates2023-11-27.txt (exe3/chunked-text/UK/chunk_1247.txt),62.508,2023
soft_decay,uk,Has the official position in the last quarter of 2023 changed relative to the official position in the last quarter of 2025?,recency,5,BM25,fixed,exe3/clean-text/UK/debates2024-11-11.txt (exe3/chunked-text/UK/chunk_4804.txt),66.1828,2024
soft_decay,uk,Has the official position in the last quarter of 2023 changed relative to the official position in the last quarter of 2025?,recency,5,BM25,fixed,exe3/clean-text/UK/debates2025-03-31.txt (exe3/chunked-text/UK/chunk_6921.txt),64.2971,2025
soft_decay,uk,Has the official position in the last quarter of 2023 changed relative to the official position in the last quarter of 2025?,recency,5,BM25,fixed,exe3/clean-text/UK/debates2024-07-29.txt (exe3/chunked-text/UK/chunk_3994.txt),53.6311,2024
soft_decay,uk,Has the official position in the last quarter of 2023 changed relative to the official position in the last quarter of 2025?,recency,5,BM25,fixed,exe3/clean-text/UK/debates2024-05-07.txt (exe3/chunked-text/UK/chunk_3386.txt),51.7084,2024
soft_decay,uk,Has the official position in the last quarter of 2023 changed relative to the official position in the last quarter of 2025?,recency,5,BM25,fixed,exe3/clean-text/UK/debates2025-10-27.txt (exe3/chunked-text/UK/chunk_9113.txt),51.0317,2025
soft_decay,uk,What is the latest official position regarding legislation on the protection of veterans?,recency,5,BM25,fixed,exe3/clean-text/UK/debates2024-05-20.txt (exe3/chunked-text/UK/chunk_3624.txt),49.4844,2024
soft_decay,uk,What is the latest official position regarding legislation on the protection of veterans?,recency,5,BM25,fixed,exe3/clean-text/UK/debates2024-01-25.txt (exe3/chunked-text/UK/chunk_1985.txt),43.0601,2024
soft_decay,uk,What is the latest official position regarding legislation on the protection of veterans?,recency,5,BM25,fixed,exe3/clean-text/UK/debates2025-04-23.txt (exe3/chunked-text/UK/chunk_7135.txt),43.0271,2025
soft_decay,uk,What is the latest official position regarding legislation on the protection of veterans?,recency,5,BM25,fixed,exe3/clean-text/UK/debates2024-05-20.txt (exe3/chunked-text/UK/chunk_3625.txt),42.7679,2024
soft_decay,uk,What is the latest official position regarding legislation on the protection of veterans?,recency,5,BM25,fixed,exe3/clean-text/UK/debates2024-04-25.txt (exe3/chunked-text/UK/chunk_3223.txt),42.328,2024
soft_decay,uk,how did the prime minister/president's rhetoric regarding the war between israel and hamas/gaza change between his first and last speech?,evolution,5,BM25,fixed,exe3/clean-text/UK/debates2024-01-08.txt (exe3/chunked-text/UK/chunk_1646.txt),109.2273,2024
soft_decay,uk,how did the prime minister/president's rhetoric regarding the war between israel and hamas/gaza change between his first and last speech?,evolution,5,BM25,fixed,exe3/clean-text/UK/debates2023-10-16.txt (exe3/chunked-text/UK/chunk_696.txt),106.3942,2023
soft_decay,uk,how did the prime minister/president's rhetoric regarding the war between israel and hamas/gaza change between his first and last speech?,evolution,5,BM25,fixed,exe3/clean-text/UK/debates2023-10-16.txt (exe3/chunked-text/UK/chunk_695.txt),98.297,2023
soft_decay,uk,how did the prime minister/president's rhetoric regarding the war between israel and hamas/gaza change between his first and last speech?,evolution,5,BM25,fixed,exe3/clean-text/UK/debates2025-09-10.txt (exe3/chunked-text/UK/chunk_8790.txt),97.3791,2025
soft_decay,uk,how did the prime minister/president's rhetoric regarding the war between israel and hamas/gaza change between his first and last speech?,evolution,5,BM25,fixed,exe3/clean-text/UK/debates2023-12-19.txt (exe3/chunked-text/UK/chunk_1617.txt),95.1401,2023
soft_decay,uk,How has the approach to the restoration and maintenance of local and community infrastructure changed between late 2023 and late 2024?,evolution,5,BM25,fixed,exe3/clean-text/UK/debates2024-02-08.txt (exe3/chunked-text/UK/chunk_2259.txt),66.4701,2024
soft_decay,uk,How has the approach to the restoration and maintenance of local and community infrastructure changed between late 2023 and late 2024?,evolution,5,BM25,fixed,exe3/clean-text/UK/debates2024-02-05.txt (exe3/chunked-text/UK/chunk_2160.txt),60.9689,2024
soft_decay,uk,How has the approach to the restoration and maintenance of local and community infrastructure changed between late 2023 and late 2024?,evolution,5,BM25,fixed,exe3/clean-text/UK/debates2025-04-03.txt (exe3/chunked-text/UK/chunk_6999.txt),59.6349,2025
soft_decay,uk,How has the approach to the restoration and maintenance of local and community infrastructure changed between late 2023 and late 2024?,evolution,5,BM25,fixed,exe3/clean-text/UK/debates2025-05-08.txt (exe3/chunked-text/UK/chunk_7395.txt),58.8932,2025
soft_decay,uk,How has the approach to the restoration and maintenance of local and community infrastructure changed between late 2023 and late 2024?,evolution,5,BM25,fixed,exe3/clean-text/UK/debates2024-05-20.txt (exe3/chunked-text/UK/chunk_3616.txt),54.013,2024
soft_decay,uk,who is the minister of defense/secretary of defense?,ambiguity,5,BM25,fixed,exe3/clean-text/UK/debates2025-01-06.txt (exe3/chunked-text/UK/chunk_5532.txt),17.3587,2025
soft_decay,uk,who is the minister of defense/secretary of defense?,ambiguity,5,BM25,fixed,exe3/clean-text/UK/debates2023-11-09.txt (exe3/chunked-text/UK/chunk_983.txt),2.0849,2023
soft_decay,uk,who is the minister of defense/secretary of defense?,ambiguity,5,BM25,fixed,exe3/clean-text/UK/debates2025-09-15.txt (exe3/chunked-text/UK/chunk_8848.txt),2.084,2025
soft_decay,uk,who is the minister of defense/secretary of defense?,ambiguity,5,BM25,fixed,exe3/clean-text/UK/debates2025-01-09.txt (exe3/chunked-text/UK/chunk_5620.txt),2.0825,2025
soft_decay,uk,who is the minister of defense/secretary of defense?,ambiguity,5,BM25,fixed,exe3/clean-text/UK/debates2024-03-20.txt (exe3/chunked-text/UK/chunk_2881.txt),2.0603,2024
soft_decay,uk,Who holds the position responsible for Rural Development?,ambiguity,5,BM25,fixed,exe3/clean-text/UK/debates2023-12-05.txt (exe3/chunked-text/UK/chunk_1388.txt),39.6979,2023
soft_decay,uk,Who holds the position responsible for Rural Development?,ambiguity,5,BM25,fixed,exe3/clean-text/UK/debates2024-12-16.txt (exe3/chunked-text/UK/chunk_5428.txt),37.4592,2024
soft_decay,uk,Who holds the position responsible for Rural Development?,ambiguity,5,BM25,fixed,exe3/clean-text/UK/debates2024-12-03.txt (exe3/chunked-text/UK/chunk_5194.txt),36.9335,2024
soft_decay,uk,Who holds the position responsible for Rural Development?,ambiguity,5,BM25,fixed,exe3/clean-text/UK/debates2023-12-11.txt (exe3/chunked-text/UK/chunk_1475.txt),35.8473,2023
soft_decay,uk,Who holds the position responsible for Rural Development?,ambiguity,5,BM25,fixed,exe3/clean-text/UK/debates2024-09-09.txt (exe3/chunked-text/UK/chunk_4163.txt),35.1043,2024
soft_decay,uk,what was the specific budget allocated to security in 2024?,hard_filter,5,BM25,parentSon,exe3/clean-text/UK/debates2025-07-16.txt (exe3/parent-child-chunked-text/UK/children/child_chunk_20056.txt),57.5013,2025
soft_decay,uk,what was the specific budget allocated to security in 2024?,hard_filter,5,BM25,parentSon,exe3/clean-text/UK/debates2025-04-29.txt (exe3/parent-child-chunked-text/UK/children/child_chunk_17098.txt),54.4104,2025
soft_decay,uk,what was the specific budget allocated to security in 2024?,hard_filter,5,BM25,parentSon,exe3/clean-text/UK/debates2023-10-17.txt (exe3/parent-child-chunked-text/UK/children/child_chunk_1692.txt),52.8399,2023
soft_decay,uk,what was the specific budget allocated to security in 2024?,hard_filter,5,BM25,parentSon,exe3/clean-text/UK/debates2023-10-17.txt (exe3/parent-child-chunked-text/UK/children/child_chunk_1703.txt),52.1817,2023
soft_decay,uk,what was the specific budget allocated to security in 2024?,hard_filter,5,BM25,parentSon,exe3/clean-text/UK/debates2023-11-08.txt (exe3/parent-child-chunked-text/UK/children/child_chunk_2270.txt),51.8006,2023
soft_decay,uk,What was the specific amount allocated to support the public sector for National Insurance costs in 2025?,hard_filter,5,BM25,parentSon,exe3/clean-text/UK/debates2025-03-04.txt (exe3/parent-child-chunked-text/UK/children/child_chunk_15078.txt),94.3794,2025
soft_decay,uk,What was the specific amount allocated to support the public sector for National Insurance costs in 2025?,hard_filter,5,BM25,parentSon,exe3/clean-text/UK/debates2025-01-27.txt (exe3/parent-child-chunked-text/UK/children/child_chunk_13969.txt),74.166,2025
soft_decay,uk,What was the specific amount allocated to support the public sector for National Insurance costs in 2025?,hard_filter,5,BM25,parentSon,exe3/clean-text/UK/debates2024-12-03.txt (exe3/parent-child-chunked-text/UK/children/child_chunk_12246.txt),68.8008,2024
soft_decay,uk,What was the specific amount allocated to support the public sector for National Insurance costs in 2025?,hard_filter,5,BM25,parentSon,exe3/clean-text/UK/debates2025-01-27.txt (exe3/parent-child-chunked-text/UK/children/child_chunk_13970.txt),64.5642,2025
soft_decay,uk,What was the specific amount allocated to support the public sector for National Insurance costs in 2025?,hard_filter,5,BM25,parentSon,exe3/clean-text/UK/debates2025-07-01.txt (exe3/parent-child-chunked-text/UK/children/child_chunk_19336.txt),61.9369,2025
soft_decay,uk,What is the current official position regarding the State of Israel?,recency,5,BM25,parentSon,exe3/clean-text/UK/debates2024-02-01.txt (exe3/parent-child-chunked-text/UK/children/child_chunk_4999.txt),68.7008,2024
soft_decay,uk,What is the current official position regarding the State of Israel?,recency,5,BM25,parentSon,exe3/clean-text/UK/debates2025-10-29.txt (exe3/parent-child-chunked-text/UK/children/child_chunk_21668.txt),59.5927,2025
soft_decay,uk,What is the current official position regarding the State of Israel?,recency,5,BM25,parentSon,exe3/clean-text/UK/debates2024-12-06.txt (exe3/parent-child-chunked-text/UK/children/child_chunk_12489.txt),54.2396,2024
soft_decay,uk,What is the current official position regarding the State of Israel?,recency,5,BM25,parentSon,exe3/clean-text/UK/debates2023-11-14.txt (exe3/parent-child-chunked-text/UK/children/child_chunk_2506.txt),52.0264,2023
soft_decay,uk,What is the current official position regarding the State of Israel?,recency,5,BM25,parentSon,exe3/clean-text/UK/debates2024-12-03.txt (exe3/parent-child-chunked-text/UK/children/child_chunk_12288.txt),51.9555,2024
soft_decay,uk,What is the current official position regarding Hamas/Gaza?,recency,5,BM25,parentSon,exe3/clean-text/UK/debates2025-10-29.txt (exe3/parent-child-chunked-text/UK/children/child_chunk_21668.txt),88.0699,2025
soft_decay,uk,What is the current official position regarding Hamas/Gaza?,recency,5,BM25,parentSon,exe3/clean-text/UK/debates2024-02-01.txt (exe3/parent-child-chunked-text/UK/children/child_chunk_4999.txt),81.0839,2024
soft_decay,uk,What is the current official position regarding Hamas/Gaza?,recency,5,BM25,parentSon,exe3/clean-text/UK/debates2023-12-11.txt (exe3/parent-child-chunked-text/UK/children/child_chunk_3480.txt),79.6126,2023
soft_decay,uk,What is the current official position regarding Hamas/Gaza?,recency,5,BM25,parentSon,exe3/clean-text/UK/debates2023-11-14.txt (exe3/parent-child-chunked-text/UK/children/child_chunk_2506.txt),75.8097,2023
soft_decay,uk,What is the current official position regarding Hamas/Gaza?,recency,5,BM25,parentSon,exe3/clean-text/UK/debates2024-05-07.txt (exe3/parent-child-chunked-text/UK/children/child_chunk_8019.txt),72.8617,2024
soft_decay,uk,Was the official position in the last quarter of 2023 supportive of the State of Israel?,recency,5,BM25,parentSon,exe3/clean-text/UK/debates2024-03-26.txt (exe3/parent-child-chunked-text/UK/children/child_chunk_7044.txt),99.9699,2024
soft_decay,uk,Was the official position in the last quarter of 2023 supportive of the State of Israel?,recency,5,BM25,parentSon,exe3/clean-text/UK/debates2024-03-07.txt (exe3/parent-child-chunked-text/UK/children/child_chunk_6246.txt),68.6884,2024
soft_decay,uk,Was the official position in the last quarter of 2023 supportive of the State of Israel?,recency,5,BM25,parentSon,exe3/clean-text/UK/debates2023-12-04.txt (exe3/parent-child-chunked-text/UK/children/child_chunk_3215.txt),64.5225,2023
soft_decay,uk,Was the official position in the last quarter of 2023 supportive of the State of Israel?,recency,5,BM25,parentSon,exe3/clean-text/UK/debates2025-05-13.txt (exe3/parent-child-chunked-text/UK/children/child_chunk_17533.txt),63.4621,2025
soft_decay,uk,Was the official position in the last quarter of 2023 supportive of the State of Israel?,recency,5,BM25,parentSon,exe3/clean-text/UK/debates2024-01-16.txt (exe3/parent-child-chunked-text/UK/children/child_chunk_4175.txt),59.6325,2024
soft_decay,uk,Was the official position in the last quarter of 2023 supportive of Hamas/Gaza?,recency,5,BM25,parentSon,exe3/clean-text/UK/debates2024-03-26.txt (exe3/parent-child-chunked-text/UK/children/child_chunk_7044.txt),81.8328,2024
soft_decay,uk,Was the official position in the last quarter of 2023 supportive of Hamas/Gaza?,recency,5,BM25,parentSon,exe3/clean-text/UK/debates2023-12-11.txt (exe3/parent-child-chunked-text/UK/children/child_chunk_3480.txt),79.1479,2023
soft_decay,uk,Was the official position in the last quarter of 2023 supportive of Hamas/Gaza?,recency,5,BM25,parentSon,exe3/clean-text/UK/debates2023-12-04.txt (exe3/parent-child-chunked-text/UK/children/child_chunk_3216.txt),78.0829,2023
soft_decay,uk,Was the official position in the last quarter of 2023 supportive of Hamas/Gaza?,recency,5,BM25,parentSon,exe3/clean-text/UK/debates2023-11-14.txt (exe3/parent-child-chunked-text/UK/children/child_chunk_2506.txt),75.3672,2023
soft_decay,uk,Was the official position in the last quarter of 2023 supportive of Hamas/Gaza?,recency,5,BM25,parentSon,exe3/clean-text/UK/debates2025-05-13.txt (exe3/parent-child-chunked-text/UK/children/child_chunk_17533.txt),69.5864,2025
soft_decay,uk,Has the official position in the last quarter of 2023 changed relative to the official position in the last quarter of 2025?,recency,5,BM25,parentSon,exe3/clean-text/UK/debates2025-03-31.txt (exe3/parent-child-chunked-text/UK/children/child_chunk_16339.txt),74.0669,2025
soft_decay,uk,Has the official position in the last quarter of 2023 changed relative to the official position in the last quarter of 2025?,recency,5,BM25,parentSon,exe3/clean-text/UK/debates2025-03-31.txt (exe3/parent-child-chunked-text/UK/children/child_chunk_16338.txt),70.6906,2025
soft_decay,uk,Has the official position in the last quarter of 2023 changed relative to the official position in the last quarter of 2025?,recency,5,BM25,parentSon,exe3/clean-text/UK/debates2024-11-11.txt (exe3/parent-child-chunked-text/UK/children/child_chunk_11336.txt),68.0287,2024
soft_decay,uk,Has the official position in the last quarter of 2023 changed relative to the official position in the last quarter of 2025?,recency,5,BM25,parentSon,exe3/clean-text/UK/debates2025-07-10.txt (exe3/parent-child-chunked-text/UK/children/child_chunk_19797.txt),64.644,2025
soft_decay,uk,Has the official position in the last quarter of 2023 changed relative to the official position in the last quarter of 2025?,recency,5,BM25,parentSon,exe3/clean-text/UK/debates2024-03-26.txt (exe3/parent-child-chunked-text/UK/children/child_chunk_7044.txt),63.6377,2024
soft_decay,uk,What is the latest official position regarding legislation on the protection of veterans?,recency,5,BM25,parentSon,exe3/clean-text/UK/debates2024-01-25.txt (exe3/parent-child-chunked-text/UK/children/child_chunk_4692.txt),59.9143,2024
soft_decay,uk,What is the latest official position regarding legislation on the protection of veterans?,recency,5,BM25,parentSon,exe3/clean-text/UK/debates2024-05-07.txt (exe3/parent-child-chunked-text/UK/children/child_chunk_8019.txt),58.9263,2024
soft_decay,uk,What is the latest official position regarding legislation on the protection of veterans?,recency,5,BM25,parentSon,exe3/clean-text/UK/debates2025-09-02.txt (exe3/parent-child-chunked-text/UK/children/child_chunk_20403.txt),57.1745,2025
soft_decay,uk,What is the latest official position regarding legislation on the protection of veterans?,recency,5,BM25,parentSon,exe3/clean-text/UK/debates2025-06-25.txt (exe3/parent-child-chunked-text/UK/children/child_chunk_19152.txt),54.4231,2025
soft_decay,uk,What is the latest official position regarding legislation on the protection of veterans?,recency,5,BM25,parentSon,exe3/clean-text/UK/debates2024-12-03.txt (exe3/parent-child-chunked-text/UK/children/child_chunk_12288.txt),54.3347,2024
soft_decay,uk,how did the prime minister/president's rhetoric regarding the war between israel and hamas/gaza change between his first and last speech?,evolution,5,BM25,parentSon,exe3/clean-text/UK/debates2023-10-16.txt (exe3/parent-child-chunked-text/UK/children/child_chunk_1643.txt),121.0181,2023
soft_decay,uk,how did the prime minister/president's rhetoric regarding the war between israel and hamas/gaza change between his first and last speech?,evolution,5,BM25,parentSon,exe3/clean-text/UK/debates2024-01-08.txt (exe3/parent-child-chunked-text/UK/children/child_chunk_3876.txt),120.5212,2024
soft_decay,uk,how did the prime minister/president's rhetoric regarding the war between israel and hamas/gaza change between his first and last speech?,evolution,5,BM25,parentSon,exe3/clean-text/UK/debates2023-12-04.txt (exe3/parent-child-chunked-text/UK/children/child_chunk_3228.txt),109.3053,2023
soft_decay,uk,how did the prime minister/president's rhetoric regarding the war between israel and hamas/gaza change between his first and last speech?,evolution,5,BM25,parentSon,exe3/clean-text/UK/debates2025-05-14.txt (exe3/parent-child-chunked-text/UK/children/child_chunk_17658.txt),107.6547,2025
soft_decay,uk,how did the prime minister/president's rhetoric regarding the war between israel and hamas/gaza change between his first and last speech?,evolution,5,BM25,parentSon,exe3/clean-text/UK/debates2023-10-24.txt (exe3/parent-child-chunked-text/UK/children/child_chunk_1990.txt),100.275,2023
soft_decay,uk,How has the approach to the restoration and maintenance of local and community infrastructure changed between late 2023 and late 2024?,evolution,5,BM25,parentSon,exe3/clean-text/UK/debates2023-10-26.txt (exe3/parent-child-chunked-text/UK/children/child_chunk_2150.txt),74.4767,2023
soft_decay,uk,How has the approach to the restoration and maintenance of local and community infrastructure changed between late 2023 and late 2024?,evolution,5,BM25,parentSon,exe3/clean-text/UK/debates2025-04-03.txt (exe3/parent-child-chunked-text/UK/children/child_chunk_16519.txt),73.6751,2025
soft_decay,uk,How has the approach to the restoration and maintenance of local and community infrastructure changed between late 2023 and late 2024?,evolution,5,BM25,parentSon,exe3/clean-text/UK/debates2024-02-08.txt (exe3/parent-child-chunked-text/UK/children/child_chunk_5336.txt),72.6812,2024
soft_decay,uk,How has the approach to the restoration and maintenance of local and community infrastructure changed between late 2023 and late 2024?,evolution,5,BM25,parentSon,exe3/clean-text/UK/debates2025-05-08.txt (exe3/parent-child-chunked-text/UK/children/child_chunk_17458.txt),71.0207,2025
soft_decay,uk,How has the approach to the restoration and maintenance of local and community infrastructure changed between late 2023 and late 2024?,evolution,5,BM25,parentSon,exe3/clean-text/UK/debates2024-05-20.txt (exe3/parent-child-chunked-text/UK/children/child_chunk_8519.txt),67.6271,2024
soft_decay,uk,who is the minister of defense/secretary of defense?,ambiguity,5,BM25,parentSon,exe3/clean-text/UK/debates2025-01-06.txt (exe3/parent-child-chunked-text/UK/children/child_chunk_13049.txt),23.5542,2025
soft_decay,uk,who is the minister of defense/secretary of defense?,ambiguity,5,BM25,parentSon,exe3/clean-text/UK/debates2024-03-20.txt (exe3/parent-child-chunked-text/UK/children/child_chunk_6787.txt),5.0016,2024
soft_decay,uk,who is the minister of defense/secretary of defense?,ambiguity,5,BM25,parentSon,exe3/clean-text/UK/debates2023-11-14.txt (exe3/parent-child-chunked-text/UK/children/child_chunk_2490.txt),4.9133,2023
soft_decay,uk,who is the minister of defense/secretary of defense?,ambiguity,5,BM25,parentSon,exe3/clean-text/UK/debates2023-11-09.txt (exe3/parent-child-chunked-text/UK/children/child_chunk_2335.txt),4.9052,2023
soft_decay,uk,who is the minister of defense/secretary of defense?,ambiguity,5,BM25,parentSon,exe3/clean-text/UK/debates2023-11-09.txt (exe3/parent-child-chunked-text/UK/children/child_chunk_2323.txt),4.8361,2023
soft_decay,uk,Who holds the position responsible for Rural Development?,ambiguity,5,BM25,parentSon,exe3/clean-text/UK/debates2024-12-16.txt (exe3/parent-child-chunked-text/UK/children/child_chunk_12807.txt),56.0434,2024
soft_decay,uk,Who holds the position responsible for Rural Development?,ambiguity,5,BM25,parentSon,exe3/clean-text/UK/debates2023-12-05.txt (exe3/parent-child-chunked-text/UK/children/child_chunk_3272.txt),54.1207,2023
soft_decay,uk,Who holds the position responsible for Rural Development?,ambiguity,5,BM25,parentSon,exe3/clean-text/UK/debates2025-06-19.txt (exe3/parent-child-chunked-text/UK/children/child_chunk_18869.txt),46.2238,2025
soft_decay,uk,Who holds the position responsible for Rural Development?,ambiguity,5,BM25,parentSon,exe3/clean-text/UK/debates2024-07-19.txt (exe3/parent-child-chunked-text/UK/children/child_chunk_8982.txt),45.0236,2024
soft_decay,uk,Who holds the position responsible for Rural Development?,ambiguity,5,BM25,parentSon,exe3/clean-text/UK/debates2024-12-03.txt (exe3/parent-child-chunked-text/UK/children/child_chunk_12258.txt),45.0215,2024
soft_decay,uk,what was the specific budget allocated to security in 2024?,hard_filter,8,DENSE,fixed,exe3/clean-text/UK/debates2025-07-15.txt (exe3/chunked-text/UK/chunk_8482.txt),0.8991,2025
soft_decay,uk,what was the specific budget allocated to security in 2024?,hard_filter,8,DENSE,fixed,exe3/clean-text/UK/debates2024-10-30.txt (exe3/chunked-text/UK/chunk_4683.txt),0.899,2024
soft_decay,uk,what was the specific budget allocated to security in 2024?,hard_filter,8,DENSE,fixed,exe3/clean-text/UK/debates2025-01-06.txt (exe3/chunked-text/UK/chunk_5538.txt),0.8977,2025
soft_decay,uk,what was the specific budget allocated to security in 2024?,hard_filter,8,DENSE,fixed,exe3/clean-text/UK/debates2024-12-05.txt (exe3/chunked-text/UK/chunk_5263.txt),0.8975,2024
soft_decay,uk,what was the specific budget allocated to security in 2024?,hard_filter,8,DENSE,fixed,exe3/clean-text/UK/debates2024-10-30.txt (exe3/chunked-text/UK/chunk_4677.txt),0.8975,2024
soft_decay,uk,what was the specific budget allocated to security in 2024?,hard_filter,8,DENSE,fixed,exe3/clean-text/UK/debates2024-10-30.txt (exe3/chunked-text/UK/chunk_4684.txt),0.8974,2024
soft_decay,uk,what was the specific budget allocated to security in 2024?,hard_filter,8,DENSE,fixed,exe3/clean-text/UK/debates2025-04-01.txt (exe3/chunked-text/UK/chunk_6929.txt),0.8974,2025
soft_decay,uk,what was the specific budget allocated to security in 2024?,hard_filter,8,DENSE,fixed,exe3/clean-text/UK/debates2024-12-19.txt (exe3/chunked-text/UK/chunk_5497.txt),0.8972,2024
soft_decay,uk,What was the specific amount allocated to support the public sector for National Insurance costs in 2025?,hard_filter,8,DENSE,fixed,exe3/clean-text/UK/debates2025-10-29.txt (exe3/chunked-text/UK/chunk_9168.txt),0.7138,2025
soft_decay,uk,What was the specific amount allocated to support the public sector for National Insurance costs in 2025?,hard_filter,8,DENSE,fixed,exe3/clean-text/UK/debates2025-10-30.txt (exe3/chunked-text/UK/chunk_9201.txt),0.7123,2025
soft_decay,uk,What was the specific amount allocated to support the public sector for National Insurance costs in 2025?,hard_filter,8,DENSE,fixed,exe3/clean-text/UK/debates2025-10-30.txt (exe3/chunked-text/UK/chunk_9190.txt),0.7087,2025
soft_decay,uk,What was the specific amount allocated to support the public sector for National Insurance costs in 2025?,hard_filter,8,DENSE,fixed,exe3/clean-text/UK/debates2025-10-27.txt (exe3/chunked-text/UK/chunk_9120.txt),0.7085,2025
soft_decay,uk,What was the specific amount allocated to support the public sector for National Insurance costs in 2025?,hard_filter,8,DENSE,fixed,exe3/clean-text/UK/debates2025-10-27.txt (exe3/chunked-text/UK/chunk_9110.txt),0.7081,2025
soft_decay,uk,What was the specific amount allocated to support the public sector for National Insurance costs in 2025?,hard_filter,8,DENSE,fixed,exe3/clean-text/UK/debates2025-10-29.txt (exe3/chunked-text/UK/chunk_9170.txt),0.7078,2025
soft_decay,uk,What was the specific amount allocated to support the public sector for National Insurance costs in 2025?,hard_filter,8,DENSE,fixed,exe3/clean-text/UK/debates2025-10-27.txt (exe3/chunked-text/UK/chunk_9112.txt),0.7078,2025
soft_decay,uk,What was the specific amount allocated to support the public sector for National Insurance costs in 2025?,hard_filter,8,DENSE,fixed,exe3/clean-text/UK/debates2025-10-29.txt (exe3/chunked-text/UK/chunk_9158.txt),0.7072,2025
soft_decay,uk,What is the current official position regarding the State of Israel?,recency,8,DENSE,fixed,exe3/clean-text/UK/debates2025-10-29.txt (exe3/chunked-text/UK/chunk_9180.txt),0.748,2025
soft_decay,uk,What is the current official position regarding the State of Israel?,recency,8,DENSE,fixed,exe3/clean-text/UK/debates2025-10-29.txt (exe3/chunked-text/UK/chunk_9179.txt),0.7439,2025
soft_decay,uk,What is the current official position regarding the State of Israel?,recency,8,DENSE,fixed,exe3/clean-text/UK/debates2025-10-29.txt (exe3/chunked-text/UK/chunk_9176.txt),0.7432,2025
soft_decay,uk,What is the current official position regarding the State of Israel?,recency,8,DENSE,fixed,exe3/clean-text/UK/debates2025-10-28.txt (exe3/chunked-text/UK/chunk_9133.txt),0.7418,2025
soft_decay,uk,What is the current official position regarding the State of Israel?,recency,8,DENSE,fixed,exe3/clean-text/UK/debates2025-10-28.txt (exe3/chunked-text/UK/chunk_9137.txt),0.7416,2025
soft_decay,uk,What is the current official position regarding the State of Israel?,recency,8,DENSE,fixed,exe3/clean-text/UK/debates2025-10-29.txt (exe3/chunked-text/UK/chunk_9178.txt),0.7414,2025
soft_decay,uk,What is the current official position regarding the State of Israel?,recency,8,DENSE,fixed,exe3/clean-text/UK/debates2025-10-29.txt (exe3/chunked-text/UK/chunk_9183.txt),0.741,2025
soft_decay,uk,What is the current official position regarding the State of Israel?,recency,8,DENSE,fixed,exe3/clean-text/UK/debates2025-10-29.txt (exe3/chunked-text/UK/chunk_9173.txt),0.7407,2025
soft_decay,uk,What is the current official position regarding Hamas/Gaza?,recency,8,DENSE,fixed,exe3/clean-text/UK/debates2025-10-29.txt (exe3/chunked-text/UK/chunk_9174.txt),0.7776,2025
soft_decay,uk,What is the current official position regarding Hamas/Gaza?,recency,8,DENSE,fixed,exe3/clean-text/UK/debates2025-10-29.txt (exe3/chunked-text/UK/chunk_9173.txt),0.7765,2025
soft_decay,uk,What is the current official position regarding Hamas/Gaza?,recency,8,DENSE,fixed,exe3/clean-text/UK/debates2025-10-29.txt (exe3/chunked-text/UK/chunk_9180.txt),0.7733,2025
soft_decay,uk,What is the current official position regarding Hamas/Gaza?,recency,8,DENSE,fixed,exe3/clean-text/UK/debates2025-10-29.txt (exe3/chunked-text/UK/chunk_9179.txt),0.7723,2025
soft_decay,uk,What is the current official position regarding Hamas/Gaza?,recency,8,DENSE,fixed,exe3/clean-text/UK/debates2025-10-28.txt (exe3/chunked-text/UK/chunk_9132.txt),0.7711,2025
soft_decay,uk,What is the current official position regarding Hamas/Gaza?,recency,8,DENSE,fixed,exe3/clean-text/UK/debates2025-10-29.txt (exe3/chunked-text/UK/chunk_9176.txt),0.7711,2025
soft_decay,uk,What is the current official position regarding Hamas/Gaza?,recency,8,DENSE,fixed,exe3/clean-text/UK/debates2025-10-29.txt (exe3/chunked-text/UK/chunk_9183.txt),0.7701,2025
soft_decay,uk,What is the current official position regarding Hamas/Gaza?,recency,8,DENSE,fixed,exe3/clean-text/UK/debates2025-10-29.txt (exe3/chunked-text/UK/chunk_9177.txt),0.7699,2025
soft_decay,uk,Was the official position in the last quarter of 2023 supportive of the State of Israel?,recency,8,DENSE,fixed,exe3/clean-text/UK/debates2024-07-30.txt (exe3/chunked-text/UK/chunk_4029.txt),0.8935,2024
soft_decay,uk,Was the official position in the last quarter of 2023 supportive of the State of Israel?,recency,8,DENSE,fixed,exe3/clean-text/UK/debates2025-02-25.txt (exe3/chunked-text/UK/chunk_6279.txt),0.8907,2025
soft_decay,uk,Was the official position in the last quarter of 2023 supportive of the State of Israel?,recency,8,DENSE,fixed,exe3/clean-text/UK/debates2025-05-13.txt (exe3/chunked-text/UK/chunk_7441.txt),0.8899,2025
soft_decay,uk,Was the official position in the last quarter of 2023 supportive of the State of Israel?,recency,8,DENSE,fixed,exe3/clean-text/UK/debates2025-03-20.txt (exe3/chunked-text/UK/chunk_6728.txt),0.8887,2025
soft_decay,uk,Was the official position in the last quarter of 2023 supportive of the State of Israel?,recency,8,DENSE,fixed,exe3/clean-text/UK/debates2025-09-02.txt (exe3/chunked-text/UK/chunk_8639.txt),0.8886,2025
soft_decay,uk,Was the official position in the last quarter of 2023 supportive of the State of Israel?,recency,8,DENSE,fixed,exe3/clean-text/UK/debates2025-01-14.txt (exe3/chunked-text/UK/chunk_5669.txt),0.8871,2025
soft_decay,uk,Was the official position in the last quarter of 2023 supportive of the State of Israel?,recency,8,DENSE,fixed,exe3/clean-text/UK/debates2024-01-30.txt (exe3/chunked-text/UK/chunk_2051.txt),0.8869,2024
soft_decay,uk,Was the official position in the last quarter of 2023 supportive of the State of Israel?,recency,8,DENSE,fixed,exe3/clean-text/UK/debates2024-10-31.txt (exe3/chunked-text/UK/chunk_4713.txt),0.8862,2024
soft_decay,uk,Was the official position in the last quarter of 2023 supportive of Hamas/Gaza?,recency,8,DENSE,fixed,exe3/clean-text/UK/debates2025-02-25.txt (exe3/chunked-text/UK/chunk_6279.txt),0.9049,2025
soft_decay,uk,Was the official position in the last quarter of 2023 supportive of Hamas/Gaza?,recency,8,DENSE,fixed,exe3/clean-text/UK/debates2025-09-02.txt (exe3/chunked-text/UK/chunk_8639.txt),0.9039,2025
soft_decay,uk,Was the official position in the last quarter of 2023 supportive of Hamas/Gaza?,recency,8,DENSE,fixed,exe3/clean-text/UK/debates2024-04-29.txt (exe3/chunked-text/UK/chunk_3296.txt),0.9027,2024
soft_decay,uk,Was the official position in the last quarter of 2023 supportive of Hamas/Gaza?,recency,8,DENSE,fixed,exe3/clean-text/UK/debates2025-05-13.txt (exe3/chunked-text/UK/chunk_7441.txt),0.9015,2025
soft_decay,uk,Was the official position in the last quarter of 2023 supportive of Hamas/Gaza?,recency,8,DENSE,fixed,exe3/clean-text/UK/debates2025-03-04.txt (exe3/chunked-text/UK/chunk_6408.txt),0.9014,2025
soft_decay,uk,Was the official position in the last quarter of 2023 supportive of Hamas/Gaza?,recency,8,DENSE,fixed,exe3/clean-text/UK/debates2024-03-26.txt (exe3/chunked-text/UK/chunk_2987.txt),0.9014,2024
soft_decay,uk,Was the official position in the last quarter of 2023 supportive of Hamas/Gaza?,recency,8,DENSE,fixed,exe3/clean-text/UK/debates2025-02-27.txt (exe3/chunked-text/UK/chunk_6351.txt),0.9014,2025
soft_decay,uk,Was the official position in the last quarter of 2023 supportive of Hamas/Gaza?,recency,8,DENSE,fixed,exe3/clean-text/UK/debates2024-04-29.txt (exe3/chunked-text/UK/chunk_3300.txt),0.9012,2024
soft_decay,uk,Has the official position in the last quarter of 2023 changed relative to the official position in the last quarter of 2025?,recency,8,DENSE,fixed,exe3/clean-text/UK/debates2025-05-22.txt (exe3/chunked-text/UK/chunk_7640.txt),0.8999,2025
soft_decay,uk,Has the official position in the last quarter of 2023 changed relative to the official position in the last quarter of 2025?,recency,8,DENSE,fixed,exe3/clean-text/UK/debates2024-05-08.txt (exe3/chunked-text/UK/chunk_3414.txt),0.8995,2024
soft_decay,uk,Has the official position in the last quarter of 2023 changed relative to the official position in the last quarter of 2025?,recency,8,DENSE,fixed,exe3/clean-text/UK/debates2024-01-08.txt (exe3/chunked-text/UK/chunk_1639.txt),0.899,2024
soft_decay,uk,Has the official position in the last quarter of 2023 changed relative to the official position in the last quarter of 2025?,recency,8,DENSE,fixed,exe3/clean-text/UK/debates2024-02-29.txt (exe3/chunked-text/UK/chunk_2506.txt),0.8989,2024
soft_decay,uk,Has the official position in the last quarter of 2023 changed relative to the official position in the last quarter of 2025?,recency,8,DENSE,fixed,exe3/clean-text/UK/debates2024-02-06.txt (exe3/chunked-text/UK/chunk_2199.txt),0.8986,2024
soft_decay,uk,Has the official position in the last quarter of 2023 changed relative to the official position in the last quarter of 2025?,recency,8,DENSE,fixed,exe3/clean-text/UK/debates2024-02-28.txt (exe3/chunked-text/UK/chunk_2481.txt),0.8984,2024
soft_decay,uk,Has the official position in the last quarter of 2023 changed relative to the official position in the last quarter of 2025?,recency,8,DENSE,fixed,exe3/clean-text/UK/debates2024-01-29.txt (exe3/chunked-text/UK/chunk_2035.txt),0.8983,2024
soft_decay,uk,Has the official position in the last quarter of 2023 changed relative to the official position in the last quarter of 2025?,recency,8,DENSE,fixed,exe3/clean-text/UK/debates2025-06-04.txt (exe3/chunked-text/UK/chunk_7723.txt),0.898,2025
soft_decay,uk,What is the latest official position regarding legislation on the protection of veterans?,recency,8,DENSE,fixed,exe3/clean-text/UK/debates2025-10-15.txt (exe3/chunked-text/UK/chunk_8936.txt),0.7491,2025
soft_decay,uk,What is the latest official position regarding legislation on the protection of veterans?,recency,8,DENSE,fixed,exe3/clean-text/UK/debates2025-10-15.txt (exe3/chunked-text/UK/chunk_8939.txt),0.749,2025
soft_decay,uk,What is the latest official position regarding legislation on the protection of veterans?,recency,8,DENSE,fixed,exe3/clean-text/UK/debates2025-10-27.txt (exe3/chunked-text/UK/chunk_9102.txt),0.7357,2025
soft_decay,uk,What is the latest official position regarding legislation on the protection of veterans?,recency,8,DENSE,fixed,exe3/clean-text/UK/debates2025-10-29.txt (exe3/chunked-text/UK/chunk_9164.txt),0.7356,2025
soft_decay,uk,What is the latest official position regarding legislation on the protection of veterans?,recency,8,DENSE,fixed,exe3/clean-text/UK/debates2025-10-30.txt (exe3/chunked-text/UK/chunk_9198.txt),0.7335,2025
soft_decay,uk,What is the latest official position regarding legislation on the protection of veterans?,recency,8,DENSE,fixed,exe3/clean-text/UK/debates2025-10-30.txt (exe3/chunked-text/UK/chunk_9207.txt),0.7334,2025
soft_decay,uk,What is the latest official position regarding legislation on the protection of veterans?,recency,8,DENSE,fixed,exe3/clean-text/UK/debates2025-10-27.txt (exe3/chunked-text/UK/chunk_9112.txt),0.7327,2025
soft_decay,uk,What is the latest official position regarding legislation on the protection of veterans?,recency,8,DENSE,fixed,exe3/clean-text/UK/debates2025-10-28.txt (exe3/chunked-text/UK/chunk_9138.txt),0.7311,2025
soft_decay,uk,how did the prime minister/president's rhetoric regarding the war between israel and hamas/gaza change between his first and last speech?,evolution,8,DENSE,fixed,exe3/clean-text/UK/debates2025-10-29.txt (exe3/chunked-text/UK/chunk_9179.txt),0.8677,2025
soft_decay,uk,how did the prime minister/president's rhetoric regarding the war between israel and hamas/gaza change between his first and last speech?,evolution,8,DENSE,fixed,exe3/clean-text/UK/debates2025-10-29.txt (exe3/chunked-text/UK/chunk_9180.txt),0.8673,2025
soft_decay,uk,how did the prime minister/president's rhetoric regarding the war between israel and hamas/gaza change between his first and last speech?,evolution,8,DENSE,fixed,exe3/clean-text/UK/debates2025-10-29.txt (exe3/chunked-text/UK/chunk_9176.txt),0.8665,2025
soft_decay,uk,how did the prime minister/president's rhetoric regarding the war between israel and hamas/gaza change between his first and last speech?,evolution,8,DENSE,fixed,exe3/clean-text/UK/debates2025-10-29.txt (exe3/chunked-text/UK/chunk_9173.txt),0.8644,2025
soft_decay,uk,how did the prime minister/president's rhetoric regarding the war between israel and hamas/gaza change between his first and last speech?,evolution,8,DENSE,fixed,exe3/clean-text/UK/debates2025-10-29.txt (exe3/chunked-text/UK/chunk_9175.txt),0.8642,2025
soft_decay,uk,how did the prime minister/president's rhetoric regarding the war between israel and hamas/gaza change between his first and last speech?,evolution,8,DENSE,fixed,exe3/clean-text/UK/debates2025-10-29.txt (exe3/chunked-text/UK/chunk_9182.txt),0.8634,2025
soft_decay,uk,how did the prime minister/president's rhetoric regarding the war between israel and hamas/gaza change between his first and last speech?,evolution,8,DENSE,fixed,exe3/clean-text/UK/debates2025-10-29.txt (exe3/chunked-text/UK/chunk_9178.txt),0.8633,2025
soft_decay,uk,how did the prime minister/president's rhetoric regarding the war between israel and hamas/gaza change between his first and last speech?,evolution,8,DENSE,fixed,exe3/clean-text/UK/debates2025-10-29.txt (exe3/chunked-text/UK/chunk_9183.txt),0.8625,2025
soft_decay,uk,How has the approach to the restoration and maintenance of local and community infrastructure changed between late 2023 and late 2024?,evolution,8,DENSE,fixed,exe3/clean-text/UK/debates2024-04-26.txt (exe3/chunked-text/UK/chunk_3269.txt),0.9025,2024
soft_decay,uk,How has the approach to the restoration and maintenance of local and community infrastructure changed between late 2023 and late 2024?,evolution,8,DENSE,fixed,exe3/clean-text/UK/debates2024-01-17.txt (exe3/chunked-text/UK/chunk_1808.txt),0.9014,2024
soft_decay,uk,How has the approach to the restoration and maintenance of local and community infrastructure changed between late 2023 and late 2024?,evolution,8,DENSE,fixed,exe3/clean-text/UK/debates2024-01-25.txt (exe3/chunked-text/UK/chunk_1971.txt),0.9009,2024
soft_decay,uk,How has the approach to the restoration and maintenance of local and community infrastructure changed between late 2023 and late 2024?,evolution,8,DENSE,fixed,exe3/clean-text/UK/debates2025-03-27.txt (exe3/chunked-text/UK/chunk_6856.txt),0.8998,2025
soft_decay,uk,How has the approach to the restoration and maintenance of local and community infrastructure changed between late 2023 and late 2024?,evolution,8,DENSE,fixed,exe3/clean-text/UK/debates2025-07-15.txt (exe3/chunked-text/UK/chunk_8482.txt),0.8991,2025
soft_decay,uk,How has the approach to the restoration and maintenance of local and community infrastructure changed between late 2023 and late 2024?,evolution,8,DENSE,fixed,exe3/clean-text/UK/debates2025-06-04.txt (exe3/chunked-text/UK/chunk_7724.txt),0.899,2025
soft_decay,uk,How has the approach to the restoration and maintenance of local and community infrastructure changed between late 2023 and late 2024?,evolution,8,DENSE,fixed,exe3/clean-text/UK/debates2025-07-14.txt (exe3/chunked-text/UK/chunk_8451.txt),0.8989,2025
soft_decay,uk,How has the approach to the restoration and maintenance of local and community infrastructure changed between late 2023 and late 2024?,evolution,8,DENSE,fixed,exe3/clean-text/UK/debates2024-04-22.txt (exe3/chunked-text/UK/chunk_3140.txt),0.8987,2024
soft_decay,uk,who is the minister of defense/secretary of defense?,ambiguity,8,DENSE,fixed,exe3/clean-text/UK/debates2025-10-28.txt (exe3/chunked-text/UK/chunk_9145.txt),0.8345,2025
soft_decay,uk,who is the minister of defense/secretary of defense?,ambiguity,8,DENSE,fixed,exe3/clean-text/UK/debates2025-10-28.txt (exe3/chunked-text/UK/chunk_9144.txt),0.8334,2025
soft_decay,uk,who is the minister of defense/secretary of defense?,ambiguity,8,DENSE,fixed,exe3/clean-text/UK/debates2025-10-30.txt (exe3/chunked-text/UK/chunk_9198.txt),0.8325,2025
soft_decay,uk,who is the minister of defense/secretary of defense?,ambiguity,8,DENSE,fixed,exe3/clean-text/UK/debates2025-10-28.txt (exe3/chunked-text/UK/chunk_9143.txt),0.8324,2025
soft_decay,uk,who is the minister of defense/secretary of defense?,ambiguity,8,DENSE,fixed,exe3/clean-text/UK/debates2025-10-28.txt (exe3/chunked-text/UK/chunk_9140.txt),0.8299,2025
soft_decay,uk,who is the minister of defense/secretary of defense?,ambiguity,8,DENSE,fixed,exe3/clean-text/UK/debates2025-10-29.txt (exe3/chunked-text/UK/chunk_9179.txt),0.8298,2025
soft_decay,uk,who is the minister of defense/secretary of defense?,ambiguity,8,DENSE,fixed,exe3/clean-text/UK/debates2025-10-30.txt (exe3/chunked-text/UK/chunk_9209.txt),0.8295,2025
soft_decay,uk,who is the minister of defense/secretary of defense?,ambiguity,8,DENSE,fixed,exe3/clean-text/UK/debates2025-10-30.txt (exe3/chunked-text/UK/chunk_9207.txt),0.8289,2025
soft_decay,uk,Who holds the position responsible for Rural Development?,ambiguity,8,DENSE,fixed,exe3/clean-text/UK/debates2025-10-30.txt (exe3/chunked-text/UK/chunk_9187.txt),0.8144,2025
soft_decay,uk,Who holds the position responsible for Rural Development?,ambiguity,8,DENSE,fixed,exe3/clean-text/UK/debates2025-10-30.txt (exe3/chunked-text/UK/chunk_9186.txt),0.8068,2025
soft_decay,uk,Who holds the position responsible for Rural Development?,ambiguity,8,DENSE,fixed,exe3/clean-text/UK/debates2025-10-30.txt (exe3/chunked-text/UK/chunk_9197.txt),0.8045,2025
soft_decay,uk,Who holds the position responsible for Rural Development?,ambiguity,8,DENSE,fixed,exe3/clean-text/UK/debates2025-10-30.txt (exe3/chunked-text/UK/chunk_9204.txt),0.8038,2025
soft_decay,uk,Who holds the position responsible for Rural Development?,ambiguity,8,DENSE,fixed,exe3/clean-text/UK/debates2025-10-30.txt (exe3/chunked-text/UK/chunk_9207.txt),0.8005,2025
soft_decay,uk,Who holds the position responsible for Rural Development?,ambiguity,8,DENSE,fixed,exe3/clean-text/UK/debates2025-10-30.txt (exe3/chunked-text/UK/chunk_9203.txt),0.7996,2025
soft_decay,uk,Who holds the position responsible for Rural Development?,ambiguity,8,DENSE,fixed,exe3/clean-text/UK/debates2025-10-30.txt (exe3/chunked-text/UK/chunk_9191.txt),0.7975,2025
soft_decay,uk,Who holds the position responsible for Rural Development?,ambiguity,8,DENSE,fixed,exe3/clean-text/UK/debates2025-10-30.txt (exe3/chunked-text/UK/chunk_9198.txt),0.7972,2025
soft_decay,uk,what was the specific budget allocated to security in 2024?,hard_filter,8,DENSE,parentSon,exe3/clean-text/UK/debates2024-10-23.txt (exe3/parent-child-chunked-text/UK/children/child_chunk_10740.txt),0.8993,2024
soft_decay,uk,what was the specific budget allocated to security in 2024?,hard_filter,8,DENSE,parentSon,exe3/clean-text/UK/debates2025-09-08.txt (exe3/parent-child-chunked-text/UK/children/child_chunk_20579.txt),0.8959,2025
soft_decay,uk,what was the specific budget allocated to security in 2024?,hard_filter,8,DENSE,parentSon,exe3/clean-text/UK/debates2025-03-12.txt (exe3/parent-child-chunked-text/UK/children/child_chunk_15465.txt),0.8939,2025
soft_decay,uk,what was the specific budget allocated to security in 2024?,hard_filter,8,DENSE,parentSon,exe3/clean-text/UK/debates2025-03-12.txt (exe3/parent-child-chunked-text/UK/children/child_chunk_15512.txt),0.8939,2025
soft_decay,uk,what was the specific budget allocated to security in 2024?,hard_filter,8,DENSE,parentSon,exe3/clean-text/UK/debates2024-10-30.txt (exe3/parent-child-chunked-text/UK/children/child_chunk_11033.txt),0.8938,2024
soft_decay,uk,what was the specific budget allocated to security in 2024?,hard_filter,8,DENSE,parentSon,exe3/clean-text/UK/debates2025-04-01.txt (exe3/parent-child-chunked-text/UK/children/child_chunk_16357.txt),0.8929,2025
soft_decay,uk,what was the specific budget allocated to security in 2024?,hard_filter,8,DENSE,parentSon,exe3/clean-text/UK/debates2024-10-30.txt (exe3/parent-child-chunked-text/UK/children/child_chunk_11049.txt),0.8919,2024
soft_decay,uk,what was the specific budget allocated to security in 2024?,hard_filter,8,DENSE,parentSon,exe3/clean-text/UK/debates2025-04-02.txt (exe3/parent-child-chunked-text/UK/children/child_chunk_16422.txt),0.8909,2025
soft_decay,uk,What was the specific amount allocated to support the public sector for National Insurance costs in 2025?,hard_filter,8,DENSE,parentSon,exe3/clean-text/UK/debates2025-10-29.txt (exe3/parent-child-chunked-text/UK/children/child_chunk_21655.txt),0.7149,2025
soft_decay,uk,What was the specific amount allocated to support the public sector for National Insurance costs in 2025?,hard_filter,8,DENSE,parentSon,exe3/clean-text/UK/debates2025-10-23.txt (exe3/parent-child-chunked-text/UK/children/child_chunk_21463.txt),0.7068,2025
soft_decay,uk,What was the specific amount allocated to support the public sector for National Insurance costs in 2025?,hard_filter,8,DENSE,parentSon,exe3/clean-text/UK/debates2025-10-22.txt (exe3/parent-child-chunked-text/UK/children/child_chunk_21367.txt),0.7059,2025
soft_decay,uk,What was the specific amount allocated to support the public sector for National Insurance costs in 2025?,hard_filter,8,DENSE,parentSon,exe3/clean-text/UK/debates2025-10-30.txt (exe3/parent-child-chunked-text/UK/children/child_chunk_21697.txt),0.7045,2025
soft_decay,uk,What was the specific amount allocated to support the public sector for National Insurance costs in 2025?,hard_filter,8,DENSE,parentSon,exe3/clean-text/UK/debates2025-10-30.txt (exe3/parent-child-chunked-text/UK/children/child_chunk_21693.txt),0.7042,2025
soft_decay,uk,What was the specific amount allocated to support the public sector for National Insurance costs in 2025?,hard_filter,8,DENSE,parentSon,exe3/clean-text/UK/debates2025-10-28.txt (exe3/parent-child-chunked-text/UK/children/child_chunk_21591.txt),0.7038,2025
soft_decay,uk,What was the specific amount allocated to support the public sector for National Insurance costs in 2025?,hard_filter,8,DENSE,parentSon,exe3/clean-text/UK/debates2025-10-27.txt (exe3/parent-child-chunked-text/UK/children/child_chunk_21499.txt),0.7036,2025
soft_decay,uk,What was the specific amount allocated to support the public sector for National Insurance costs in 2025?,hard_filter,8,DENSE,parentSon,exe3/clean-text/UK/debates2025-10-16.txt (exe3/parent-child-chunked-text/UK/children/child_chunk_21168.txt),0.7021,2025
soft_decay,uk,What is the current official position regarding the State of Israel?,recency,8,DENSE,parentSon,exe3/clean-text/UK/debates2025-10-28.txt (exe3/parent-child-chunked-text/UK/children/child_chunk_21572.txt),0.7449,2025
soft_decay,uk,What is the current official position regarding the State of Israel?,recency,8,DENSE,parentSon,exe3/clean-text/UK/debates2025-10-29.txt (exe3/parent-child-chunked-text/UK/children/child_chunk_21681.txt),0.7433,2025
soft_decay,uk,What is the current official position regarding the State of Israel?,recency,8,DENSE,parentSon,exe3/clean-text/UK/debates2025-10-29.txt (exe3/parent-child-chunked-text/UK/children/child_chunk_21682.txt),0.7422,2025
soft_decay,uk,What is the current official position regarding the State of Israel?,recency,8,DENSE,parentSon,exe3/clean-text/UK/debates2025-10-28.txt (exe3/parent-child-chunked-text/UK/children/child_chunk_21582.txt),0.7414,2025
soft_decay,uk,What is the current official position regarding the State of Israel?,recency,8,DENSE,parentSon,exe3/clean-text/UK/debates2025-10-28.txt (exe3/parent-child-chunked-text/UK/children/child_chunk_21567.txt),0.7394,2025
soft_decay,uk,What is the current official position regarding the State of Israel?,recency,8,DENSE,parentSon,exe3/clean-text/UK/debates2025-10-28.txt (exe3/parent-child-chunked-text/UK/children/child_chunk_21565.txt),0.737,2025
soft_decay,uk,What is the current official position regarding the State of Israel?,recency,8,DENSE,parentSon,exe3/clean-text/UK/debates2025-10-29.txt (exe3/parent-child-chunked-text/UK/children/child_chunk_21690.txt),0.7367,2025
soft_decay,uk,What is the current official position regarding the State of Israel?,recency,8,DENSE,parentSon,exe3/clean-text/UK/debates2025-10-29.txt (exe3/parent-child-chunked-text/UK/children/child_chunk_21688.txt),0.7363,2025
soft_decay,uk,What is the current official position regarding Hamas/Gaza?,recency,8,DENSE,parentSon,exe3/clean-text/UK/debates2025-10-29.txt (exe3/parent-child-chunked-text/UK/children/child_chunk_21667.txt),0.7737,2025
soft_decay,uk,What is the current official position regarding Hamas/Gaza?,recency,8,DENSE,parentSon,exe3/clean-text/UK/debates2025-10-29.txt (exe3/parent-child-chunked-text/UK/children/child_chunk_21668.txt),0.7697,2025
soft_decay,uk,What is the current official position regarding Hamas/Gaza?,recency,8,DENSE,parentSon,exe3/clean-text/UK/debates2025-10-29.txt (exe3/parent-child-chunked-text/UK/children/child_chunk_21675.txt),0.7684,2025
soft_decay,uk,What is the current official position regarding Hamas/Gaza?,recency,8,DENSE,parentSon,exe3/clean-text/UK/debates2025-10-28.txt (exe3/parent-child-chunked-text/UK/children/child_chunk_21571.txt),0.7676,2025
soft_decay,uk,What is the current official position regarding Hamas/Gaza?,recency,8,DENSE,parentSon,exe3/clean-text/UK/debates2025-10-29.txt (exe3/parent-child-chunked-text/UK/children/child_chunk_21670.txt),0.7674,2025
soft_decay,uk,What is the current official position regarding Hamas/Gaza?,recency,8,DENSE,parentSon,exe3/clean-text/UK/debates2025-10-29.txt (exe3/parent-child-chunked-text/UK/children/child_chunk_21681.txt),0.7665,2025
soft_decay,uk,What is the current official position regarding Hamas/Gaza?,recency,8,DENSE,parentSon,exe3/clean-text/UK/debates2025-10-29.txt (exe3/parent-child-chunked-text/UK/children/child_chunk_21682.txt),0.7665,2025
soft_decay,uk,What is the current official position regarding Hamas/Gaza?,recency,8,DENSE,parentSon,exe3/clean-text/UK/debates2025-10-28.txt (exe3/parent-child-chunked-text/UK/children/child_chunk_21570.txt),0.766,2025
soft_decay,uk,Was the official position in the last quarter of 2023 supportive of the State of Israel?,recency,8,DENSE,parentSon,exe3/clean-text/UK/debates2024-07-30.txt (exe3/parent-child-chunked-text/UK/children/child_chunk_9502.txt),0.8887,2024
soft_decay,uk,Was the official position in the last quarter of 2023 supportive of the State of Israel?,recency,8,DENSE,parentSon,exe3/clean-text/UK/debates2024-05-20.txt (exe3/parent-child-chunked-text/UK/children/child_chunk_8519.txt),0.8871,2024
soft_decay,uk,Was the official position in the last quarter of 2023 supportive of the State of Israel?,recency,8,DENSE,parentSon,exe3/clean-text/UK/debates2024-07-30.txt (exe3/parent-child-chunked-text/UK/children/child_chunk_9503.txt),0.8868,2024
soft_decay,uk,Was the official position in the last quarter of 2023 supportive of the State of Israel?,recency,8,DENSE,parentSon,exe3/clean-text/UK/debates2024-05-20.txt (exe3/parent-child-chunked-text/UK/children/child_chunk_8572.txt),0.885,2024
soft_decay,uk,Was the official position in the last quarter of 2023 supportive of the State of Israel?,recency,8,DENSE,parentSon,exe3/clean-text/UK/debates2024-02-19.txt (exe3/parent-child-chunked-text/UK/children/child_chunk_5366.txt),0.8845,2024
soft_decay,uk,Was the official position in the last quarter of 2023 supportive of the State of Israel?,recency,8,DENSE,parentSon,exe3/clean-text/UK/debates2025-01-14.txt (exe3/parent-child-chunked-text/UK/children/child_chunk_13375.txt),0.8844,2025
soft_decay,uk,Was the official position in the last quarter of 2023 supportive of the State of Israel?,recency,8,DENSE,parentSon,exe3/clean-text/UK/debates2025-02-25.txt (exe3/parent-child-chunked-text/UK/children/child_chunk_14808.txt),0.8832,2025
soft_decay,uk,Was the official position in the last quarter of 2023 supportive of the State of Israel?,recency,8,DENSE,parentSon,exe3/clean-text/UK/debates2024-04-29.txt (exe3/parent-child-chunked-text/UK/children/child_chunk_7767.txt),0.8831,2024
soft_decay,uk,Was the official position in the last quarter of 2023 supportive of Hamas/Gaza?,recency,8,DENSE,parentSon,exe3/clean-text/UK/debates2025-04-01.txt (exe3/parent-child-chunked-text/UK/children/child_chunk_16387.txt),0.9012,2025
soft_decay,uk,Was the official position in the last quarter of 2023 supportive of Hamas/Gaza?,recency,8,DENSE,parentSon,exe3/clean-text/UK/debates2025-09-02.txt (exe3/parent-child-chunked-text/UK/children/child_chunk_20397.txt),0.8995,2025
soft_decay,uk,Was the official position in the last quarter of 2023 supportive of Hamas/Gaza?,recency,8,DENSE,parentSon,exe3/clean-text/UK/debates2024-05-20.txt (exe3/parent-child-chunked-text/UK/children/child_chunk_8519.txt),0.898,2024
soft_decay,uk,Was the official position in the last quarter of 2023 supportive of Hamas/Gaza?,recency,8,DENSE,parentSon,exe3/clean-text/UK/debates2024-04-29.txt (exe3/parent-child-chunked-text/UK/children/child_chunk_7767.txt),0.8974,2024
soft_decay,uk,Was the official position in the last quarter of 2023 supportive of Hamas/Gaza?,recency,8,DENSE,parentSon,exe3/clean-text/UK/debates2024-07-30.txt (exe3/parent-child-chunked-text/UK/children/child_chunk_9502.txt),0.897,2024
soft_decay,uk,Was the official position in the last quarter of 2023 supportive of Hamas/Gaza?,recency,8,DENSE,parentSon,exe3/clean-text/UK/debates2024-01-24.txt (exe3/parent-child-chunked-text/UK/children/child_chunk_4589.txt),0.8959,2024
soft_decay,uk,Was the official position in the last quarter of 2023 supportive of Hamas/Gaza?,recency,8,DENSE,parentSon,exe3/clean-text/UK/debates2025-02-27.txt (exe3/parent-child-chunked-text/UK/children/child_chunk_14978.txt),0.8955,2025
soft_decay,uk,Was the official position in the last quarter of 2023 supportive of Hamas/Gaza?,recency,8,DENSE,parentSon,exe3/clean-text/UK/debates2025-02-25.txt (exe3/parent-child-chunked-text/UK/children/child_chunk_14808.txt),0.8951,2025
soft_decay,uk,Has the official position in the last quarter of 2023 changed relative to the official position in the last quarter of 2025?,recency,8,DENSE,parentSon,exe3/clean-text/UK/debates2024-01-08.txt (exe3/parent-child-chunked-text/UK/children/child_chunk_3836.txt),0.8999,2024
soft_decay,uk,Has the official position in the last quarter of 2023 changed relative to the official position in the last quarter of 2025?,recency,8,DENSE,parentSon,exe3/clean-text/UK/debates2024-05-08.txt (exe3/parent-child-chunked-text/UK/children/child_chunk_8044.txt),0.8949,2024
soft_decay,uk,Has the official position in the last quarter of 2023 changed relative to the official position in the last quarter of 2025?,recency,8,DENSE,parentSon,exe3/clean-text/UK/debates2025-10-23.txt (exe3/parent-child-chunked-text/UK/children/child_chunk_21452.txt),0.8944,2025
soft_decay,uk,Has the official position in the last quarter of 2023 changed relative to the official position in the last quarter of 2025?,recency,8,DENSE,parentSon,exe3/clean-text/UK/debates2024-02-06.txt (exe3/parent-child-chunked-text/UK/children/child_chunk_5176.txt),0.8939,2024
soft_decay,uk,Has the official position in the last quarter of 2023 changed relative to the official position in the last quarter of 2025?,recency,8,DENSE,parentSon,exe3/clean-text/UK/debates2024-02-06.txt (exe3/parent-child-chunked-text/UK/children/child_chunk_5194.txt),0.8935,2024
soft_decay,uk,Has the official position in the last quarter of 2023 changed relative to the official position in the last quarter of 2025?,recency,8,DENSE,parentSon,exe3/clean-text/UK/debates2025-06-03.txt (exe3/parent-child-chunked-text/UK/children/child_chunk_18147.txt),0.8934,2025
soft_decay,uk,Has the official position in the last quarter of 2023 changed relative to the official position in the last quarter of 2025?,recency,8,DENSE,parentSon,exe3/clean-text/UK/debates2025-06-04.txt (exe3/parent-child-chunked-text/UK/children/child_chunk_18245.txt),0.8928,2025
soft_decay,uk,Has the official position in the last quarter of 2023 changed relative to the official position in the last quarter of 2025?,recency,8,DENSE,parentSon,exe3/clean-text/UK/debates2024-01-29.txt (exe3/parent-child-chunked-text/UK/children/child_chunk_4808.txt),0.8919,2024
soft_decay,uk,What is the latest official position regarding legislation on the protection of veterans?,recency,8,DENSE,parentSon,exe3/clean-text/UK/debates2025-10-15.txt (exe3/parent-child-chunked-text/UK/children/child_chunk_21109.txt),0.7504,2025
soft_decay,uk,What is the latest official position regarding legislation on the protection of veterans?,recency,8,DENSE,parentSon,exe3/clean-text/UK/debates2025-10-15.txt (exe3/parent-child-chunked-text/UK/children/child_chunk_21103.txt),0.7389,2025
soft_decay,uk,What is the latest official position regarding legislation on the protection of veterans?,recency,8,DENSE,parentSon,exe3/clean-text/UK/debates2025-10-15.txt (exe3/parent-child-chunked-text/UK/children/child_chunk_21110.txt),0.7353,2025
soft_decay,uk,What is the latest official position regarding legislation on the protection of veterans?,recency,8,DENSE,parentSon,exe3/clean-text/UK/debates2025-10-15.txt (exe3/parent-child-chunked-text/UK/children/child_chunk_21111.txt),0.7349,2025
soft_decay,uk,What is the latest official position regarding legislation on the protection of veterans?,recency,8,DENSE,parentSon,exe3/clean-text/UK/debates2025-10-15.txt (exe3/parent-child-chunked-text/UK/children/child_chunk_21104.txt),0.7328,2025
soft_decay,uk,What is the latest official position regarding legislation on the protection of veterans?,recency,8,DENSE,parentSon,exe3/clean-text/UK/debates2025-10-15.txt (exe3/parent-child-chunked-text/UK/children/child_chunk_21097.txt),0.7293,2025
soft_decay,uk,What is the latest official position regarding legislation on the protection of veterans?,recency,8,DENSE,parentSon,exe3/clean-text/UK/debates2025-10-29.txt (exe3/parent-child-chunked-text/UK/children/child_chunk_21645.txt),0.7289,2025
soft_decay,uk,What is the latest official position regarding legislation on the protection of veterans?,recency,8,DENSE,parentSon,exe3/clean-text/UK/debates2025-10-15.txt (exe3/parent-child-chunked-text/UK/children/child_chunk_21102.txt),0.728,2025
soft_decay,uk,how did the prime minister/president's rhetoric regarding the war between israel and hamas/gaza change between his first and last speech?,evolution,8,DENSE,parentSon,exe3/clean-text/UK/debates2025-10-29.txt (exe3/parent-child-chunked-text/UK/children/child_chunk_21666.txt),0.8613,2025
soft_decay,uk,how did the prime minister/president's rhetoric regarding the war between israel and hamas/gaza change between his first and last speech?,evolution,8,DENSE,parentSon,exe3/clean-text/UK/debates2025-10-29.txt (exe3/parent-child-chunked-text/UK/children/child_chunk_21678.txt),0.8609,2025
soft_decay,uk,how did the prime minister/president's rhetoric regarding the war between israel and hamas/gaza change between his first and last speech?,evolution,8,DENSE,parentSon,exe3/clean-text/UK/debates2025-10-29.txt (exe3/parent-child-chunked-text/UK/children/child_chunk_21682.txt),0.86,2025
soft_decay,uk,how did the prime minister/president's rhetoric regarding the war between israel and hamas/gaza change between his first and last speech?,evolution,8,DENSE,parentSon,exe3/clean-text/UK/debates2025-10-29.txt (exe3/parent-child-chunked-text/UK/children/child_chunk_21688.txt),0.8578,2025
soft_decay,uk,how did the prime minister/president's rhetoric regarding the war between israel and hamas/gaza change between his first and last speech?,evolution,8,DENSE,parentSon,exe3/clean-text/UK/debates2025-10-29.txt (exe3/parent-child-chunked-text/UK/children/child_chunk_21675.txt),0.8568,2025
soft_decay,uk,how did the prime minister/president's rhetoric regarding the war between israel and hamas/gaza change between his first and last speech?,evolution,8,DENSE,parentSon,exe3/clean-text/UK/debates2025-10-29.txt (exe3/parent-child-chunked-text/UK/children/child_chunk_21671.txt),0.8566,2025
soft_decay,uk,how did the prime minister/president's rhetoric regarding the war between israel and hamas/gaza change between his first and last speech?,evolution,8,DENSE,parentSon,exe3/clean-text/UK/debates2025-10-29.txt (exe3/parent-child-chunked-text/UK/children/child_chunk_21681.txt),0.8561,2025
soft_decay,uk,how did the prime minister/president's rhetoric regarding the war between israel and hamas/gaza change between his first and last speech?,evolution,8,DENSE,parentSon,exe3/clean-text/UK/debates2025-10-29.txt (exe3/parent-child-chunked-text/UK/children/child_chunk_21673.txt),0.8554,2025
soft_decay,uk,How has the approach to the restoration and maintenance of local and community infrastructure changed between late 2023 and late 2024?,evolution,8,DENSE,parentSon,exe3/clean-text/UK/debates2025-02-26.txt (exe3/parent-child-chunked-text/UK/children/child_chunk_14883.txt),0.901,2025
soft_decay,uk,How has the approach to the restoration and maintenance of local and community infrastructure changed between late 2023 and late 2024?,evolution,8,DENSE,parentSon,exe3/clean-text/UK/debates2024-04-26.txt (exe3/parent-child-chunked-text/UK/children/child_chunk_7708.txt),0.8989,2024
soft_decay,uk,How has the approach to the restoration and maintenance of local and community infrastructure changed between late 2023 and late 2024?,evolution,8,DENSE,parentSon,exe3/clean-text/UK/debates2024-01-22.txt (exe3/parent-child-chunked-text/UK/children/child_chunk_4458.txt),0.8976,2024
soft_decay,uk,How has the approach to the restoration and maintenance of local and community infrastructure changed between late 2023 and late 2024?,evolution,8,DENSE,parentSon,exe3/clean-text/UK/debates2025-06-19.txt (exe3/parent-child-chunked-text/UK/children/child_chunk_18861.txt),0.8964,2025
soft_decay,uk,How has the approach to the restoration and maintenance of local and community infrastructure changed between late 2023 and late 2024?,evolution,8,DENSE,parentSon,exe3/clean-text/UK/debates2025-02-04.txt (exe3/parent-child-chunked-text/UK/children/child_chunk_14278.txt),0.8954,2025
soft_decay,uk,How has the approach to the restoration and maintenance of local and community infrastructure changed between late 2023 and late 2024?,evolution,8,DENSE,parentSon,exe3/clean-text/UK/debates2024-12-02.txt (exe3/parent-child-chunked-text/UK/children/child_chunk_12196.txt),0.8949,2024
soft_decay,uk,How has the approach to the restoration and maintenance of local and community infrastructure changed between late 2023 and late 2024?,evolution,8,DENSE,parentSon,exe3/clean-text/UK/debates2025-10-13.txt (exe3/parent-child-chunked-text/UK/children/child_chunk_20996.txt),0.8947,2025
soft_decay,uk,How has the approach to the restoration and maintenance of local and community infrastructure changed between late 2023 and late 2024?,evolution,8,DENSE,parentSon,exe3/clean-text/UK/debates2025-09-09.txt (exe3/parent-child-chunked-text/UK/children/child_chunk_20637.txt),0.8944,2025
soft_decay,uk,who is the minister of defense/secretary of defense?,ambiguity,8,DENSE,parentSon,exe3/clean-text/UK/debates2025-10-28.txt (exe3/parent-child-chunked-text/UK/children/child_chunk_21590.txt),0.8354,2025
soft_decay,uk,who is the minister of defense/secretary of defense?,ambiguity,8,DENSE,parentSon,exe3/clean-text/UK/debates2025-10-30.txt (exe3/parent-child-chunked-text/UK/children/child_chunk_21722.txt),0.8321,2025
soft_decay,uk,who is the minister of defense/secretary of defense?,ambiguity,8,DENSE,parentSon,exe3/clean-text/UK/debates2025-10-30.txt (exe3/parent-child-chunked-text/UK/children/child_chunk_21750.txt),0.8278,2025
soft_decay,uk,who is the minister of defense/secretary of defense?,ambiguity,8,DENSE,parentSon,exe3/clean-text/UK/debates2025-10-30.txt (exe3/parent-child-chunked-text/UK/children/child_chunk_21752.txt),0.8235,2025
soft_decay,uk,who is the minister of defense/secretary of defense?,ambiguity,8,DENSE,parentSon,exe3/clean-text/UK/debates2025-10-30.txt (exe3/parent-child-chunked-text/UK/children/child_chunk_21748.txt),0.8234,2025
soft_decay,uk,who is the minister of defense/secretary of defense?,ambiguity,8,DENSE,parentSon,exe3/clean-text/UK/debates2025-10-30.txt (exe3/parent-child-chunked-text/UK/children/child_chunk_21707.txt),0.8232,2025
soft_decay,uk,who is the minister of defense/secretary of defense?,ambiguity,8,DENSE,parentSon,exe3/clean-text/UK/debates2025-10-28.txt (exe3/parent-child-chunked-text/UK/children/child_chunk_21600.txt),0.8222,2025
soft_decay,uk,who is the minister of defense/secretary of defense?,ambiguity,8,DENSE,parentSon,exe3/clean-text/UK/debates2025-10-28.txt (exe3/parent-child-chunked-text/UK/children/child_chunk_21598.txt),0.8214,2025
soft_decay,uk,Who holds the position responsible for Rural Development?,ambiguity,8,DENSE,parentSon,exe3/clean-text/UK/debates2025-10-30.txt (exe3/parent-child-chunked-text/UK/children/child_chunk_21697.txt),0.8075,2025
soft_decay,uk,Who holds the position responsible for Rural Development?,ambiguity,8,DENSE,parentSon,exe3/clean-text/UK/debates2025-10-30.txt (exe3/parent-child-chunked-text/UK/children/child_chunk_21694.txt),0.8015,2025
soft_decay,uk,Who holds the position responsible for Rural Development?,ambiguity,8,DENSE,parentSon,exe3/clean-text/UK/debates2025-10-30.txt (exe3/parent-child-chunked-text/UK/children/child_chunk_21693.txt),0.799,2025
soft_decay,uk,Who holds the position responsible for Rural Development?,ambiguity,8,DENSE,parentSon,exe3/clean-text/UK/debates2025-10-30.txt (exe3/parent-child-chunked-text/UK/children/child_chunk_21743.txt),0.7974,2025
soft_decay,uk,Who holds the position responsible for Rural Development?,ambiguity,8,DENSE,parentSon,exe3/clean-text/UK/debates2025-10-30.txt (exe3/parent-child-chunked-text/UK/children/child_chunk_21720.txt),0.7964,2025
soft_decay,uk,Who holds the position responsible for Rural Development?,ambiguity,8,DENSE,parentSon,exe3/clean-text/UK/debates2025-10-29.txt (exe3/parent-child-chunked-text/UK/children/child_chunk_21631.txt),0.7963,2025
soft_decay,uk,Who holds the position responsible for Rural Development?,ambiguity,8,DENSE,parentSon,exe3/clean-text/UK/debates2025-10-30.txt (exe3/parent-child-chunked-text/UK/children/child_chunk_21738.txt),0.7956,2025
soft_decay,uk,Who holds the position responsible for Rural Development?,ambiguity,8,DENSE,parentSon,exe3/clean-text/UK/debates2025-10-30.txt (exe3/parent-child-chunked-text/UK/children/child_chunk_21708.txt),0.7954,2025
soft_decay,uk,what was the specific budget allocated to security in 2024?,hard_filter,8,BM25,fixed,exe3/clean-text/UK/debates2024-11-04.txt (exe3/chunked-text/UK/chunk_4734.txt),40.5158,2024
soft_decay,uk,what was the specific budget allocated to security in 2024?,hard_filter,8,BM25,fixed,exe3/clean-text/UK/debates2025-07-16.txt (exe3/chunked-text/UK/chunk_8495.txt),36.9013,2025
soft_decay,uk,what was the specific budget allocated to security in 2024?,hard_filter,8,BM25,fixed,exe3/clean-text/UK/debates2025-03-04.txt (exe3/chunked-text/UK/chunk_6393.txt),36.5881,2025
soft_decay,uk,what was the specific budget allocated to security in 2024?,hard_filter,8,BM25,fixed,exe3/clean-text/UK/debates2024-01-22.txt (exe3/chunked-text/UK/chunk_1876.txt),36.4699,2024
soft_decay,uk,what was the specific budget allocated to security in 2024?,hard_filter,8,BM25,fixed,exe3/clean-text/UK/debates2024-05-09.txt (exe3/chunked-text/UK/chunk_3448.txt),36.2366,2024
soft_decay,uk,what was the specific budget allocated to security in 2024?,hard_filter,8,BM25,fixed,exe3/clean-text/UK/debates2025-04-29.txt (exe3/chunked-text/UK/chunk_7242.txt),35.9644,2025
soft_decay,uk,what was the specific budget allocated to security in 2024?,hard_filter,8,BM25,fixed,exe3/clean-text/UK/debates2023-10-17.txt (exe3/chunked-text/UK/chunk_717.txt),35.693,2023
soft_decay,uk,what was the specific budget allocated to security in 2024?,hard_filter,8,BM25,fixed,exe3/clean-text/UK/debates2024-01-22.txt (exe3/chunked-text/UK/chunk_1895.txt),34.1492,2024
soft_decay,uk,What was the specific amount allocated to support the public sector for National Insurance costs in 2025?,hard_filter,8,BM25,fixed,exe3/clean-text/UK/debates2025-03-04.txt (exe3/chunked-text/UK/chunk_6393.txt),67.936,2025
soft_decay,uk,What was the specific amount allocated to support the public sector for National Insurance costs in 2025?,hard_filter,8,BM25,fixed,exe3/clean-text/UK/debates2024-11-14.txt (exe3/chunked-text/UK/chunk_4906.txt),61.8424,2024
soft_decay,uk,What was the specific amount allocated to support the public sector for National Insurance costs in 2025?,hard_filter,8,BM25,fixed,exe3/clean-text/UK/debates2024-12-03.txt (exe3/chunked-text/UK/chunk_5189.txt),57.7887,2024
soft_decay,uk,What was the specific amount allocated to support the public sector for National Insurance costs in 2025?,hard_filter,8,BM25,fixed,exe3/clean-text/UK/debates2025-01-27.txt (exe3/chunked-text/UK/chunk_5924.txt),52.6777,2025
soft_decay,uk,What was the specific amount allocated to support the public sector for National Insurance costs in 2025?,hard_filter,8,BM25,fixed,exe3/clean-text/UK/debates2024-12-19.txt (exe3/chunked-text/UK/chunk_5521.txt),51.6598,2024
soft_decay,uk,What was the specific amount allocated to support the public sector for National Insurance costs in 2025?,hard_filter,8,BM25,fixed,exe3/clean-text/UK/debates2024-12-19.txt (exe3/chunked-text/UK/chunk_5516.txt),50.8572,2024
soft_decay,uk,What was the specific amount allocated to support the public sector for National Insurance costs in 2025?,hard_filter,8,BM25,fixed,exe3/clean-text/UK/debates2025-09-11.txt (exe3/chunked-text/UK/chunk_8809.txt),49.2255,2025
soft_decay,uk,What was the specific amount allocated to support the public sector for National Insurance costs in 2025?,hard_filter,8,BM25,fixed,exe3/clean-text/UK/debates2025-05-22.txt (exe3/chunked-text/UK/chunk_7644.txt),48.0447,2025
soft_decay,uk,What is the current official position regarding the State of Israel?,recency,8,BM25,fixed,exe3/clean-text/UK/debates2024-02-01.txt (exe3/chunked-text/UK/chunk_2116.txt),47.3326,2024
soft_decay,uk,What is the current official position regarding the State of Israel?,recency,8,BM25,fixed,exe3/clean-text/UK/debates2025-01-07.txt (exe3/chunked-text/UK/chunk_5571.txt),40.9241,2025
soft_decay,uk,What is the current official position regarding the State of Israel?,recency,8,BM25,fixed,exe3/clean-text/UK/debates2025-10-29.txt (exe3/chunked-text/UK/chunk_9174.txt),40.9179,2025
soft_decay,uk,What is the current official position regarding the State of Israel?,recency,8,BM25,fixed,exe3/clean-text/UK/debates2024-05-07.txt (exe3/chunked-text/UK/chunk_3404.txt),39.0401,2024
soft_decay,uk,What is the current official position regarding the State of Israel?,recency,8,BM25,fixed,exe3/clean-text/UK/debates2024-02-26.txt (exe3/chunked-text/UK/chunk_2427.txt),38.6115,2024
soft_decay,uk,What is the current official position regarding the State of Israel?,recency,8,BM25,fixed,exe3/clean-text/UK/debates2025-06-03.txt (exe3/chunked-text/UK/chunk_7697.txt),38.5713,2025
soft_decay,uk,What is the current official position regarding the State of Israel?,recency,8,BM25,fixed,exe3/clean-text/UK/debates2023-10-25.txt (exe3/chunked-text/UK/chunk_875.txt),38.3421,2023
soft_decay,uk,What is the current official position regarding the State of Israel?,recency,8,BM25,fixed,exe3/clean-text/UK/debates2025-01-14.txt (exe3/chunked-text/UK/chunk_5677.txt),37.583,2025
soft_decay,uk,What is the current official position regarding Hamas/Gaza?,recency,8,BM25,fixed,exe3/clean-text/UK/debates2025-10-29.txt (exe3/chunked-text/UK/chunk_9174.txt),70.0837,2025
soft_decay,uk,What is the current official position regarding Hamas/Gaza?,recency,8,BM25,fixed,exe3/clean-text/UK/debates2023-12-11.txt (exe3/chunked-text/UK/chunk_1476.txt),60.1443,2023
soft_decay,uk,What is the current official position regarding Hamas/Gaza?,recency,8,BM25,fixed,exe3/clean-text/UK/debates2024-05-07.txt (exe3/chunked-text/UK/chunk_3404.txt),59.078,2024
soft_decay,uk,What is the current official position regarding Hamas/Gaza?,recency,8,BM25,fixed,exe3/clean-text/UK/debates2024-02-01.txt (exe3/chunked-text/UK/chunk_2116.txt),58.4527,2024
soft_decay,uk,What is the current official position regarding Hamas/Gaza?,recency,8,BM25,fixed,exe3/clean-text/UK/debates2024-04-29.txt (exe3/chunked-text/UK/chunk_3298.txt),57.5629,2024
soft_decay,uk,What is the current official position regarding Hamas/Gaza?,recency,8,BM25,fixed,exe3/clean-text/UK/debates2023-11-14.txt (exe3/chunked-text/UK/chunk_1061.txt),57.2813,2023
soft_decay,uk,What is the current official position regarding Hamas/Gaza?,recency,8,BM25,fixed,exe3/clean-text/UK/debates2025-01-07.txt (exe3/chunked-text/UK/chunk_5570.txt),55.321,2025
soft_decay,uk,What is the current official position regarding Hamas/Gaza?,recency,8,BM25,fixed,exe3/clean-text/UK/debates2025-03-04.txt (exe3/chunked-text/UK/chunk_6408.txt),55.1201,2025
soft_decay,uk,Was the official position in the last quarter of 2023 supportive of the State of Israel?,recency,8,BM25,fixed,exe3/clean-text/UK/debates2024-03-26.txt (exe3/chunked-text/UK/chunk_2989.txt),51.4468,2024
soft_decay,uk,Was the official position in the last quarter of 2023 supportive of the State of Israel?,recency,8,BM25,fixed,exe3/clean-text/UK/debates2025-05-13.txt (exe3/chunked-text/UK/chunk_7427.txt),50.773,2025
soft_decay,uk,Was the official position in the last quarter of 2023 supportive of the State of Israel?,recency,8,BM25,fixed,exe3/clean-text/UK/debates2024-03-07.txt (exe3/chunked-text/UK/chunk_2647.txt),49.4704,2024
soft_decay,uk,Was the official position in the last quarter of 2023 supportive of the State of Israel?,recency,8,BM25,fixed,exe3/clean-text/UK/debates2024-01-16.txt (exe3/chunked-text/UK/chunk_1770.txt),44.5428,2024
soft_decay,uk,Was the official position in the last quarter of 2023 supportive of the State of Israel?,recency,8,BM25,fixed,exe3/clean-text/UK/debates2024-01-08.txt (exe3/chunked-text/UK/chunk_1629.txt),44.4823,2024
soft_decay,uk,Was the official position in the last quarter of 2023 supportive of the State of Israel?,recency,8,BM25,fixed,exe3/clean-text/UK/debates2023-11-27.txt (exe3/chunked-text/UK/chunk_1247.txt),43.6796,2023
soft_decay,uk,Was the official position in the last quarter of 2023 supportive of the State of Israel?,recency,8,BM25,fixed,exe3/clean-text/UK/debates2024-03-26.txt (exe3/chunked-text/UK/chunk_2988.txt),42.7313,2024
soft_decay,uk,Was the official position in the last quarter of 2023 supportive of the State of Israel?,recency,8,BM25,fixed,exe3/clean-text/UK/debates2025-05-13.txt (exe3/chunked-text/UK/chunk_7431.txt),40.6527,2025
soft_decay,uk,Was the official position in the last quarter of 2023 supportive of Hamas/Gaza?,recency,8,BM25,fixed,exe3/clean-text/UK/debates2025-05-13.txt (exe3/chunked-text/UK/chunk_7427.txt),67.7873,2025
soft_decay,uk,Was the official position in the last quarter of 2023 supportive of Hamas/Gaza?,recency,8,BM25,fixed,exe3/clean-text/UK/debates2023-12-04.txt (exe3/chunked-text/UK/chunk_1365.txt),65.3846,2023
soft_decay,uk,Was the official position in the last quarter of 2023 supportive of Hamas/Gaza?,recency,8,BM25,fixed,exe3/clean-text/UK/debates2023-12-12.txt (exe3/chunked-text/UK/chunk_1488.txt),65.3316,2023
soft_decay,uk,Was the official position in the last quarter of 2023 supportive of Hamas/Gaza?,recency,8,BM25,fixed,exe3/clean-text/UK/debates2025-03-04.txt (exe3/chunked-text/UK/chunk_6410.txt),63.6545,2025
soft_decay,uk,Was the official position in the last quarter of 2023 supportive of Hamas/Gaza?,recency,8,BM25,fixed,exe3/clean-text/UK/debates2023-11-27.txt (exe3/chunked-text/UK/chunk_1247.txt),62.6726,2023
soft_decay,uk,Was the official position in the last quarter of 2023 supportive of Hamas/Gaza?,recency,8,BM25,fixed,exe3/clean-text/UK/debates2023-12-11.txt (exe3/chunked-text/UK/chunk_1476.txt),60.1847,2023
soft_decay,uk,Was the official position in the last quarter of 2023 supportive of Hamas/Gaza?,recency,8,BM25,fixed,exe3/clean-text/UK/debates2023-11-14.txt (exe3/chunked-text/UK/chunk_1061.txt),57.2673,2023
soft_decay,uk,Was the official position in the last quarter of 2023 supportive of Hamas/Gaza?,recency,8,BM25,fixed,exe3/clean-text/UK/debates2024-03-26.txt (exe3/chunked-text/UK/chunk_2987.txt),57.2421,2024
soft_decay,uk,Has the official position in the last quarter of 2023 changed relative to the official position in the last quarter of 2025?,recency,8,BM25,fixed,exe3/clean-text/UK/debates2024-11-11.txt (exe3/chunked-text/UK/chunk_4804.txt),66.4509,2024
soft_decay,uk,Has the official position in the last quarter of 2023 changed relative to the official position in the last quarter of 2025?,recency,8,BM25,fixed,exe3/clean-text/UK/debates2025-03-31.txt (exe3/chunked-text/UK/chunk_6921.txt),64.5517,2025
soft_decay,uk,Has the official position in the last quarter of 2023 changed relative to the official position in the last quarter of 2025?,recency,8,BM25,fixed,exe3/clean-text/UK/debates2024-07-29.txt (exe3/chunked-text/UK/chunk_3994.txt),53.905,2024
soft_decay,uk,Has the official position in the last quarter of 2023 changed relative to the official position in the last quarter of 2025?,recency,8,BM25,fixed,exe3/clean-text/UK/debates2024-05-07.txt (exe3/chunked-text/UK/chunk_3386.txt),51.9856,2024
soft_decay,uk,Has the official position in the last quarter of 2023 changed relative to the official position in the last quarter of 2025?,recency,8,BM25,fixed,exe3/clean-text/UK/debates2025-10-27.txt (exe3/chunked-text/UK/chunk_9113.txt),51.2067,2025
soft_decay,uk,Has the official position in the last quarter of 2023 changed relative to the official position in the last quarter of 2025?,recency,8,BM25,fixed,exe3/clean-text/UK/debates2025-03-04.txt (exe3/chunked-text/UK/chunk_6404.txt),50.5454,2025
soft_decay,uk,Has the official position in the last quarter of 2023 changed relative to the official position in the last quarter of 2025?,recency,8,BM25,fixed,exe3/clean-text/UK/debates2023-06-29.txt (exe3/chunked-text/UK/chunk_47.txt),50.0994,2023
soft_decay,uk,Has the official position in the last quarter of 2023 changed relative to the official position in the last quarter of 2025?,recency,8,BM25,fixed,exe3/clean-text/UK/debates2025-06-20.txt (exe3/chunked-text/UK/chunk_8031.txt),49.3059,2025
soft_decay,uk,What is the latest official position regarding legislation on the protection of veterans?,recency,8,BM25,fixed,exe3/clean-text/UK/debates2024-05-20.txt (exe3/chunked-text/UK/chunk_3624.txt),49.4854,2024
soft_decay,uk,What is the latest official position regarding legislation on the protection of veterans?,recency,8,BM25,fixed,exe3/clean-text/UK/debates2024-01-25.txt (exe3/chunked-text/UK/chunk_1985.txt),43.0609,2024
soft_decay,uk,What is the latest official position regarding legislation on the protection of veterans?,recency,8,BM25,fixed,exe3/clean-text/UK/debates2025-04-23.txt (exe3/chunked-text/UK/chunk_7135.txt),43.0318,2025
soft_decay,uk,What is the latest official position regarding legislation on the protection of veterans?,recency,8,BM25,fixed,exe3/clean-text/UK/debates2024-05-20.txt (exe3/chunked-text/UK/chunk_3625.txt),42.7689,2024
soft_decay,uk,What is the latest official position regarding legislation on the protection of veterans?,recency,8,BM25,fixed,exe3/clean-text/UK/debates2024-04-25.txt (exe3/chunked-text/UK/chunk_3223.txt),42.329,2024
soft_decay,uk,What is the latest official position regarding legislation on the protection of veterans?,recency,8,BM25,fixed,exe3/clean-text/UK/debates2024-02-29.txt (exe3/chunked-text/UK/chunk_2497.txt),41.7426,2024
soft_decay,uk,What is the latest official position regarding legislation on the protection of veterans?,recency,8,BM25,fixed,exe3/clean-text/UK/debates2024-01-25.txt (exe3/chunked-text/UK/chunk_1966.txt),41.4429,2024
soft_decay,uk,What is the latest official position regarding legislation on the protection of veterans?,recency,8,BM25,fixed,exe3/clean-text/UK/debates2024-05-07.txt (exe3/chunked-text/UK/chunk_3404.txt),40.3907,2024
soft_decay,uk,how did the prime minister/president's rhetoric regarding the war between israel and hamas/gaza change between his first and last speech?,evolution,8,BM25,fixed,exe3/clean-text/UK/debates2024-01-08.txt (exe3/chunked-text/UK/chunk_1646.txt),109.2288,2024
soft_decay,uk,how did the prime minister/president's rhetoric regarding the war between israel and hamas/gaza change between his first and last speech?,evolution,8,BM25,fixed,exe3/clean-text/UK/debates2023-10-16.txt (exe3/chunked-text/UK/chunk_696.txt),106.3955,2023
soft_decay,uk,how did the prime minister/president's rhetoric regarding the war between israel and hamas/gaza change between his first and last speech?,evolution,8,BM25,fixed,exe3/clean-text/UK/debates2023-10-16.txt (exe3/chunked-text/UK/chunk_695.txt),98.2982,2023
soft_decay,uk,how did the prime minister/president's rhetoric regarding the war between israel and hamas/gaza change between his first and last speech?,evolution,8,BM25,fixed,exe3/clean-text/UK/debates2025-09-10.txt (exe3/chunked-text/UK/chunk_8790.txt),97.4256,2025
soft_decay,uk,how did the prime minister/president's rhetoric regarding the war between israel and hamas/gaza change between his first and last speech?,evolution,8,BM25,fixed,exe3/clean-text/UK/debates2023-12-19.txt (exe3/chunked-text/UK/chunk_1617.txt),95.1415,2023
soft_decay,uk,how did the prime minister/president's rhetoric regarding the war between israel and hamas/gaza change between his first and last speech?,evolution,8,BM25,fixed,exe3/clean-text/UK/debates2025-05-14.txt (exe3/chunked-text/UK/chunk_7479.txt),93.1913,2025
soft_decay,uk,how did the prime minister/president's rhetoric regarding the war between israel and hamas/gaza change between his first and last speech?,evolution,8,BM25,fixed,exe3/clean-text/UK/debates2023-10-24.txt (exe3/chunked-text/UK/chunk_842.txt),89.9764,2023
soft_decay,uk,how did the prime minister/president's rhetoric regarding the war between israel and hamas/gaza change between his first and last speech?,evolution,8,BM25,fixed,exe3/clean-text/UK/debates2023-12-04.txt (exe3/chunked-text/UK/chunk_1370.txt),87.1056,2023
soft_decay,uk,How has the approach to the restoration and maintenance of local and community infrastructure changed between late 2023 and late 2024?,evolution,8,BM25,fixed,exe3/clean-text/UK/debates2024-02-08.txt (exe3/chunked-text/UK/chunk_2259.txt),66.75,2024
soft_decay,uk,How has the approach to the restoration and maintenance of local and community infrastructure changed between late 2023 and late 2024?,evolution,8,BM25,fixed,exe3/clean-text/UK/debates2024-02-05.txt (exe3/chunked-text/UK/chunk_2160.txt),61.2489,2024
soft_decay,uk,How has the approach to the restoration and maintenance of local and community infrastructure changed between late 2023 and late 2024?,evolution,8,BM25,fixed,exe3/clean-text/UK/debates2025-04-03.txt (exe3/chunked-text/UK/chunk_6999.txt),59.889,2025
soft_decay,uk,How has the approach to the restoration and maintenance of local and community infrastructure changed between late 2023 and late 2024?,evolution,8,BM25,fixed,exe3/clean-text/UK/debates2025-05-08.txt (exe3/chunked-text/UK/chunk_7395.txt),59.1418,2025
soft_decay,uk,How has the approach to the restoration and maintenance of local and community infrastructure changed between late 2023 and late 2024?,evolution,8,BM25,fixed,exe3/clean-text/UK/debates2024-05-20.txt (exe3/chunked-text/UK/chunk_3616.txt),54.2897,2024
soft_decay,uk,How has the approach to the restoration and maintenance of local and community infrastructure changed between late 2023 and late 2024?,evolution,8,BM25,fixed,exe3/clean-text/UK/debates2025-06-19.txt (exe3/chunked-text/UK/chunk_7985.txt),53.3939,2025
soft_decay,uk,How has the approach to the restoration and maintenance of local and community infrastructure changed between late 2023 and late 2024?,evolution,8,BM25,fixed,exe3/clean-text/UK/debates2025-09-16.txt (exe3/chunked-text/UK/chunk_8854.txt),50.8355,2025
soft_decay,uk,How has the approach to the restoration and maintenance of local and community infrastructure changed between late 2023 and late 2024?,evolution,8,BM25,fixed,exe3/clean-text/UK/debates2025-05-13.txt (exe3/chunked-text/UK/chunk_7438.txt),50.5637,2025
soft_decay,uk,who is the minister of defense/secretary of defense?,ambiguity,8,BM25,fixed,exe3/clean-text/UK/debates2025-01-06.txt (exe3/chunked-text/UK/chunk_5532.txt),17.3644,2025
soft_decay,uk,who is the minister of defense/secretary of defense?,ambiguity,8,BM25,fixed,exe3/clean-text/UK/debates2025-09-15.txt (exe3/chunked-text/UK/chunk_8848.txt),2.1343,2025
soft_decay,uk,who is the minister of defense/secretary of defense?,ambiguity,8,BM25,fixed,exe3/clean-text/UK/debates2025-10-27.txt (exe3/chunked-text/UK/chunk_9115.txt),2.1284,2025
soft_decay,uk,who is the minister of defense/secretary of defense?,ambiguity,8,BM25,fixed,exe3/clean-text/UK/debates2025-10-22.txt (exe3/chunked-text/UK/chunk_9047.txt),2.1097,2025
soft_decay,uk,who is the minister of defense/secretary of defense?,ambiguity,8,BM25,fixed,exe3/clean-text/UK/debates2025-09-16.txt (exe3/chunked-text/UK/chunk_8858.txt),2.0997,2025
soft_decay,uk,who is the minister of defense/secretary of defense?,ambiguity,8,BM25,fixed,exe3/clean-text/UK/debates2025-10-28.txt (exe3/chunked-text/UK/chunk_9143.txt),2.0945,2025
soft_decay,uk,who is the minister of defense/secretary of defense?,ambiguity,8,BM25,fixed,exe3/clean-text/UK/debates2025-10-27.txt (exe3/chunked-text/UK/chunk_9119.txt),2.0888,2025
soft_decay,uk,who is the minister of defense/secretary of defense?,ambiguity,8,BM25,fixed,exe3/clean-text/UK/debates2025-01-09.txt (exe3/chunked-text/UK/chunk_5620.txt),2.0884,2025
soft_decay,uk,Who holds the position responsible for Rural Development?,ambiguity,8,BM25,fixed,exe3/clean-text/UK/debates2023-12-05.txt (exe3/chunked-text/UK/chunk_1388.txt),39.6993,2023
soft_decay,uk,Who holds the position responsible for Rural Development?,ambiguity,8,BM25,fixed,exe3/clean-text/UK/debates2024-12-16.txt (exe3/chunked-text/UK/chunk_5428.txt),37.4644,2024
soft_decay,uk,Who holds the position responsible for Rural Development?,ambiguity,8,BM25,fixed,exe3/clean-text/UK/debates2024-12-03.txt (exe3/chunked-text/UK/chunk_5194.txt),36.9384,2024
soft_decay,uk,Who holds the position responsible for Rural Development?,ambiguity,8,BM25,fixed,exe3/clean-text/UK/debates2023-12-11.txt (exe3/chunked-text/UK/chunk_1475.txt),35.8488,2023
soft_decay,uk,Who holds the position responsible for Rural Development?,ambiguity,8,BM25,fixed,exe3/clean-text/UK/debates2024-09-09.txt (exe3/chunked-text/UK/chunk_4163.txt),35.1077,2024
soft_decay,uk,Who holds the position responsible for Rural Development?,ambiguity,8,BM25,fixed,exe3/clean-text/UK/debates2024-03-25.txt (exe3/chunked-text/UK/chunk_2950.txt),33.6788,2024
soft_decay,uk,Who holds the position responsible for Rural Development?,ambiguity,8,BM25,fixed,exe3/clean-text/UK/debates2024-09-11.txt (exe3/chunked-text/UK/chunk_4216.txt),33.4133,2024
soft_decay,uk,Who holds the position responsible for Rural Development?,ambiguity,8,BM25,fixed,exe3/clean-text/UK/debates2025-06-19.txt (exe3/chunked-text/UK/chunk_7991.txt),32.4681,2025
soft_decay,uk,what was the specific budget allocated to security in 2024?,hard_filter,8,BM25,parentSon,exe3/clean-text/UK/debates2025-07-16.txt (exe3/parent-child-chunked-text/UK/children/child_chunk_20056.txt),57.734,2025
soft_decay,uk,what was the specific budget allocated to security in 2024?,hard_filter,8,BM25,parentSon,exe3/clean-text/UK/debates2025-04-29.txt (exe3/parent-child-chunked-text/UK/children/child_chunk_17098.txt),54.6605,2025
soft_decay,uk,what was the specific budget allocated to security in 2024?,hard_filter,8,BM25,parentSon,exe3/clean-text/UK/debates2023-10-17.txt (exe3/parent-child-chunked-text/UK/children/child_chunk_1692.txt),52.8714,2023
soft_decay,uk,what was the specific budget allocated to security in 2024?,hard_filter,8,BM25,parentSon,exe3/clean-text/UK/debates2023-10-17.txt (exe3/parent-child-chunked-text/UK/children/child_chunk_1703.txt),52.2131,2023
soft_decay,uk,what was the specific budget allocated to security in 2024?,hard_filter,8,BM25,parentSon,exe3/clean-text/UK/debates2023-11-08.txt (exe3/parent-child-chunked-text/UK/children/child_chunk_2270.txt),51.8353,2023
soft_decay,uk,what was the specific budget allocated to security in 2024?,hard_filter,8,BM25,parentSon,exe3/clean-text/UK/debates2024-01-22.txt (exe3/parent-child-chunked-text/UK/children/child_chunk_4473.txt),50.2076,2024
soft_decay,uk,what was the specific budget allocated to security in 2024?,hard_filter,8,BM25,parentSon,exe3/clean-text/UK/debates2024-11-18.txt (exe3/parent-child-chunked-text/UK/children/child_chunk_11628.txt),48.424,2024
soft_decay,uk,what was the specific budget allocated to security in 2024?,hard_filter,8,BM25,parentSon,exe3/clean-text/UK/debates2024-01-22.txt (exe3/parent-child-chunked-text/UK/children/child_chunk_4428.txt),47.6964,2024
soft_decay,uk,What was the specific amount allocated to support the public sector for National Insurance costs in 2025?,hard_filter,8,BM25,parentSon,exe3/clean-text/UK/debates2025-03-04.txt (exe3/parent-child-chunked-text/UK/children/child_chunk_15078.txt),94.3803,2025
soft_decay,uk,What was the specific amount allocated to support the public sector for National Insurance costs in 2025?,hard_filter,8,BM25,parentSon,exe3/clean-text/UK/debates2025-01-27.txt (exe3/parent-child-chunked-text/UK/children/child_chunk_13969.txt),74.1667,2025
soft_decay,uk,What was the specific amount allocated to support the public sector for National Insurance costs in 2025?,hard_filter,8,BM25,parentSon,exe3/clean-text/UK/debates2024-12-03.txt (exe3/parent-child-chunked-text/UK/children/child_chunk_12246.txt),68.8013,2024
soft_decay,uk,What was the specific amount allocated to support the public sector for National Insurance costs in 2025?,hard_filter,8,BM25,parentSon,exe3/clean-text/UK/debates2025-01-27.txt (exe3/parent-child-chunked-text/UK/children/child_chunk_13970.txt),64.5649,2025
soft_decay,uk,What was the specific amount allocated to support the public sector for National Insurance costs in 2025?,hard_filter,8,BM25,parentSon,exe3/clean-text/UK/debates2025-07-01.txt (exe3/parent-child-chunked-text/UK/children/child_chunk_19336.txt),61.9388,2025
soft_decay,uk,What was the specific amount allocated to support the public sector for National Insurance costs in 2025?,hard_filter,8,BM25,parentSon,exe3/clean-text/UK/debates2024-12-03.txt (exe3/parent-child-chunked-text/UK/children/child_chunk_12245.txt),61.076,2024
soft_decay,uk,What was the specific amount allocated to support the public sector for National Insurance costs in 2025?,hard_filter,8,BM25,parentSon,exe3/clean-text/UK/debates2024-12-04.txt (exe3/parent-child-chunked-text/UK/children/child_chunk_12326.txt),60.4268,2024
soft_decay,uk,What was the specific amount allocated to support the public sector for National Insurance costs in 2025?,hard_filter,8,BM25,parentSon,exe3/clean-text/UK/debates2024-11-14.txt (exe3/parent-child-chunked-text/UK/children/child_chunk_11575.txt),60.1609,2024
soft_decay,uk,What is the current official position regarding the State of Israel?,recency,8,BM25,parentSon,exe3/clean-text/UK/debates2024-02-01.txt (exe3/parent-child-chunked-text/UK/children/child_chunk_4999.txt),68.7015,2024
soft_decay,uk,What is the current official position regarding the State of Israel?,recency,8,BM25,parentSon,exe3/clean-text/UK/debates2025-10-29.txt (exe3/parent-child-chunked-text/UK/children/child_chunk_21668.txt),59.6304,2025
soft_decay,uk,What is the current official position regarding the State of Israel?,recency,8,BM25,parentSon,exe3/clean-text/UK/debates2024-12-06.txt (exe3/parent-child-chunked-text/UK/children/child_chunk_12489.txt),54.2418,2024
soft_decay,uk,What is the current official position regarding the State of Israel?,recency,8,BM25,parentSon,exe3/clean-text/UK/debates2023-11-14.txt (exe3/parent-child-chunked-text/UK/children/child_chunk_2506.txt),52.027,2023
soft_decay,uk,What is the current official position regarding the State of Israel?,recency,8,BM25,parentSon,exe3/clean-text/UK/debates2024-12-03.txt (exe3/parent-child-chunked-text/UK/children/child_chunk_12288.txt),51.9576,2024
soft_decay,uk,What is the current official position regarding the State of Israel?,recency,8,BM25,parentSon,exe3/clean-text/UK/debates2025-09-02.txt (exe3/parent-child-chunked-text/UK/children/child_chunk_20403.txt),51.0541,2025
soft_decay,uk,What is the current official position regarding the State of Israel?,recency,8,BM25,parentSon,exe3/clean-text/UK/debates2024-01-25.txt (exe3/parent-child-chunked-text/UK/children/child_chunk_4646.txt),50.0638,2024
soft_decay,uk,What is the current official position regarding the State of Israel?,recency,8,BM25,parentSon,exe3/clean-text/UK/debates2024-02-26.txt (exe3/parent-child-chunked-text/UK/children/child_chunk_5728.txt),49.9877,2024
soft_decay,uk,What is the current official position regarding Hamas/Gaza?,recency,8,BM25,parentSon,exe3/clean-text/UK/debates2025-10-29.txt (exe3/parent-child-chunked-text/UK/children/child_chunk_21668.txt),88.1077,2025
soft_decay,uk,What is the current official position regarding Hamas/Gaza?,recency,8,BM25,parentSon,exe3/clean-text/UK/debates2024-02-01.txt (exe3/parent-child-chunked-text/UK/children/child_chunk_4999.txt),81.0846,2024
soft_decay,uk,What is the current official position regarding Hamas/Gaza?,recency,8,BM25,parentSon,exe3/clean-text/UK/debates2023-12-11.txt (exe3/parent-child-chunked-text/UK/children/child_chunk_3480.txt),79.6132,2023
soft_decay,uk,What is the current official position regarding Hamas/Gaza?,recency,8,BM25,parentSon,exe3/clean-text/UK/debates2023-11-14.txt (exe3/parent-child-chunked-text/UK/children/child_chunk_2506.txt),75.8103,2023
soft_decay,uk,What is the current official position regarding Hamas/Gaza?,recency,8,BM25,parentSon,exe3/clean-text/UK/debates2024-05-07.txt (exe3/parent-child-chunked-text/UK/children/child_chunk_8019.txt),72.8626,2024
soft_decay,uk,What is the current official position regarding Hamas/Gaza?,recency,8,BM25,parentSon,exe3/clean-text/UK/debates2025-01-07.txt (exe3/parent-child-chunked-text/UK/children/child_chunk_13145.txt),70.1934,2025
soft_decay,uk,What is the current official position regarding Hamas/Gaza?,recency,8,BM25,parentSon,exe3/clean-text/UK/debates2024-01-30.txt (exe3/parent-child-chunked-text/UK/children/child_chunk_4839.txt),68.8025,2024
soft_decay,uk,What is the current official position regarding Hamas/Gaza?,recency,8,BM25,parentSon,exe3/clean-text/UK/debates2024-02-26.txt (exe3/parent-child-chunked-text/UK/children/child_chunk_5728.txt),66.4475,2024
soft_decay,uk,Was the official position in the last quarter of 2023 supportive of the State of Israel?,recency,8,BM25,parentSon,exe3/clean-text/UK/debates2024-03-26.txt (exe3/parent-child-chunked-text/UK/children/child_chunk_7044.txt),100.2484,2024
soft_decay,uk,Was the official position in the last quarter of 2023 supportive of the State of Israel?,recency,8,BM25,parentSon,exe3/clean-text/UK/debates2024-03-07.txt (exe3/parent-child-chunked-text/UK/children/child_chunk_6246.txt),68.9676,2024
soft_decay,uk,Was the official position in the last quarter of 2023 supportive of the State of Israel?,recency,8,BM25,parentSon,exe3/clean-text/UK/debates2023-12-04.txt (exe3/parent-child-chunked-text/UK/children/child_chunk_3215.txt),64.704,2023
soft_decay,uk,Was the official position in the last quarter of 2023 supportive of the State of Israel?,recency,8,BM25,parentSon,exe3/clean-text/UK/debates2025-05-13.txt (exe3/parent-child-chunked-text/UK/children/child_chunk_17533.txt),63.7098,2025
soft_decay,uk,Was the official position in the last quarter of 2023 supportive of the State of Israel?,recency,8,BM25,parentSon,exe3/clean-text/UK/debates2024-01-16.txt (exe3/parent-child-chunked-text/UK/children/child_chunk_4175.txt),59.913,2024
soft_decay,uk,Was the official position in the last quarter of 2023 supportive of the State of Israel?,recency,8,BM25,parentSon,exe3/clean-text/UK/debates2025-01-15.txt (exe3/parent-child-chunked-text/UK/children/child_chunk_13424.txt),57.8458,2025
soft_decay,uk,Was the official position in the last quarter of 2023 supportive of the State of Israel?,recency,8,BM25,parentSon,exe3/clean-text/UK/debates2024-12-06.txt (exe3/parent-child-chunked-text/UK/children/child_chunk_12489.txt),57.69,2024
soft_decay,uk,Was the official position in the last quarter of 2023 supportive of the State of Israel?,recency,8,BM25,parentSon,exe3/clean-text/UK/debates2025-03-04.txt (exe3/parent-child-chunked-text/UK/children/child_chunk_15117.txt),53.9817,2025
soft_decay,uk,Was the official position in the last quarter of 2023 supportive of Hamas/Gaza?,recency,8,BM25,parentSon,exe3/clean-text/UK/debates2024-03-26.txt (exe3/parent-child-chunked-text/UK/children/child_chunk_7044.txt),82.1114,2024
soft_decay,uk,Was the official position in the last quarter of 2023 supportive of Hamas/Gaza?,recency,8,BM25,parentSon,exe3/clean-text/UK/debates2023-12-11.txt (exe3/parent-child-chunked-text/UK/children/child_chunk_3480.txt),79.3499,2023
soft_decay,uk,Was the official position in the last quarter of 2023 supportive of Hamas/Gaza?,recency,8,BM25,parentSon,exe3/clean-text/UK/debates2023-12-04.txt (exe3/parent-child-chunked-text/UK/children/child_chunk_3216.txt),78.2644,2023
soft_decay,uk,Was the official position in the last quarter of 2023 supportive of Hamas/Gaza?,recency,8,BM25,parentSon,exe3/clean-text/UK/debates2023-11-14.txt (exe3/parent-child-chunked-text/UK/children/child_chunk_2506.txt),75.5071,2023
soft_decay,uk,Was the official position in the last quarter of 2023 supportive of Hamas/Gaza?,recency,8,BM25,parentSon,exe3/clean-text/UK/debates2025-05-13.txt (exe3/parent-child-chunked-text/UK/children/child_chunk_17533.txt),69.8341,2025
soft_decay,uk,Was the official position in the last quarter of 2023 supportive of Hamas/Gaza?,recency,8,BM25,parentSon,exe3/clean-text/UK/debates2024-01-30.txt (exe3/parent-child-chunked-text/UK/children/child_chunk_4839.txt),68.6804,2024
soft_decay,uk,Was the official position in the last quarter of 2023 supportive of Hamas/Gaza?,recency,8,BM25,parentSon,exe3/clean-text/UK/debates2025-10-29.txt (exe3/parent-child-chunked-text/UK/children/child_chunk_21668.txt),65.5122,2025
soft_decay,uk,Was the official position in the last quarter of 2023 supportive of Hamas/Gaza?,recency,8,BM25,parentSon,exe3/clean-text/UK/debates2023-11-27.txt (exe3/parent-child-chunked-text/UK/children/child_chunk_2941.txt),65.4139,2023
soft_decay,uk,Has the official position in the last quarter of 2023 changed relative to the official position in the last quarter of 2025?,recency,8,BM25,parentSon,exe3/clean-text/UK/debates2025-03-31.txt (exe3/parent-child-chunked-text/UK/children/child_chunk_16339.txt),74.3215,2025
soft_decay,uk,Has the official position in the last quarter of 2023 changed relative to the official position in the last quarter of 2025?,recency,8,BM25,parentSon,exe3/clean-text/UK/debates2025-03-31.txt (exe3/parent-child-chunked-text/UK/children/child_chunk_16338.txt),70.9451,2025
soft_decay,uk,Has the official position in the last quarter of 2023 changed relative to the official position in the last quarter of 2025?,recency,8,BM25,parentSon,exe3/clean-text/UK/debates2024-11-11.txt (exe3/parent-child-chunked-text/UK/children/child_chunk_11336.txt),68.2968,2024
soft_decay,uk,Has the official position in the last quarter of 2023 changed relative to the official position in the last quarter of 2025?,recency,8,BM25,parentSon,exe3/clean-text/UK/debates2025-07-10.txt (exe3/parent-child-chunked-text/UK/children/child_chunk_19797.txt),64.8785,2025
soft_decay,uk,Has the official position in the last quarter of 2023 changed relative to the official position in the last quarter of 2025?,recency,8,BM25,parentSon,exe3/clean-text/UK/debates2024-03-26.txt (exe3/parent-child-chunked-text/UK/children/child_chunk_7044.txt),63.9163,2024
soft_decay,uk,Has the official position in the last quarter of 2023 changed relative to the official position in the last quarter of 2025?,recency,8,BM25,parentSon,exe3/clean-text/UK/debates2024-11-29.txt (exe3/parent-child-chunked-text/UK/children/child_chunk_12123.txt),62.6242,2024
soft_decay,uk,Has the official position in the last quarter of 2023 changed relative to the official position in the last quarter of 2025?,recency,8,BM25,parentSon,exe3/clean-text/UK/debates2025-06-20.txt (exe3/parent-child-chunked-text/UK/children/child_chunk_18966.txt),62.1679,2025
soft_decay,uk,Has the official position in the last quarter of 2023 changed relative to the official position in the last quarter of 2025?,recency,8,BM25,parentSon,exe3/clean-text/UK/debates2024-12-06.txt (exe3/parent-child-chunked-text/UK/children/child_chunk_12489.txt),62.1479,2024
soft_decay,uk,What is the latest official position regarding legislation on the protection of veterans?,recency,8,BM25,parentSon,exe3/clean-text/UK/debates2024-01-25.txt (exe3/parent-child-chunked-text/UK/children/child_chunk_4692.txt),59.9151,2024
soft_decay,uk,What is the latest official position regarding legislation on the protection of veterans?,recency,8,BM25,parentSon,exe3/clean-text/UK/debates2024-05-07.txt (exe3/parent-child-chunked-text/UK/children/child_chunk_8019.txt),58.9272,2024
soft_decay,uk,What is the latest official position regarding legislation on the protection of veterans?,recency,8,BM25,parentSon,exe3/clean-text/UK/debates2025-09-02.txt (exe3/parent-child-chunked-text/UK/children/child_chunk_20403.txt),57.1902,2025
soft_decay,uk,What is the latest official position regarding legislation on the protection of veterans?,recency,8,BM25,parentSon,exe3/clean-text/UK/debates2025-06-25.txt (exe3/parent-child-chunked-text/UK/children/child_chunk_19152.txt),54.4307,2025
soft_decay,uk,What is the latest official position regarding legislation on the protection of veterans?,recency,8,BM25,parentSon,exe3/clean-text/UK/debates2024-12-03.txt (exe3/parent-child-chunked-text/UK/children/child_chunk_12288.txt),54.3369,2024
soft_decay,uk,What is the latest official position regarding legislation on the protection of veterans?,recency,8,BM25,parentSon,exe3/clean-text/UK/debates2024-01-09.txt (exe3/parent-child-chunked-text/UK/children/child_chunk_3901.txt),54.2747,2024
soft_decay,uk,What is the latest official position regarding legislation on the protection of veterans?,recency,8,BM25,parentSon,exe3/clean-text/UK/debates2024-03-13.txt (exe3/parent-child-chunked-text/UK/children/child_chunk_6465.txt),53.3992,2024
soft_decay,uk,What is the latest official position regarding legislation on the protection of veterans?,recency,8,BM25,parentSon,exe3/clean-text/UK/debates2025-05-21.txt (exe3/parent-child-chunked-text/UK/children/child_chunk_17934.txt),52.0399,2025
soft_decay,uk,how did the prime minister/president's rhetoric regarding the war between israel and hamas/gaza change between his first and last speech?,evolution,8,BM25,parentSon,exe3/clean-text/UK/debates2023-10-16.txt (exe3/parent-child-chunked-text/UK/children/child_chunk_1643.txt),121.0193,2023
soft_decay,uk,how did the prime minister/president's rhetoric regarding the war between israel and hamas/gaza change between his first and last speech?,evolution,8,BM25,parentSon,exe3/clean-text/UK/debates2024-01-08.txt (exe3/parent-child-chunked-text/UK/children/child_chunk_3876.txt),120.5227,2024
soft_decay,uk,how did the prime minister/president's rhetoric regarding the war between israel and hamas/gaza change between his first and last speech?,evolution,8,BM25,parentSon,exe3/clean-text/UK/debates2023-12-04.txt (exe3/parent-child-chunked-text/UK/children/child_chunk_3228.txt),109.3067,2023
soft_decay,uk,how did the prime minister/president's rhetoric regarding the war between israel and hamas/gaza change between his first and last speech?,evolution,8,BM25,parentSon,exe3/clean-text/UK/debates2025-05-14.txt (exe3/parent-child-chunked-text/UK/children/child_chunk_17658.txt),107.6677,2025
soft_decay,uk,how did the prime minister/president's rhetoric regarding the war between israel and hamas/gaza change between his first and last speech?,evolution,8,BM25,parentSon,exe3/clean-text/UK/debates2023-10-24.txt (exe3/parent-child-chunked-text/UK/children/child_chunk_1990.txt),100.2762,2023
soft_decay,uk,how did the prime minister/president's rhetoric regarding the war between israel and hamas/gaza change between his first and last speech?,evolution,8,BM25,parentSon,exe3/clean-text/UK/debates2023-10-18.txt (exe3/parent-child-chunked-text/UK/children/child_chunk_1780.txt),92.4114,2023
soft_decay,uk,how did the prime minister/president's rhetoric regarding the war between israel and hamas/gaza change between his first and last speech?,evolution,8,BM25,parentSon,exe3/clean-text/UK/debates2024-01-08.txt (exe3/parent-child-chunked-text/UK/children/child_chunk_3877.txt),91.6359,2024
soft_decay,uk,how did the prime minister/president's rhetoric regarding the war between israel and hamas/gaza change between his first and last speech?,evolution,8,BM25,parentSon,exe3/clean-text/UK/debates2025-10-29.txt (exe3/parent-child-chunked-text/UK/children/child_chunk_21668.txt),91.0519,2025
soft_decay,uk,How has the approach to the restoration and maintenance of local and community infrastructure changed between late 2023 and late 2024?,evolution,8,BM25,parentSon,exe3/clean-text/UK/debates2023-10-26.txt (exe3/parent-child-chunked-text/UK/children/child_chunk_2150.txt),74.5907,2023
soft_decay,uk,How has the approach to the restoration and maintenance of local and community infrastructure changed between late 2023 and late 2024?,evolution,8,BM25,parentSon,exe3/clean-text/UK/debates2025-04-03.txt (exe3/parent-child-chunked-text/UK/children/child_chunk_16519.txt),73.9292,2025
soft_decay,uk,How has the approach to the restoration and maintenance of local and community infrastructure changed between late 2023 and late 2024?,evolution,8,BM25,parentSon,exe3/clean-text/UK/debates2024-02-08.txt (exe3/parent-child-chunked-text/UK/children/child_chunk_5336.txt),72.9611,2024
soft_decay,uk,How has the approach to the restoration and maintenance of local and community infrastructure changed between late 2023 and late 2024?,evolution,8,BM25,parentSon,exe3/clean-text/UK/debates2025-05-08.txt (exe3/parent-child-chunked-text/UK/children/child_chunk_17458.txt),71.2693,2025
soft_decay,uk,How has the approach to the restoration and maintenance of local and community infrastructure changed between late 2023 and late 2024?,evolution,8,BM25,parentSon,exe3/clean-text/UK/debates2024-05-20.txt (exe3/parent-child-chunked-text/UK/children/child_chunk_8519.txt),67.9039,2024
soft_decay,uk,How has the approach to the restoration and maintenance of local and community infrastructure changed between late 2023 and late 2024?,evolution,8,BM25,parentSon,exe3/clean-text/UK/debates2024-02-05.txt (exe3/parent-child-chunked-text/UK/children/child_chunk_5101.txt),67.89,2024
soft_decay,uk,How has the approach to the restoration and maintenance of local and community infrastructure changed between late 2023 and late 2024?,evolution,8,BM25,parentSon,exe3/clean-text/UK/debates2025-04-03.txt (exe3/parent-child-chunked-text/UK/children/child_chunk_16520.txt),64.6026,2025
soft_decay,uk,How has the approach to the restoration and maintenance of local and community infrastructure changed between late 2023 and late 2024?,evolution,8,BM25,parentSon,exe3/clean-text/UK/debates2024-12-16.txt (exe3/parent-child-chunked-text/UK/children/child_chunk_12823.txt),64.289,2024
soft_decay,uk,who is the minister of defense/secretary of defense?,ambiguity,8,BM25,parentSon,exe3/clean-text/UK/debates2025-01-06.txt (exe3/parent-child-chunked-text/UK/children/child_chunk_13049.txt),23.56,2025
soft_decay,uk,who is the minister of defense/secretary of defense?,ambiguity,8,BM25,parentSon,exe3/clean-text/UK/debates2024-03-20.txt (exe3/parent-child-chunked-text/UK/children/child_chunk_6787.txt),5.0035,2024
soft_decay,uk,who is the minister of defense/secretary of defense?,ambiguity,8,BM25,parentSon,exe3/clean-text/UK/debates2023-11-14.txt (exe3/parent-child-chunked-text/UK/children/child_chunk_2490.txt),4.9146,2023
soft_decay,uk,who is the minister of defense/secretary of defense?,ambiguity,8,BM25,parentSon,exe3/clean-text/UK/debates2023-11-09.txt (exe3/parent-child-chunked-text/UK/children/child_chunk_2335.txt),4.9065,2023
soft_decay,uk,who is the minister of defense/secretary of defense?,ambiguity,8,BM25,parentSon,exe3/clean-text/UK/debates2025-09-16.txt (exe3/parent-child-chunked-text/UK/children/child_chunk_20917.txt),4.8634,2025
soft_decay,uk,who is the minister of defense/secretary of defense?,ambiguity,8,BM25,parentSon,exe3/clean-text/UK/debates2023-11-09.txt (exe3/parent-child-chunked-text/UK/children/child_chunk_2323.txt),4.8374,2023
soft_decay,uk,who is the minister of defense/secretary of defense?,ambiguity,8,BM25,parentSon,exe3/clean-text/UK/debates2025-06-16.txt (exe3/parent-child-chunked-text/UK/children/child_chunk_18712.txt),4.7876,2025
soft_decay,uk,who is the minister of defense/secretary of defense?,ambiguity,8,BM25,parentSon,exe3/clean-text/UK/debates2025-01-09.txt (exe3/parent-child-chunked-text/UK/children/child_chunk_13258.txt),4.7552,2025
soft_decay,uk,Who holds the position responsible for Rural Development?,ambiguity,8,BM25,parentSon,exe3/clean-text/UK/debates2024-12-16.txt (exe3/parent-child-chunked-text/UK/children/child_chunk_12807.txt),56.0486,2024
soft_decay,uk,Who holds the position responsible for Rural Development?,ambiguity,8,BM25,parentSon,exe3/clean-text/UK/debates2023-12-05.txt (exe3/parent-child-chunked-text/UK/children/child_chunk_3272.txt),54.1221,2023
soft_decay,uk,Who holds the position responsible for Rural Development?,ambiguity,8,BM25,parentSon,exe3/clean-text/UK/debates2025-06-19.txt (exe3/parent-child-chunked-text/UK/children/child_chunk_18869.txt),46.2415,2025
soft_decay,uk,Who holds the position responsible for Rural Development?,ambiguity,8,BM25,parentSon,exe3/clean-text/UK/debates2024-07-19.txt (exe3/parent-child-chunked-text/UK/children/child_chunk_8982.txt),45.0264,2024
soft_decay,uk,Who holds the position responsible for Rural Development?,ambiguity,8,BM25,parentSon,exe3/clean-text/UK/debates2024-12-03.txt (exe3/parent-child-chunked-text/UK/children/child_chunk_12258.txt),45.0264,2024
soft_decay,uk,Who holds the position responsible for Rural Development?,ambiguity,8,BM25,parentSon,exe3/clean-text/UK/debates2024-04-18.txt (exe3/parent-child-chunked-text/UK/children/child_chunk_7298.txt),44.922,2024
soft_decay,uk,Who holds the position responsible for Rural Development?,ambiguity,8,BM25,parentSon,exe3/clean-text/UK/debates2024-07-22.txt (exe3/parent-child-chunked-text/UK/children/child_chunk_9083.txt),44.5681,2024
soft_decay,uk,Who holds the position responsible for Rural Development?,ambiguity,8,BM25,parentSon,exe3/clean-text/UK/debates2025-05-08.txt (exe3/parent-child-chunked-text/UK/children/child_chunk_17439.txt),42.2395,2025
soft_decay,us,what was the specific budget allocated to security in 2024?,hard_filter,3,DENSE,fixed,exe3/clean-text/US/2024-11-13.txt (exe3/chunked-text/US/chunk_1532.txt),0.9129,2024
soft_decay,us,what was the specific budget allocated to security in 2024?,hard_filter,3,DENSE,fixed,exe3/clean-text/US/2025-05-12.txt (exe3/chunked-text/US/chunk_1850.txt),0.9102,2025
soft_decay,us,what was the specific budget allocated to security in 2024?,hard_filter,3,DENSE,fixed,exe3/clean-text/US/2025-06-09.txt (exe3/chunked-text/US/chunk_1944.txt),0.9064,2025
soft_decay,us,What was the specific amount allocated to support the public sector for National Insurance costs in 2025?,hard_filter,3,DENSE,fixed,exe3/clean-text/US/2025-10-28.txt (exe3/chunked-text/US/chunk_2357.txt),0.7021,2025
soft_decay,us,What was the specific amount allocated to support the public sector for National Insurance costs in 2025?,hard_filter,3,DENSE,fixed,exe3/clean-text/US/2025-10-21.txt (exe3/chunked-text/US/chunk_2339.txt),0.6988,2025
soft_decay,us,What was the specific amount allocated to support the public sector for National Insurance costs in 2025?,hard_filter,3,DENSE,fixed,exe3/clean-text/US/2025-10-29.txt (exe3/chunked-text/US/chunk_2361.txt),0.6954,2025
soft_decay,us,What is the current official position regarding the State of Israel?,recency,3,DENSE,fixed,exe3/clean-text/US/2025-10-31.txt (exe3/chunked-text/US/chunk_2368.txt),0.7138,2025
soft_decay,us,What is the current official position regarding the State of Israel?,recency,3,DENSE,fixed,exe3/clean-text/US/2025-10-28.txt (exe3/chunked-text/US/chunk_2358.txt),0.7128,2025
soft_decay,us,What is the current official position regarding the State of Israel?,recency,3,DENSE,fixed,exe3/clean-text/US/2025-10-29.txt (exe3/chunked-text/US/chunk_2361.txt),0.7123,2025
soft_decay,us,What is the current official position regarding Hamas/Gaza?,recency,3,DENSE,fixed,exe3/clean-text/US/2025-10-31.txt (exe3/chunked-text/US/chunk_2368.txt),0.7307,2025
soft_decay,us,What is the current official position regarding Hamas/Gaza?,recency,3,DENSE,fixed,exe3/clean-text/US/2025-10-31.txt (exe3/chunked-text/US/chunk_2369.txt),0.7288,2025
soft_decay,us,What is the current official position regarding Hamas/Gaza?,recency,3,DENSE,fixed,exe3/clean-text/US/2025-10-28.txt (exe3/chunked-text/US/chunk_2357.txt),0.7285,2025
soft_decay,us,Was the official position in the last quarter of 2023 supportive of the State of Israel?,recency,3,DENSE,fixed,exe3/clean-text/US/2024-07-11.txt (exe3/chunked-text/US/chunk_1152.txt),0.8892,2024
soft_decay,us,Was the official position in the last quarter of 2023 supportive of the State of Israel?,recency,3,DENSE,fixed,exe3/clean-text/US/2024-04-08.txt (exe3/chunked-text/US/chunk_785.txt),0.8875,2024
soft_decay,us,Was the official position in the last quarter of 2023 supportive of the State of Israel?,recency,3,DENSE,fixed,exe3/clean-text/US/2025-05-05.txt (exe3/chunked-text/US/chunk_1822.txt),0.8868,2025
soft_decay,us,Was the official position in the last quarter of 2023 supportive of Hamas/Gaza?,recency,3,DENSE,fixed,exe3/clean-text/US/2024-09-17.txt (exe3/chunked-text/US/chunk_1350.txt),0.8985,2024
soft_decay,us,Was the official position in the last quarter of 2023 supportive of Hamas/Gaza?,recency,3,DENSE,fixed,exe3/clean-text/US/2025-05-05.txt (exe3/chunked-text/US/chunk_1822.txt),0.8943,2025
soft_decay,us,Was the official position in the last quarter of 2023 supportive of Hamas/Gaza?,recency,3,DENSE,fixed,exe3/clean-text/US/2024-07-11.txt (exe3/chunked-text/US/chunk_1152.txt),0.8931,2024
soft_decay,us,Has the official position in the last quarter of 2023 changed relative to the official position in the last quarter of 2025?,recency,3,DENSE,fixed,exe3/clean-text/US/2024-02-28.txt (exe3/chunked-text/US/chunk_653.txt),0.9023,2024
soft_decay,us,Has the official position in the last quarter of 2023 changed relative to the official position in the last quarter of 2025?,recency,3,DENSE,fixed,exe3/clean-text/US/2024-04-10.txt (exe3/chunked-text/US/chunk_802.txt),0.8999,2024
soft_decay,us,Has the official position in the last quarter of 2023 changed relative to the official position in the last quarter of 2025?,recency,3,DENSE,fixed,exe3/clean-text/US/2024-05-21.txt (exe3/chunked-text/US/chunk_956.txt),0.8964,2024
soft_decay,us,What is the latest official position regarding legislation on the protection of veterans?,recency,3,DENSE,fixed,exe3/clean-text/US/2025-10-29.txt (exe3/chunked-text/US/chunk_2361.txt),0.7418,2025
soft_decay,us,What is the latest official position regarding legislation on the protection of veterans?,recency,3,DENSE,fixed,exe3/clean-text/US/2025-10-21.txt (exe3/chunked-text/US/chunk_2339.txt),0.7286,2025
soft_decay,us,What is the latest official position regarding legislation on the protection of veterans?,recency,3,DENSE,fixed,exe3/clean-text/US/2025-10-31.txt (exe3/chunked-text/US/chunk_2369.txt),0.7283,2025
soft_decay,us,how did the prime minister/president's rhetoric regarding the war between israel and hamas/gaza change between his first and last speech?,evolution,3,DENSE,fixed,exe3/clean-text/US/2025-10-31.txt (exe3/chunked-text/US/chunk_2369.txt),0.8473,2025
soft_decay,us,how did the prime minister/president's rhetoric regarding the war between israel and hamas/gaza change between his first and last speech?,evolution,3,DENSE,fixed,exe3/clean-text/US/2025-10-31.txt (exe3/chunked-text/US/chunk_2362.txt),0.8397,2025
soft_decay,us,how did the prime minister/president's rhetoric regarding the war between israel and hamas/gaza change between his first and last speech?,evolution,3,DENSE,fixed,exe3/clean-text/US/2025-10-28.txt (exe3/chunked-text/US/chunk_2357.txt),0.8309,2025
soft_decay,us,How has the approach to the restoration and maintenance of local and community infrastructure changed between late 2023 and late 2024?,evolution,3,DENSE,fixed,exe3/clean-text/US/2024-02-28.txt (exe3/chunked-text/US/chunk_653.txt),0.8982,2024
soft_decay,us,How has the approach to the restoration and maintenance of local and community infrastructure changed between late 2023 and late 2024?,evolution,3,DENSE,fixed,exe3/clean-text/US/2024-05-16.txt (exe3/chunked-text/US/chunk_943.txt),0.8965,2024
soft_decay,us,How has the approach to the restoration and maintenance of local and community infrastructure changed between late 2023 and late 2024?,evolution,3,DENSE,fixed,exe3/clean-text/US/2025-06-10.txt (exe3/chunked-text/US/chunk_1949.txt),0.8931,2025
soft_decay,us,who is the minister of defense/secretary of defense?,ambiguity,3,DENSE,fixed,exe3/clean-text/US/2025-10-29.txt (exe3/chunked-text/US/chunk_2361.txt),0.8389,2025
soft_decay,us,who is the minister of defense/secretary of defense?,ambiguity,3,DENSE,fixed,exe3/clean-text/US/2025-10-31.txt (exe3/chunked-text/US/chunk_2368.txt),0.8255,2025
soft_decay,us,who is the minister of defense/secretary of defense?,ambiguity,3,DENSE,fixed,exe3/clean-text/US/2025-10-31.txt (exe3/chunked-text/US/chunk_2369.txt),0.8165,2025
soft_decay,us,Who holds the position responsible for Rural Development?,ambiguity,3,DENSE,fixed,exe3/clean-text/US/2025-10-31.txt (exe3/chunked-text/US/chunk_2364.txt),0.8131,2025
soft_decay,us,Who holds the position responsible for Rural Development?,ambiguity,3,DENSE,fixed,exe3/clean-text/US/2025-10-31.txt (exe3/chunked-text/US/chunk_2363.txt),0.8027,2025
soft_decay,us,Who holds the position responsible for Rural Development?,ambiguity,3,DENSE,fixed,exe3/clean-text/US/2025-10-31.txt (exe3/chunked-text/US/chunk_2369.txt),0.7979,2025
soft_decay,us,what was the specific budget allocated to security in 2024?,hard_filter,3,DENSE,parentSon,exe3/clean-text/US/2025-08-12.txt (exe3/parent-child-chunked-text/US/children/child_chunk_4729.txt),0.9105,2025
soft_decay,us,what was the specific budget allocated to security in 2024?,hard_filter,3,DENSE,parentSon,exe3/clean-text/US/2024-12-09.txt (exe3/parent-child-chunked-text/US/children/child_chunk_3606.txt),0.9008,2024
soft_decay,us,what was the specific budget allocated to security in 2024?,hard_filter,3,DENSE,parentSon,exe3/clean-text/US/2024-08-09.txt (exe3/parent-child-chunked-text/US/children/child_chunk_2732.txt),0.9001,2024
soft_decay,us,What was the specific amount allocated to support the public sector for National Insurance costs in 2025?,hard_filter,3,DENSE,parentSon,exe3/clean-text/US/2025-10-28.txt (exe3/parent-child-chunked-text/US/children/child_chunk_5195.txt),0.6904,2025
soft_decay,us,What was the specific amount allocated to support the public sector for National Insurance costs in 2025?,hard_filter,3,DENSE,parentSon,exe3/clean-text/US/2025-10-22.txt (exe3/parent-child-chunked-text/US/children/child_chunk_5158.txt),0.6897,2025
soft_decay,us,What was the specific amount allocated to support the public sector for National Insurance costs in 2025?,hard_filter,3,DENSE,parentSon,exe3/clean-text/US/2025-10-28.txt (exe3/parent-child-chunked-text/US/children/child_chunk_5192.txt),0.6883,2025
soft_decay,us,What is the current official position regarding the State of Israel?,recency,3,DENSE,parentSon,exe3/clean-text/US/2025-10-28.txt (exe3/parent-child-chunked-text/US/children/child_chunk_5195.txt),0.7143,2025
soft_decay,us,What is the current official position regarding the State of Israel?,recency,3,DENSE,parentSon,exe3/clean-text/US/2025-10-28.txt (exe3/parent-child-chunked-text/US/children/child_chunk_5191.txt),0.7072,2025
soft_decay,us,What is the current official position regarding the State of Israel?,recency,3,DENSE,parentSon,exe3/clean-text/US/2025-10-31.txt (exe3/parent-child-chunked-text/US/children/child_chunk_5219.txt),0.7038,2025
soft_decay,us,What is the current official position regarding Hamas/Gaza?,recency,3,DENSE,parentSon,exe3/clean-text/US/2025-10-31.txt (exe3/parent-child-chunked-text/US/children/child_chunk_5219.txt),0.7304,2025
soft_decay,us,What is the current official position regarding Hamas/Gaza?,recency,3,DENSE,parentSon,exe3/clean-text/US/2025-10-28.txt (exe3/parent-child-chunked-text/US/children/child_chunk_5195.txt),0.7282,2025
soft_decay,us,What is the current official position regarding Hamas/Gaza?,recency,3,DENSE,parentSon,exe3/clean-text/US/2025-10-28.txt (exe3/parent-child-chunked-text/US/children/child_chunk_5191.txt),0.7189,2025
soft_decay,us,Was the official position in the last quarter of 2023 supportive of the State of Israel?,recency,3,DENSE,parentSon,exe3/clean-text/US/2024-09-17.txt (exe3/parent-child-chunked-text/US/children/child_chunk_2987.txt),0.8897,2024
soft_decay,us,Was the official position in the last quarter of 2023 supportive of the State of Israel?,recency,3,DENSE,parentSon,exe3/clean-text/US/2025-05-05.txt (exe3/parent-child-chunked-text/US/children/child_chunk_4034.txt),0.8864,2025
soft_decay,us,Was the official position in the last quarter of 2023 supportive of the State of Israel?,recency,3,DENSE,parentSon,exe3/clean-text/US/2024-08-06.txt (exe3/parent-child-chunked-text/US/children/child_chunk_2707.txt),0.8857,2024
soft_decay,us,Was the official position in the last quarter of 2023 supportive of Hamas/Gaza?,recency,3,DENSE,parentSon,exe3/clean-text/US/2024-09-17.txt (exe3/parent-child-chunked-text/US/children/child_chunk_2988.txt),0.8989,2024
soft_decay,us,Was the official position in the last quarter of 2023 supportive of Hamas/Gaza?,recency,3,DENSE,parentSon,exe3/clean-text/US/2025-05-05.txt (exe3/parent-child-chunked-text/US/children/child_chunk_4034.txt),0.8932,2025
soft_decay,us,Was the official position in the last quarter of 2023 supportive of Hamas/Gaza?,recency,3,DENSE,parentSon,exe3/clean-text/US/2024-09-17.txt (exe3/parent-child-chunked-text/US/children/child_chunk_2987.txt),0.8924,2024
soft_decay,us,Has the official position in the last quarter of 2023 changed relative to the official position in the last quarter of 2025?,recency,3,DENSE,parentSon,exe3/clean-text/US/2024-05-01.txt (exe3/parent-child-chunked-text/US/children/child_chunk_1988.txt),0.8923,2024
soft_decay,us,Has the official position in the last quarter of 2023 changed relative to the official position in the last quarter of 2025?,recency,3,DENSE,parentSon,exe3/clean-text/US/2024-03-08.txt (exe3/parent-child-chunked-text/US/children/child_chunk_1561.txt),0.892,2024
soft_decay,us,Has the official position in the last quarter of 2023 changed relative to the official position in the last quarter of 2025?,recency,3,DENSE,parentSon,exe3/clean-text/US/2024-07-22.txt (exe3/parent-child-chunked-text/US/children/child_chunk_2601.txt),0.8918,2024
soft_decay,us,What is the latest official position regarding legislation on the protection of veterans?,recency,3,DENSE,parentSon,exe3/clean-text/US/2025-10-29.txt (exe3/parent-child-chunked-text/US/children/child_chunk_5202.txt),0.7371,2025
soft_decay,us,What is the latest official position regarding legislation on the protection of veterans?,recency,3,DENSE,parentSon,exe3/clean-text/US/2025-10-22.txt (exe3/parent-child-chunked-text/US/children/child_chunk_5159.txt),0.7271,2025
soft_decay,us,What is the latest official position regarding legislation on the protection of veterans?,recency,3,DENSE,parentSon,exe3/clean-text/US/2025-10-27.txt (exe3/parent-child-chunked-text/US/children/child_chunk_5183.txt),0.727,2025
soft_decay,us,how did the prime minister/president's rhetoric regarding the war between israel and hamas/gaza change between his first and last speech?,evolution,3,DENSE,parentSon,exe3/clean-text/US/2025-10-31.txt (exe3/parent-child-chunked-text/US/children/child_chunk_5203.txt),0.8351,2025
soft_decay,us,how did the prime minister/president's rhetoric regarding the war between israel and hamas/gaza change between his first and last speech?,evolution,3,DENSE,parentSon,exe3/clean-text/US/2025-10-31.txt (exe3/parent-child-chunked-text/US/children/child_chunk_5219.txt),0.8325,2025
soft_decay,us,how did the prime minister/president's rhetoric regarding the war between israel and hamas/gaza change between his first and last speech?,evolution,3,DENSE,parentSon,exe3/clean-text/US/2025-10-28.txt (exe3/parent-child-chunked-text/US/children/child_chunk_5187.txt),0.8248,2025
soft_decay,us,How has the approach to the restoration and maintenance of local and community infrastructure changed between late 2023 and late 2024?,evolution,3,DENSE,parentSon,exe3/clean-text/US/2024-02-28.txt (exe3/parent-child-chunked-text/US/children/child_chunk_1458.txt),0.8866,2024
soft_decay,us,How has the approach to the restoration and maintenance of local and community infrastructure changed between late 2023 and late 2024?,evolution,3,DENSE,parentSon,exe3/clean-text/US/2025-10-17.txt (exe3/parent-child-chunked-text/US/children/child_chunk_5126.txt),0.8851,2025
soft_decay,us,How has the approach to the restoration and maintenance of local and community infrastructure changed between late 2023 and late 2024?,evolution,3,DENSE,parentSon,exe3/clean-text/US/2024-02-26.txt (exe3/parent-child-chunked-text/US/children/child_chunk_1433.txt),0.8846,2024
soft_decay,us,who is the minister of defense/secretary of defense?,ambiguity,3,DENSE,parentSon,exe3/clean-text/US/2025-10-29.txt (exe3/parent-child-chunked-text/US/children/child_chunk_5202.txt),0.8305,2025
soft_decay,us,who is the minister of defense/secretary of defense?,ambiguity,3,DENSE,parentSon,exe3/clean-text/US/2025-10-31.txt (exe3/parent-child-chunked-text/US/children/child_chunk_5219.txt),0.8255,2025
soft_decay,us,who is the minister of defense/secretary of defense?,ambiguity,3,DENSE,parentSon,exe3/clean-text/US/2025-10-29.txt (exe3/parent-child-chunked-text/US/children/child_chunk_5201.txt),0.8229,2025
soft_decay,us,Who holds the position responsible for Rural Development?,ambiguity,3,DENSE,parentSon,exe3/clean-text/US/2025-10-31.txt (exe3/parent-child-chunked-text/US/children/child_chunk_5208.txt),0.8027,2025
soft_decay,us,Who holds the position responsible for Rural Development?,ambiguity,3,DENSE,parentSon,exe3/clean-text/US/2025-10-31.txt (exe3/parent-child-chunked-text/US/children/child_chunk_5207.txt),0.8022,2025
soft_decay,us,Who holds the position responsible for Rural Development?,ambiguity,3,DENSE,parentSon,exe3/clean-text/US/2025-10-31.txt (exe3/parent-child-chunked-text/US/children/child_chunk_5214.txt),0.7911,2025
soft_decay,us,what was the specific budget allocated to security in 2024?,hard_filter,3,BM25,fixed,exe3/clean-text/US/2024-12-09.txt (exe3/chunked-text/US/chunk_1627.txt),24.8637,2024
soft_decay,us,what was the specific budget allocated to security in 2024?,hard_filter,3,BM25,fixed,exe3/clean-text/US/2023-10-02.txt (exe3/chunked-text/US/chunk_277.txt),21.8874,2023
soft_decay,us,what was the specific budget allocated to security in 2024?,hard_filter,3,BM25,fixed,exe3/clean-text/US/2024-05-15.txt (exe3/chunked-text/US/chunk_936.txt),21.3131,2024
soft_decay,us,What was the specific amount allocated to support the public sector for National Insurance costs in 2025?,hard_filter,3,BM25,fixed,exe3/clean-text/US/2025-05-20.txt (exe3/chunked-text/US/chunk_1882.txt),29.1097,2025
soft_decay,us,What was the specific amount allocated to support the public sector for National Insurance costs in 2025?,hard_filter,3,BM25,fixed,exe3/clean-text/US/2024-12-09.txt (exe3/chunked-text/US/chunk_1627.txt),25.4044,2024
soft_decay,us,What was the specific amount allocated to support the public sector for National Insurance costs in 2025?,hard_filter,3,BM25,fixed,exe3/clean-text/US/2024-08-13.txt (exe3/chunked-text/US/chunk_1239.txt),24.5765,2024
soft_decay,us,What is the current official position regarding the State of Israel?,recency,3,BM25,fixed,exe3/clean-text/US/2023-08-15.txt (exe3/chunked-text/US/chunk_147.txt),40.385,2023
soft_decay,us,What is the current official position regarding the State of Israel?,recency,3,BM25,fixed,exe3/clean-text/US/2025-10-06.txt (exe3/chunked-text/US/chunk_2302.txt),37.3361,2025
soft_decay,us,What is the current official position regarding the State of Israel?,recency,3,BM25,fixed,exe3/clean-text/US/2025-10-08.txt (exe3/chunked-text/US/chunk_2309.txt),35.591,2025
soft_decay,us,What is the current official position regarding Hamas/Gaza?,recency,3,BM25,fixed,exe3/clean-text/US/2024-09-17.txt (exe3/chunked-text/US/chunk_1350.txt),52.2107,2024
soft_decay,us,What is the current official position regarding Hamas/Gaza?,recency,3,BM25,fixed,exe3/clean-text/US/2023-08-15.txt (exe3/chunked-text/US/chunk_147.txt),40.385,2023
soft_decay,us,What is the current official position regarding Hamas/Gaza?,recency,3,BM25,fixed,exe3/clean-text/US/2023-10-12.txt (exe3/chunked-text/US/chunk_310.txt),39.3374,2023
soft_decay,us,Was the official position in the last quarter of 2023 supportive of the State of Israel?,recency,3,BM25,fixed,exe3/clean-text/US/2023-07-27.txt (exe3/chunked-text/US/chunk_100.txt),48.9103,2023
soft_decay,us,Was the official position in the last quarter of 2023 supportive of the State of Israel?,recency,3,BM25,fixed,exe3/clean-text/US/2024-11-05.txt (exe3/chunked-text/US/chunk_1502.txt),41.209,2024
soft_decay,us,Was the official position in the last quarter of 2023 supportive of the State of Israel?,recency,3,BM25,fixed,exe3/clean-text/US/2024-09-17.txt (exe3/chunked-text/US/chunk_1350.txt),37.7627,2024
soft_decay,us,Was the official position in the last quarter of 2023 supportive of Hamas/Gaza?,recency,3,BM25,fixed,exe3/clean-text/US/2024-09-17.txt (exe3/chunked-text/US/chunk_1350.txt),60.118,2024
soft_decay,us,Was the official position in the last quarter of 2023 supportive of Hamas/Gaza?,recency,3,BM25,fixed,exe3/clean-text/US/2024-11-05.txt (exe3/chunked-text/US/chunk_1502.txt),41.209,2024
soft_decay,us,Was the official position in the last quarter of 2023 supportive of Hamas/Gaza?,recency,3,BM25,fixed,exe3/clean-text/US/2023-10-12.txt (exe3/chunked-text/US/chunk_310.txt),38.7629,2023
soft_decay,us,Has the official position in the last quarter of 2023 changed relative to the official position in the last quarter of 2025?,recency,3,BM25,fixed,exe3/clean-text/US/2024-02-07.txt (exe3/chunked-text/US/chunk_576.txt),42.2149,2024
soft_decay,us,Has the official position in the last quarter of 2023 changed relative to the official position in the last quarter of 2025?,recency,3,BM25,fixed,exe3/clean-text/US/2024-09-25.txt (exe3/chunked-text/US/chunk_1403.txt),41.0413,2024
soft_decay,us,Has the official position in the last quarter of 2023 changed relative to the official position in the last quarter of 2025?,recency,3,BM25,fixed,exe3/clean-text/US/2025-04-08.txt (exe3/chunked-text/US/chunk_1745.txt),39.9382,2025
soft_decay,us,What is the latest official position regarding legislation on the protection of veterans?,recency,3,BM25,fixed,exe3/clean-text/US/2025-10-20.txt (exe3/chunked-text/US/chunk_2335.txt),49.165,2025
soft_decay,us,What is the latest official position regarding legislation on the protection of veterans?,recency,3,BM25,fixed,exe3/clean-text/US/2025-10-06.txt (exe3/chunked-text/US/chunk_2302.txt),47.377,2025
soft_decay,us,What is the latest official position regarding legislation on the protection of veterans?,recency,3,BM25,fixed,exe3/clean-text/US/2025-07-28.txt (exe3/chunked-text/US/chunk_2110.txt),46.3785,2025
soft_decay,us,how did the prime minister/president's rhetoric regarding the war between israel and hamas/gaza change between his first and last speech?,evolution,3,BM25,fixed,exe3/clean-text/US/2024-07-11.txt (exe3/chunked-text/US/chunk_1152.txt),78.6509,2024
soft_decay,us,how did the prime minister/president's rhetoric regarding the war between israel and hamas/gaza change between his first and last speech?,evolution,3,BM25,fixed,exe3/clean-text/US/2024-09-17.txt (exe3/chunked-text/US/chunk_1350.txt),77.7958,2024
soft_decay,us,how did the prime minister/president's rhetoric regarding the war between israel and hamas/gaza change between his first and last speech?,evolution,3,BM25,fixed,exe3/clean-text/US/2023-10-12.txt (exe3/chunked-text/US/chunk_310.txt),66.0545,2023
soft_decay,us,How has the approach to the restoration and maintenance of local and community infrastructure changed between late 2023 and late 2024?,evolution,3,BM25,fixed,exe3/clean-text/US/2023-10-26.txt (exe3/chunked-text/US/chunk_376.txt),65.4454,2023
soft_decay,us,How has the approach to the restoration and maintenance of local and community infrastructure changed between late 2023 and late 2024?,evolution,3,BM25,fixed,exe3/clean-text/US/2024-02-26.txt (exe3/chunked-text/US/chunk_642.txt),56.0578,2024
soft_decay,us,How has the approach to the restoration and maintenance of local and community infrastructure changed between late 2023 and late 2024?,evolution,3,BM25,fixed,exe3/clean-text/US/2025-08-01.txt (exe3/chunked-text/US/chunk_2127.txt),46.3897,2025
soft_decay,us,who is the minister of defense/secretary of defense?,ambiguity,3,BM25,fixed,exe3/clean-text/US/2024-05-01.txt (exe3/chunked-text/US/chunk_894.txt),38.3117,2024
soft_decay,us,who is the minister of defense/secretary of defense?,ambiguity,3,BM25,fixed,exe3/clean-text/US/2024-12-09.txt (exe3/chunked-text/US/chunk_1627.txt),37.7138,2024
soft_decay,us,who is the minister of defense/secretary of defense?,ambiguity,3,BM25,fixed,exe3/clean-text/US/2025-06-30.txt (exe3/chunked-text/US/chunk_2031.txt),37.6357,2025
soft_decay,us,Who holds the position responsible for Rural Development?,ambiguity,3,BM25,fixed,exe3/clean-text/US/2025-09-03.txt (exe3/chunked-text/US/chunk_2195.txt),50.2738,2025
soft_decay,us,Who holds the position responsible for Rural Development?,ambiguity,3,BM25,fixed,exe3/clean-text/US/2024-02-28.txt (exe3/chunked-text/US/chunk_656.txt),50.2679,2024
soft_decay,us,Who holds the position responsible for Rural Development?,ambiguity,3,BM25,fixed,exe3/clean-text/US/2024-09-09.txt (exe3/chunked-text/US/chunk_1300.txt),41.007,2024
soft_decay,us,what was the specific budget allocated to security in 2024?,hard_filter,3,BM25,parentSon,exe3/clean-text/US/2024-12-09.txt (exe3/parent-child-chunked-text/US/children/child_chunk_3606.txt),37.1002,2024
soft_decay,us,what was the specific budget allocated to security in 2024?,hard_filter,3,BM25,parentSon,exe3/clean-text/US/2024-05-15.txt (exe3/parent-child-chunked-text/US/children/child_chunk_2085.txt),31.035,2024
soft_decay,us,what was the specific budget allocated to security in 2024?,hard_filter,3,BM25,parentSon,exe3/clean-text/US/2023-10-02.txt (exe3/parent-child-chunked-text/US/children/child_chunk_620.txt),29.4528,2023
soft_decay,us,What was the specific amount allocated to support the public sector for National Insurance costs in 2025?,hard_filter,3,BM25,parentSon,exe3/clean-text/US/2025-05-20.txt (exe3/parent-child-chunked-text/US/children/child_chunk_4164.txt),42.7261,2025
soft_decay,us,What was the specific amount allocated to support the public sector for National Insurance costs in 2025?,hard_filter,3,BM25,parentSon,exe3/clean-text/US/2024-08-13.txt (exe3/parent-child-chunked-text/US/children/child_chunk_2746.txt),38.1901,2024
soft_decay,us,What was the specific amount allocated to support the public sector for National Insurance costs in 2025?,hard_filter,3,BM25,parentSon,exe3/clean-text/US/2024-12-09.txt (exe3/parent-child-chunked-text/US/children/child_chunk_3606.txt),35.9522,2024
soft_decay,us,What is the current official position regarding the State of Israel?,recency,3,BM25,parentSon,exe3/clean-text/US/2023-08-15.txt (exe3/parent-child-chunked-text/US/children/child_chunk_326.txt),51.0263,2023
soft_decay,us,What is the current official position regarding the State of Israel?,recency,3,BM25,parentSon,exe3/clean-text/US/2025-10-20.txt (exe3/parent-child-chunked-text/US/children/child_chunk_5144.txt),45.5436,2025
soft_decay,us,What is the current official position regarding the State of Israel?,recency,3,BM25,parentSon,exe3/clean-text/US/2025-10-06.txt (exe3/parent-child-chunked-text/US/children/child_chunk_5070.txt),44.5229,2025
soft_decay,us,What is the current official position regarding Hamas/Gaza?,recency,3,BM25,parentSon,exe3/clean-text/US/2024-09-17.txt (exe3/parent-child-chunked-text/US/children/child_chunk_2988.txt),51.9228,2024
soft_decay,us,What is the current official position regarding Hamas/Gaza?,recency,3,BM25,parentSon,exe3/clean-text/US/2023-08-15.txt (exe3/parent-child-chunked-text/US/children/child_chunk_326.txt),51.0263,2023
soft_decay,us,What is the current official position regarding Hamas/Gaza?,recency,3,BM25,parentSon,exe3/clean-text/US/2024-09-17.txt (exe3/parent-child-chunked-text/US/children/child_chunk_2989.txt),50.0362,2024
soft_decay,us,Was the official position in the last quarter of 2023 supportive of the State of Israel?,recency,3,BM25,parentSon,exe3/clean-text/US/2023-07-27.txt (exe3/parent-child-chunked-text/US/children/child_chunk_220.txt),59.9503,2023
soft_decay,us,Was the official position in the last quarter of 2023 supportive of the State of Israel?,recency,3,BM25,parentSon,exe3/clean-text/US/2024-09-17.txt (exe3/parent-child-chunked-text/US/children/child_chunk_2987.txt),49.6853,2024
soft_decay,us,Was the official position in the last quarter of 2023 supportive of the State of Israel?,recency,3,BM25,parentSon,exe3/clean-text/US/2024-11-05.txt (exe3/parent-child-chunked-text/US/children/child_chunk_3329.txt),44.497,2024
soft_decay,us,Was the official position in the last quarter of 2023 supportive of Hamas/Gaza?,recency,3,BM25,parentSon,exe3/clean-text/US/2024-09-17.txt (exe3/parent-child-chunked-text/US/children/child_chunk_2988.txt),64.8235,2024
soft_decay,us,Was the official position in the last quarter of 2023 supportive of Hamas/Gaza?,recency,3,BM25,parentSon,exe3/clean-text/US/2024-09-17.txt (exe3/parent-child-chunked-text/US/children/child_chunk_2987.txt),52.1983,2024
soft_decay,us,Was the official position in the last quarter of 2023 supportive of Hamas/Gaza?,recency,3,BM25,parentSon,exe3/clean-text/US/2024-09-17.txt (exe3/parent-child-chunked-text/US/children/child_chunk_2989.txt),50.0142,2024
soft_decay,us,Has the official position in the last quarter of 2023 changed relative to the official position in the last quarter of 2025?,recency,3,BM25,parentSon,exe3/clean-text/US/2024-05-28.txt (exe3/parent-child-chunked-text/US/children/child_chunk_2192.txt),56.3162,2024
soft_decay,us,Has the official position in the last quarter of 2023 changed relative to the official position in the last quarter of 2025?,recency,3,BM25,parentSon,exe3/clean-text/US/2024-06-04.txt (exe3/parent-child-chunked-text/US/children/child_chunk_2264.txt),47.9658,2024
soft_decay,us,Has the official position in the last quarter of 2023 changed relative to the official position in the last quarter of 2025?,recency,3,BM25,parentSon,exe3/clean-text/US/2023-12-11.txt (exe3/parent-child-chunked-text/US/children/child_chunk_1143.txt),44.6808,2023
soft_decay,us,What is the latest official position regarding legislation on the protection of veterans?,recency,3,BM25,parentSon,exe3/clean-text/US/2025-10-20.txt (exe3/parent-child-chunked-text/US/children/child_chunk_5144.txt),55.8709,2025
soft_decay,us,What is the latest official position regarding legislation on the protection of veterans?,recency,3,BM25,parentSon,exe3/clean-text/US/2025-10-08.txt (exe3/parent-child-chunked-text/US/children/child_chunk_5086.txt),52.8381,2025
soft_decay,us,What is the latest official position regarding legislation on the protection of veterans?,recency,3,BM25,parentSon,exe3/clean-text/US/2025-10-15.txt (exe3/parent-child-chunked-text/US/children/child_chunk_5119.txt),52.7176,2025
soft_decay,us,how did the prime minister/president's rhetoric regarding the war between israel and hamas/gaza change between his first and last speech?,evolution,3,BM25,parentSon,exe3/clean-text/US/2024-09-17.txt (exe3/parent-child-chunked-text/US/children/child_chunk_2988.txt),97.2526,2024
soft_decay,us,how did the prime minister/president's rhetoric regarding the war between israel and hamas/gaza change between his first and last speech?,evolution,3,BM25,parentSon,exe3/clean-text/US/2024-09-17.txt (exe3/parent-child-chunked-text/US/children/child_chunk_2989.txt),82.736,2024
soft_decay,us,how did the prime minister/president's rhetoric regarding the war between israel and hamas/gaza change between his first and last speech?,evolution,3,BM25,parentSon,exe3/clean-text/US/2024-07-11.txt (exe3/parent-child-chunked-text/US/children/child_chunk_2563.txt),80.5165,2024
soft_decay,us,How has the approach to the restoration and maintenance of local and community infrastructure changed between late 2023 and late 2024?,evolution,3,BM25,parentSon,exe3/clean-text/US/2023-10-26.txt (exe3/parent-child-chunked-text/US/children/child_chunk_841.txt),66.9203,2023
soft_decay,us,How has the approach to the restoration and maintenance of local and community infrastructure changed between late 2023 and late 2024?,evolution,3,BM25,parentSon,exe3/clean-text/US/2024-02-26.txt (exe3/parent-child-chunked-text/US/children/child_chunk_1433.txt),63.3205,2024
soft_decay,us,How has the approach to the restoration and maintenance of local and community infrastructure changed between late 2023 and late 2024?,evolution,3,BM25,parentSon,exe3/clean-text/US/2023-10-26.txt (exe3/parent-child-chunked-text/US/children/child_chunk_840.txt),62.6111,2023
soft_decay,us,who is the minister of defense/secretary of defense?,ambiguity,3,BM25,parentSon,exe3/clean-text/US/2024-04-15.txt (exe3/parent-child-chunked-text/US/children/child_chunk_1849.txt),51.939,2024
soft_decay,us,who is the minister of defense/secretary of defense?,ambiguity,3,BM25,parentSon,exe3/clean-text/US/2024-12-09.txt (exe3/parent-child-chunked-text/US/children/child_chunk_3606.txt),51.2621,2024
soft_decay,us,who is the minister of defense/secretary of defense?,ambiguity,3,BM25,parentSon,exe3/clean-text/US/2024-05-01.txt (exe3/parent-child-chunked-text/US/children/child_chunk_1990.txt),50.2881,2024
soft_decay,us,Who holds the position responsible for Rural Development?,ambiguity,3,BM25,parentSon,exe3/clean-text/US/2025-06-17.txt (exe3/parent-child-chunked-text/US/children/child_chunk_4366.txt),56.5802,2025
soft_decay,us,Who holds the position responsible for Rural Development?,ambiguity,3,BM25,parentSon,exe3/clean-text/US/2024-09-09.txt (exe3/parent-child-chunked-text/US/children/child_chunk_2876.txt),53.1852,2024
soft_decay,us,Who holds the position responsible for Rural Development?,ambiguity,3,BM25,parentSon,exe3/clean-text/US/2024-02-28.txt (exe3/parent-child-chunked-text/US/children/child_chunk_1464.txt),51.9628,2024
soft_decay,us,what was the specific budget allocated to security in 2024?,hard_filter,5,DENSE,fixed,exe3/clean-text/US/2025-10-29.txt (exe3/chunked-text/US/chunk_2361.txt),0.7185,2025
soft_decay,us,what was the specific budget allocated to security in 2024?,hard_filter,5,DENSE,fixed,exe3/clean-text/US/2025-10-21.txt (exe3/chunked-text/US/chunk_2339.txt),0.7123,2025
soft_decay,us,what was the specific budget allocated to security in 2024?,hard_filter,5,DENSE,fixed,exe3/clean-text/US/2025-10-15.txt (exe3/chunked-text/US/chunk_2323.txt),0.7099,2025
soft_decay,us,what was the specific budget allocated to security in 2024?,hard_filter,5,DENSE,fixed,exe3/clean-text/US/2025-10-27.txt (exe3/chunked-text/US/chunk_2352.txt),0.7085,2025
soft_decay,us,what was the specific budget allocated to security in 2024?,hard_filter,5,DENSE,fixed,exe3/clean-text/US/2025-10-20.txt (exe3/chunked-text/US/chunk_2335.txt),0.7078,2025
soft_decay,us,What was the specific amount allocated to support the public sector for National Insurance costs in 2025?,hard_filter,5,DENSE,fixed,exe3/clean-text/US/2025-10-28.txt (exe3/chunked-text/US/chunk_2357.txt),0.6943,2025
soft_decay,us,What was the specific amount allocated to support the public sector for National Insurance costs in 2025?,hard_filter,5,DENSE,fixed,exe3/clean-text/US/2025-10-21.txt (exe3/chunked-text/US/chunk_2339.txt),0.6918,2025
soft_decay,us,What was the specific amount allocated to support the public sector for National Insurance costs in 2025?,hard_filter,5,DENSE,fixed,exe3/clean-text/US/2025-10-29.txt (exe3/chunked-text/US/chunk_2361.txt),0.6873,2025
soft_decay,us,What was the specific amount allocated to support the public sector for National Insurance costs in 2025?,hard_filter,5,DENSE,fixed,exe3/clean-text/US/2025-10-27.txt (exe3/chunked-text/US/chunk_2352.txt),0.6869,2025
soft_decay,us,What was the specific amount allocated to support the public sector for National Insurance costs in 2025?,hard_filter,5,DENSE,fixed,exe3/clean-text/US/2025-10-31.txt (exe3/chunked-text/US/chunk_2363.txt),0.6867,2025
soft_decay,us,What is the current official position regarding the State of Israel?,recency,5,DENSE,fixed,exe3/clean-text/US/2025-10-28.txt (exe3/chunked-text/US/chunk_2358.txt),0.6776,2025
soft_decay,us,What is the current official position regarding the State of Israel?,recency,5,DENSE,fixed,exe3/clean-text/US/2025-10-31.txt (exe3/chunked-text/US/chunk_2368.txt),0.6765,2025
soft_decay,us,What is the current official position regarding the State of Israel?,recency,5,DENSE,fixed,exe3/clean-text/US/2025-10-29.txt (exe3/chunked-text/US/chunk_2361.txt),0.6764,2025
soft_decay,us,What is the current official position regarding the State of Israel?,recency,5,DENSE,fixed,exe3/clean-text/US/2025-10-27.txt (exe3/chunked-text/US/chunk_2352.txt),0.6761,2025
soft_decay,us,What is the current official position regarding the State of Israel?,recency,5,DENSE,fixed,exe3/clean-text/US/2025-10-28.txt (exe3/chunked-text/US/chunk_2357.txt),0.6745,2025
soft_decay,us,What is the current official position regarding Hamas/Gaza?,recency,5,DENSE,fixed,exe3/clean-text/US/2025-10-31.txt (exe3/chunked-text/US/chunk_2368.txt),0.6934,2025
soft_decay,us,What is the current official position regarding Hamas/Gaza?,recency,5,DENSE,fixed,exe3/clean-text/US/2025-10-28.txt (exe3/chunked-text/US/chunk_2357.txt),0.6933,2025
soft_decay,us,What is the current official position regarding Hamas/Gaza?,recency,5,DENSE,fixed,exe3/clean-text/US/2025-10-28.txt (exe3/chunked-text/US/chunk_2358.txt),0.6931,2025
soft_decay,us,What is the current official position regarding Hamas/Gaza?,recency,5,DENSE,fixed,exe3/clean-text/US/2025-10-31.txt (exe3/chunked-text/US/chunk_2369.txt),0.6914,2025
soft_decay,us,What is the current official position regarding Hamas/Gaza?,recency,5,DENSE,fixed,exe3/clean-text/US/2025-10-24.txt (exe3/chunked-text/US/chunk_2349.txt),0.6893,2025
soft_decay,us,Was the official position in the last quarter of 2023 supportive of the State of Israel?,recency,5,DENSE,fixed,exe3/clean-text/US/2025-10-31.txt (exe3/chunked-text/US/chunk_2368.txt),0.6984,2025
soft_decay,us,Was the official position in the last quarter of 2023 supportive of the State of Israel?,recency,5,DENSE,fixed,exe3/clean-text/US/2025-10-28.txt (exe3/chunked-text/US/chunk_2357.txt),0.6957,2025
soft_decay,us,Was the official position in the last quarter of 2023 supportive of the State of Israel?,recency,5,DENSE,fixed,exe3/clean-text/US/2025-10-28.txt (exe3/chunked-text/US/chunk_2358.txt),0.695,2025
soft_decay,us,Was the official position in the last quarter of 2023 supportive of the State of Israel?,recency,5,DENSE,fixed,exe3/clean-text/US/2025-10-31.txt (exe3/chunked-text/US/chunk_2369.txt),0.6916,2025
soft_decay,us,Was the official position in the last quarter of 2023 supportive of the State of Israel?,recency,5,DENSE,fixed,exe3/clean-text/US/2025-10-31.txt (exe3/chunked-text/US/chunk_2364.txt),0.691,2025
soft_decay,us,Was the official position in the last quarter of 2023 supportive of Hamas/Gaza?,recency,5,DENSE,fixed,exe3/clean-text/US/2025-10-31.txt (exe3/chunked-text/US/chunk_2368.txt),0.703,2025
soft_decay,us,Was the official position in the last quarter of 2023 supportive of Hamas/Gaza?,recency,5,DENSE,fixed,exe3/clean-text/US/2025-10-28.txt (exe3/chunked-text/US/chunk_2357.txt),0.7025,2025
soft_decay,us,Was the official position in the last quarter of 2023 supportive of Hamas/Gaza?,recency,5,DENSE,fixed,exe3/clean-text/US/2025-10-31.txt (exe3/chunked-text/US/chunk_2369.txt),0.6994,2025
soft_decay,us,Was the official position in the last quarter of 2023 supportive of Hamas/Gaza?,recency,5,DENSE,fixed,exe3/clean-text/US/2025-10-28.txt (exe3/chunked-text/US/chunk_2358.txt),0.6978,2025
soft_decay,us,Was the official position in the last quarter of 2023 supportive of Hamas/Gaza?,recency,5,DENSE,fixed,exe3/clean-text/US/2025-10-24.txt (exe3/chunked-text/US/chunk_2349.txt),0.6948,2025
soft_decay,us,Has the official position in the last quarter of 2023 changed relative to the official position in the last quarter of 2025?,recency,5,DENSE,fixed,exe3/clean-text/US/2025-10-21.txt (exe3/chunked-text/US/chunk_2339.txt),0.7081,2025
soft_decay,us,Has the official position in the last quarter of 2023 changed relative to the official position in the last quarter of 2025?,recency,5,DENSE,fixed,exe3/clean-text/US/2025-10-29.txt (exe3/chunked-text/US/chunk_2361.txt),0.708,2025
soft_decay,us,Has the official position in the last quarter of 2023 changed relative to the official position in the last quarter of 2025?,recency,5,DENSE,fixed,exe3/clean-text/US/2025-10-27.txt (exe3/chunked-text/US/chunk_2352.txt),0.7074,2025
soft_decay,us,Has the official position in the last quarter of 2023 changed relative to the official position in the last quarter of 2025?,recency,5,DENSE,fixed,exe3/clean-text/US/2025-10-31.txt (exe3/chunked-text/US/chunk_2368.txt),0.7047,2025
soft_decay,us,Has the official position in the last quarter of 2023 changed relative to the official position in the last quarter of 2025?,recency,5,DENSE,fixed,exe3/clean-text/US/2025-10-20.txt (exe3/chunked-text/US/chunk_2336.txt),0.704,2025
soft_decay,us,What is the latest official position regarding legislation on the protection of veterans?,recency,5,DENSE,fixed,exe3/clean-text/US/2025-10-29.txt (exe3/chunked-text/US/chunk_2361.txt),0.7058,2025
soft_decay,us,What is the latest official position regarding legislation on the protection of veterans?,recency,5,DENSE,fixed,exe3/clean-text/US/2025-10-21.txt (exe3/chunked-text/US/chunk_2339.txt),0.6976,2025
soft_decay,us,What is the latest official position regarding legislation on the protection of veterans?,recency,5,DENSE,fixed,exe3/clean-text/US/2025-10-20.txt (exe3/chunked-text/US/chunk_2335.txt),0.6958,2025
soft_decay,us,What is the latest official position regarding legislation on the protection of veterans?,recency,5,DENSE,fixed,exe3/clean-text/US/2025-10-27.txt (exe3/chunked-text/US/chunk_2352.txt),0.6927,2025
soft_decay,us,What is the latest official position regarding legislation on the protection of veterans?,recency,5,DENSE,fixed,exe3/clean-text/US/2025-10-15.txt (exe3/chunked-text/US/chunk_2324.txt),0.6912,2025
soft_decay,us,how did the prime minister/president's rhetoric regarding the war between israel and hamas/gaza change between his first and last speech?,evolution,5,DENSE,fixed,exe3/clean-text/US/2025-10-31.txt (exe3/chunked-text/US/chunk_2369.txt),0.7266,2025
soft_decay,us,how did the prime minister/president's rhetoric regarding the war between israel and hamas/gaza change between his first and last speech?,evolution,5,DENSE,fixed,exe3/clean-text/US/2025-10-24.txt (exe3/chunked-text/US/chunk_2349.txt),0.7203,2025
soft_decay,us,how did the prime minister/president's rhetoric regarding the war between israel and hamas/gaza change between his first and last speech?,evolution,5,DENSE,fixed,exe3/clean-text/US/2025-10-31.txt (exe3/chunked-text/US/chunk_2362.txt),0.719,2025
soft_decay,us,how did the prime minister/president's rhetoric regarding the war between israel and hamas/gaza change between his first and last speech?,evolution,5,DENSE,fixed,exe3/clean-text/US/2025-10-28.txt (exe3/chunked-text/US/chunk_2357.txt),0.7189,2025
soft_decay,us,how did the prime minister/president's rhetoric regarding the war between israel and hamas/gaza change between his first and last speech?,evolution,5,DENSE,fixed,exe3/clean-text/US/2025-10-28.txt (exe3/chunked-text/US/chunk_2358.txt),0.7163,2025
soft_decay,us,How has the approach to the restoration and maintenance of local and community infrastructure changed between late 2023 and late 2024?,evolution,5,DENSE,fixed,exe3/clean-text/US/2025-10-31.txt (exe3/chunked-text/US/chunk_2369.txt),0.709,2025
soft_decay,us,How has the approach to the restoration and maintenance of local and community infrastructure changed between late 2023 and late 2024?,evolution,5,DENSE,fixed,exe3/clean-text/US/2025-10-31.txt (exe3/chunked-text/US/chunk_2363.txt),0.7079,2025
soft_decay,us,How has the approach to the restoration and maintenance of local and community infrastructure changed between late 2023 and late 2024?,evolution,5,DENSE,fixed,exe3/clean-text/US/2025-10-24.txt (exe3/chunked-text/US/chunk_2350.txt),0.7069,2025
soft_decay,us,How has the approach to the restoration and maintenance of local and community infrastructure changed between late 2023 and late 2024?,evolution,5,DENSE,fixed,exe3/clean-text/US/2025-10-31.txt (exe3/chunked-text/US/chunk_2364.txt),0.7048,2025
soft_decay,us,How has the approach to the restoration and maintenance of local and community infrastructure changed between late 2023 and late 2024?,evolution,5,DENSE,fixed,exe3/clean-text/US/2025-10-28.txt (exe3/chunked-text/US/chunk_2359.txt),0.7023,2025
soft_decay,us,who is the minister of defense/secretary of defense?,ambiguity,5,DENSE,fixed,exe3/clean-text/US/2025-10-29.txt (exe3/chunked-text/US/chunk_2361.txt),0.7241,2025
soft_decay,us,who is the minister of defense/secretary of defense?,ambiguity,5,DENSE,fixed,exe3/clean-text/US/2025-10-22.txt (exe3/chunked-text/US/chunk_2342.txt),0.7133,2025
soft_decay,us,who is the minister of defense/secretary of defense?,ambiguity,5,DENSE,fixed,exe3/clean-text/US/2025-10-24.txt (exe3/chunked-text/US/chunk_2347.txt),0.7071,2025
soft_decay,us,who is the minister of defense/secretary of defense?,ambiguity,5,DENSE,fixed,exe3/clean-text/US/2025-10-27.txt (exe3/chunked-text/US/chunk_2352.txt),0.707,2025
soft_decay,us,who is the minister of defense/secretary of defense?,ambiguity,5,DENSE,fixed,exe3/clean-text/US/2025-10-24.txt (exe3/chunked-text/US/chunk_2349.txt),0.7065,2025
soft_decay,us,Who holds the position responsible for Rural Development?,ambiguity,5,DENSE,fixed,exe3/clean-text/US/2025-10-31.txt (exe3/chunked-text/US/chunk_2364.txt),0.6924,2025
soft_decay,us,Who holds the position responsible for Rural Development?,ambiguity,5,DENSE,fixed,exe3/clean-text/US/2025-10-31.txt (exe3/chunked-text/US/chunk_2363.txt),0.6821,2025
soft_decay,us,Who holds the position responsible for Rural Development?,ambiguity,5,DENSE,fixed,exe3/clean-text/US/2025-10-24.txt (exe3/chunked-text/US/chunk_2349.txt),0.6813,2025
soft_decay,us,Who holds the position responsible for Rural Development?,ambiguity,5,DENSE,fixed,exe3/clean-text/US/2025-10-29.txt (exe3/chunked-text/US/chunk_2361.txt),0.6773,2025
soft_decay,us,Who holds the position responsible for Rural Development?,ambiguity,5,DENSE,fixed,exe3/clean-text/US/2025-10-31.txt (exe3/chunked-text/US/chunk_2369.txt),0.6772,2025
soft_decay,us,what was the specific budget allocated to security in 2024?,hard_filter,5,DENSE,parentSon,exe3/clean-text/US/2025-10-29.txt (exe3/parent-child-chunked-text/US/children/child_chunk_5202.txt),0.7113,2025
soft_decay,us,what was the specific budget allocated to security in 2024?,hard_filter,5,DENSE,parentSon,exe3/clean-text/US/2025-10-22.txt (exe3/parent-child-chunked-text/US/children/child_chunk_5158.txt),0.7107,2025
soft_decay,us,what was the specific budget allocated to security in 2024?,hard_filter,5,DENSE,parentSon,exe3/clean-text/US/2025-10-29.txt (exe3/parent-child-chunked-text/US/children/child_chunk_5201.txt),0.707,2025
soft_decay,us,what was the specific budget allocated to security in 2024?,hard_filter,5,DENSE,parentSon,exe3/clean-text/US/2025-10-21.txt (exe3/parent-child-chunked-text/US/children/child_chunk_5153.txt),0.7064,2025
soft_decay,us,what was the specific budget allocated to security in 2024?,hard_filter,5,DENSE,parentSon,exe3/clean-text/US/2025-10-28.txt (exe3/parent-child-chunked-text/US/children/child_chunk_5195.txt),0.7049,2025
soft_decay,us,What was the specific amount allocated to support the public sector for National Insurance costs in 2025?,hard_filter,5,DENSE,parentSon,exe3/clean-text/US/2025-10-22.txt (exe3/parent-child-chunked-text/US/children/child_chunk_5158.txt),0.6826,2025
soft_decay,us,What was the specific amount allocated to support the public sector for National Insurance costs in 2025?,hard_filter,5,DENSE,parentSon,exe3/clean-text/US/2025-10-28.txt (exe3/parent-child-chunked-text/US/children/child_chunk_5195.txt),0.6825,2025
soft_decay,us,What was the specific amount allocated to support the public sector for National Insurance costs in 2025?,hard_filter,5,DENSE,parentSon,exe3/clean-text/US/2025-10-28.txt (exe3/parent-child-chunked-text/US/children/child_chunk_5192.txt),0.6804,2025
soft_decay,us,What was the specific amount allocated to support the public sector for National Insurance costs in 2025?,hard_filter,5,DENSE,parentSon,exe3/clean-text/US/2025-10-31.txt (exe3/parent-child-chunked-text/US/children/child_chunk_5214.txt),0.6798,2025
soft_decay,us,What was the specific amount allocated to support the public sector for National Insurance costs in 2025?,hard_filter,5,DENSE,parentSon,exe3/clean-text/US/2025-10-21.txt (exe3/parent-child-chunked-text/US/children/child_chunk_5153.txt),0.6795,2025
soft_decay,us,What is the current official position regarding the State of Israel?,recency,5,DENSE,parentSon,exe3/clean-text/US/2025-10-28.txt (exe3/parent-child-chunked-text/US/children/child_chunk_5195.txt),0.679,2025
soft_decay,us,What is the current official position regarding the State of Israel?,recency,5,DENSE,parentSon,exe3/clean-text/US/2025-10-28.txt (exe3/parent-child-chunked-text/US/children/child_chunk_5191.txt),0.6719,2025
soft_decay,us,What is the current official position regarding the State of Israel?,recency,5,DENSE,parentSon,exe3/clean-text/US/2025-10-20.txt (exe3/parent-child-chunked-text/US/children/child_chunk_5146.txt),0.6715,2025
soft_decay,us,What is the current official position regarding the State of Israel?,recency,5,DENSE,parentSon,exe3/clean-text/US/2025-10-22.txt (exe3/parent-child-chunked-text/US/children/child_chunk_5158.txt),0.67,2025
soft_decay,us,What is the current official position regarding the State of Israel?,recency,5,DENSE,parentSon,exe3/clean-text/US/2025-10-17.txt (exe3/parent-child-chunked-text/US/children/child_chunk_5126.txt),0.6697,2025
soft_decay,us,What is the current official position regarding Hamas/Gaza?,recency,5,DENSE,parentSon,exe3/clean-text/US/2025-10-31.txt (exe3/parent-child-chunked-text/US/children/child_chunk_5219.txt),0.693,2025
soft_decay,us,What is the current official position regarding Hamas/Gaza?,recency,5,DENSE,parentSon,exe3/clean-text/US/2025-10-28.txt (exe3/parent-child-chunked-text/US/children/child_chunk_5195.txt),0.693,2025
soft_decay,us,What is the current official position regarding Hamas/Gaza?,recency,5,DENSE,parentSon,exe3/clean-text/US/2025-10-22.txt (exe3/parent-child-chunked-text/US/children/child_chunk_5158.txt),0.6866,2025
soft_decay,us,What is the current official position regarding Hamas/Gaza?,recency,5,DENSE,parentSon,exe3/clean-text/US/2025-10-17.txt (exe3/parent-child-chunked-text/US/children/child_chunk_5126.txt),0.6866,2025
soft_decay,us,What is the current official position regarding Hamas/Gaza?,recency,5,DENSE,parentSon,exe3/clean-text/US/2025-10-28.txt (exe3/parent-child-chunked-text/US/children/child_chunk_5191.txt),0.6837,2025
soft_decay,us,Was the official position in the last quarter of 2023 supportive of the State of Israel?,recency,5,DENSE,parentSon,exe3/clean-text/US/2025-10-28.txt (exe3/parent-child-chunked-text/US/children/child_chunk_5195.txt),0.6958,2025
soft_decay,us,Was the official position in the last quarter of 2023 supportive of the State of Israel?,recency,5,DENSE,parentSon,exe3/clean-text/US/2025-10-28.txt (exe3/parent-child-chunked-text/US/children/child_chunk_5185.txt),0.691,2025
soft_decay,us,Was the official position in the last quarter of 2023 supportive of the State of Israel?,recency,5,DENSE,parentSon,exe3/clean-text/US/2025-10-17.txt (exe3/parent-child-chunked-text/US/children/child_chunk_5126.txt),0.6882,2025
soft_decay,us,Was the official position in the last quarter of 2023 supportive of the State of Israel?,recency,5,DENSE,parentSon,exe3/clean-text/US/2025-10-31.txt (exe3/parent-child-chunked-text/US/children/child_chunk_5219.txt),0.6856,2025
soft_decay,us,Was the official position in the last quarter of 2023 supportive of the State of Israel?,recency,5,DENSE,parentSon,exe3/clean-text/US/2025-10-28.txt (exe3/parent-child-chunked-text/US/children/child_chunk_5191.txt),0.6856,2025
soft_decay,us,Was the official position in the last quarter of 2023 supportive of Hamas/Gaza?,recency,5,DENSE,parentSon,exe3/clean-text/US/2025-10-31.txt (exe3/parent-child-chunked-text/US/children/child_chunk_5219.txt),0.6972,2025
soft_decay,us,Was the official position in the last quarter of 2023 supportive of Hamas/Gaza?,recency,5,DENSE,parentSon,exe3/clean-text/US/2025-10-28.txt (exe3/parent-child-chunked-text/US/children/child_chunk_5195.txt),0.6968,2025
soft_decay,us,Was the official position in the last quarter of 2023 supportive of Hamas/Gaza?,recency,5,DENSE,parentSon,exe3/clean-text/US/2025-10-17.txt (exe3/parent-child-chunked-text/US/children/child_chunk_5126.txt),0.6947,2025
soft_decay,us,Was the official position in the last quarter of 2023 supportive of Hamas/Gaza?,recency,5,DENSE,parentSon,exe3/clean-text/US/2025-10-28.txt (exe3/parent-child-chunked-text/US/children/child_chunk_5192.txt),0.6883,2025
soft_decay,us,Was the official position in the last quarter of 2023 supportive of Hamas/Gaza?,recency,5,DENSE,parentSon,exe3/clean-text/US/2025-10-28.txt (exe3/parent-child-chunked-text/US/children/child_chunk_5191.txt),0.6881,2025
soft_decay,us,Has the official position in the last quarter of 2023 changed relative to the official position in the last quarter of 2025?,recency,5,DENSE,parentSon,exe3/clean-text/US/2025-10-22.txt (exe3/parent-child-chunked-text/US/children/child_chunk_5158.txt),0.704,2025
soft_decay,us,Has the official position in the last quarter of 2023 changed relative to the official position in the last quarter of 2025?,recency,5,DENSE,parentSon,exe3/clean-text/US/2025-10-29.txt (exe3/parent-child-chunked-text/US/children/child_chunk_5201.txt),0.7005,2025
soft_decay,us,Has the official position in the last quarter of 2023 changed relative to the official position in the last quarter of 2025?,recency,5,DENSE,parentSon,exe3/clean-text/US/2025-10-17.txt (exe3/parent-child-chunked-text/US/children/child_chunk_5126.txt),0.6997,2025
soft_decay,us,Has the official position in the last quarter of 2023 changed relative to the official position in the last quarter of 2025?,recency,5,DENSE,parentSon,exe3/clean-text/US/2025-10-28.txt (exe3/parent-child-chunked-text/US/children/child_chunk_5185.txt),0.6982,2025
soft_decay,us,Has the official position in the last quarter of 2023 changed relative to the official position in the last quarter of 2025?,recency,5,DENSE,parentSon,exe3/clean-text/US/2025-10-28.txt (exe3/parent-child-chunked-text/US/children/child_chunk_5187.txt),0.6973,2025
soft_decay,us,What is the latest official position regarding legislation on the protection of veterans?,recency,5,DENSE,parentSon,exe3/clean-text/US/2025-10-29.txt (exe3/parent-child-chunked-text/US/children/child_chunk_5202.txt),0.7012,2025
soft_decay,us,What is the latest official position regarding legislation on the protection of veterans?,recency,5,DENSE,parentSon,exe3/clean-text/US/2025-10-22.txt (exe3/parent-child-chunked-text/US/children/child_chunk_5159.txt),0.6956,2025
soft_decay,us,What is the latest official position regarding legislation on the protection of veterans?,recency,5,DENSE,parentSon,exe3/clean-text/US/2025-10-27.txt (exe3/parent-child-chunked-text/US/children/child_chunk_5183.txt),0.6925,2025
soft_decay,us,What is the latest official position regarding legislation on the protection of veterans?,recency,5,DENSE,parentSon,exe3/clean-text/US/2025-10-31.txt (exe3/parent-child-chunked-text/US/children/child_chunk_5219.txt),0.6892,2025
soft_decay,us,What is the latest official position regarding legislation on the protection of veterans?,recency,5,DENSE,parentSon,exe3/clean-text/US/2025-10-20.txt (exe3/parent-child-chunked-text/US/children/child_chunk_5144.txt),0.6872,2025
soft_decay,us,how did the prime minister/president's rhetoric regarding the war between israel and hamas/gaza change between his first and last speech?,evolution,5,DENSE,parentSon,exe3/clean-text/US/2025-10-22.txt (exe3/parent-child-chunked-text/US/children/child_chunk_5158.txt),0.7162,2025
soft_decay,us,how did the prime minister/president's rhetoric regarding the war between israel and hamas/gaza change between his first and last speech?,evolution,5,DENSE,parentSon,exe3/clean-text/US/2025-10-31.txt (exe3/parent-child-chunked-text/US/children/child_chunk_5203.txt),0.7144,2025
soft_decay,us,how did the prime minister/president's rhetoric regarding the war between israel and hamas/gaza change between his first and last speech?,evolution,5,DENSE,parentSon,exe3/clean-text/US/2025-10-28.txt (exe3/parent-child-chunked-text/US/children/child_chunk_5187.txt),0.7128,2025
soft_decay,us,how did the prime minister/president's rhetoric regarding the war between israel and hamas/gaza change between his first and last speech?,evolution,5,DENSE,parentSon,exe3/clean-text/US/2025-10-31.txt (exe3/parent-child-chunked-text/US/children/child_chunk_5219.txt),0.7118,2025
soft_decay,us,how did the prime minister/president's rhetoric regarding the war between israel and hamas/gaza change between his first and last speech?,evolution,5,DENSE,parentSon,exe3/clean-text/US/2025-10-17.txt (exe3/parent-child-chunked-text/US/children/child_chunk_5126.txt),0.7094,2025
soft_decay,us,How has the approach to the restoration and maintenance of local and community infrastructure changed between late 2023 and late 2024?,evolution,5,DENSE,parentSon,exe3/clean-text/US/2025-10-28.txt (exe3/parent-child-chunked-text/US/children/child_chunk_5195.txt),0.7006,2025
soft_decay,us,How has the approach to the restoration and maintenance of local and community infrastructure changed between late 2023 and late 2024?,evolution,5,DENSE,parentSon,exe3/clean-text/US/2025-10-17.txt (exe3/parent-child-chunked-text/US/children/child_chunk_5126.txt),0.7004,2025
soft_decay,us,How has the approach to the restoration and maintenance of local and community infrastructure changed between late 2023 and late 2024?,evolution,5,DENSE,parentSon,exe3/clean-text/US/2025-10-31.txt (exe3/parent-child-chunked-text/US/children/child_chunk_5208.txt),0.696,2025
soft_decay,us,How has the approach to the restoration and maintenance of local and community infrastructure changed between late 2023 and late 2024?,evolution,5,DENSE,parentSon,exe3/clean-text/US/2025-10-28.txt (exe3/parent-child-chunked-text/US/children/child_chunk_5187.txt),0.6944,2025
soft_decay,us,How has the approach to the restoration and maintenance of local and community infrastructure changed between late 2023 and late 2024?,evolution,5,DENSE,parentSon,exe3/clean-text/US/2025-10-24.txt (exe3/parent-child-chunked-text/US/children/child_chunk_5178.txt),0.6918,2025
soft_decay,us,who is the minister of defense/secretary of defense?,ambiguity,5,DENSE,parentSon,exe3/clean-text/US/2025-10-22.txt (exe3/parent-child-chunked-text/US/children/child_chunk_5158.txt),0.7187,2025
soft_decay,us,who is the minister of defense/secretary of defense?,ambiguity,5,DENSE,parentSon,exe3/clean-text/US/2025-10-29.txt (exe3/parent-child-chunked-text/US/children/child_chunk_5202.txt),0.7157,2025
soft_decay,us,who is the minister of defense/secretary of defense?,ambiguity,5,DENSE,parentSon,exe3/clean-text/US/2025-10-29.txt (exe3/parent-child-chunked-text/US/children/child_chunk_5201.txt),0.7081,2025
soft_decay,us,who is the minister of defense/secretary of defense?,ambiguity,5,DENSE,parentSon,exe3/clean-text/US/2025-10-28.txt (exe3/parent-child-chunked-text/US/children/child_chunk_5187.txt),0.708,2025
soft_decay,us,who is the minister of defense/secretary of defense?,ambiguity,5,DENSE,parentSon,exe3/clean-text/US/2025-10-31.txt (exe3/parent-child-chunked-text/US/children/child_chunk_5219.txt),0.7048,2025
soft_decay,us,Who holds the position responsible for Rural Development?,ambiguity,5,DENSE,parentSon,exe3/clean-text/US/2025-10-31.txt (exe3/parent-child-chunked-text/US/children/child_chunk_5208.txt),0.682,2025
soft_decay,us,Who holds the position responsible for Rural Development?,ambiguity,5,DENSE,parentSon,exe3/clean-text/US/2025-10-31.txt (exe3/parent-child-chunked-text/US/children/child_chunk_5207.txt),0.6815,2025
soft_decay,us,Who holds the position responsible for Rural Development?,ambiguity,5,DENSE,parentSon,exe3/clean-text/US/2025-10-28.txt (exe3/parent-child-chunked-text/US/children/child_chunk_5185.txt),0.6771,2025
soft_decay,us,Who holds the position responsible for Rural Development?,ambiguity,5,DENSE,parentSon,exe3/clean-text/US/2025-10-17.txt (exe3/parent-child-chunked-text/US/children/child_chunk_5126.txt),0.6719,2025
soft_decay,us,Who holds the position responsible for Rural Development?,ambiguity,5,DENSE,parentSon,exe3/clean-text/US/2025-10-31.txt (exe3/parent-child-chunked-text/US/children/child_chunk_5214.txt),0.6704,2025
soft_decay,us,what was the specific budget allocated to security in 2024?,hard_filter,5,BM25,fixed,exe3/clean-text/US/2024-12-09.txt (exe3/chunked-text/US/chunk_1627.txt),24.5976,2024
soft_decay,us,what was the specific budget allocated to security in 2024?,hard_filter,5,BM25,fixed,exe3/clean-text/US/2023-10-02.txt (exe3/chunked-text/US/chunk_277.txt),21.8579,2023
soft_decay,us,what was the specific budget allocated to security in 2024?,hard_filter,5,BM25,fixed,exe3/clean-text/US/2024-05-15.txt (exe3/chunked-text/US/chunk_936.txt),21.1799,2024
soft_decay,us,what was the specific budget allocated to security in 2024?,hard_filter,5,BM25,fixed,exe3/clean-text/US/2024-05-20.txt (exe3/chunked-text/US/chunk_952.txt),20.1546,2024
soft_decay,us,what was the specific budget allocated to security in 2024?,hard_filter,5,BM25,fixed,exe3/clean-text/US/2024-04-10.txt (exe3/chunked-text/US/chunk_802.txt),19.2375,2024
soft_decay,us,What was the specific amount allocated to support the public sector for National Insurance costs in 2025?,hard_filter,5,BM25,fixed,exe3/clean-text/US/2025-05-20.txt (exe3/chunked-text/US/chunk_1882.txt),29.1083,2025
soft_decay,us,What was the specific amount allocated to support the public sector for National Insurance costs in 2025?,hard_filter,5,BM25,fixed,exe3/clean-text/US/2024-12-09.txt (exe3/chunked-text/US/chunk_1627.txt),25.4039,2024
soft_decay,us,What was the specific amount allocated to support the public sector for National Insurance costs in 2025?,hard_filter,5,BM25,fixed,exe3/clean-text/US/2024-08-13.txt (exe3/chunked-text/US/chunk_1239.txt),24.5761,2024
soft_decay,us,What was the specific amount allocated to support the public sector for National Insurance costs in 2025?,hard_filter,5,BM25,fixed,exe3/clean-text/US/2024-05-15.txt (exe3/chunked-text/US/chunk_940.txt),23.4814,2024
soft_decay,us,What was the specific amount allocated to support the public sector for National Insurance costs in 2025?,hard_filter,5,BM25,fixed,exe3/clean-text/US/2025-05-07.txt (exe3/chunked-text/US/chunk_1834.txt),23.412,2025
soft_decay,us,What is the current official position regarding the State of Israel?,recency,5,BM25,fixed,exe3/clean-text/US/2023-08-15.txt (exe3/chunked-text/US/chunk_147.txt),40.3845,2023
soft_decay,us,What is the current official position regarding the State of Israel?,recency,5,BM25,fixed,exe3/clean-text/US/2025-10-06.txt (exe3/chunked-text/US/chunk_2302.txt),37.3121,2025
soft_decay,us,What is the current official position regarding the State of Israel?,recency,5,BM25,fixed,exe3/clean-text/US/2025-10-08.txt (exe3/chunked-text/US/chunk_2309.txt),35.5662,2025
soft_decay,us,What is the current official position regarding the State of Israel?,recency,5,BM25,fixed,exe3/clean-text/US/2025-10-15.txt (exe3/chunked-text/US/chunk_2324.txt),33.0019,2025
soft_decay,us,What is the current official position regarding the State of Israel?,recency,5,BM25,fixed,exe3/clean-text/US/2024-09-17.txt (exe3/chunked-text/US/chunk_1349.txt),32.9251,2024
soft_decay,us,What is the current official position regarding Hamas/Gaza?,recency,5,BM25,fixed,exe3/clean-text/US/2024-09-17.txt (exe3/chunked-text/US/chunk_1350.txt),52.2092,2024
soft_decay,us,What is the current official position regarding Hamas/Gaza?,recency,5,BM25,fixed,exe3/clean-text/US/2023-08-15.txt (exe3/chunked-text/US/chunk_147.txt),40.3845,2023
soft_decay,us,What is the current official position regarding Hamas/Gaza?,recency,5,BM25,fixed,exe3/clean-text/US/2023-10-12.txt (exe3/chunked-text/US/chunk_310.txt),39.3368,2023
soft_decay,us,What is the current official position regarding Hamas/Gaza?,recency,5,BM25,fixed,exe3/clean-text/US/2024-07-11.txt (exe3/chunked-text/US/chunk_1152.txt),38.2518,2024
soft_decay,us,What is the current official position regarding Hamas/Gaza?,recency,5,BM25,fixed,exe3/clean-text/US/2025-10-06.txt (exe3/chunked-text/US/chunk_2302.txt),37.3121,2025
soft_decay,us,Was the official position in the last quarter of 2023 supportive of the State of Israel?,recency,5,BM25,fixed,exe3/clean-text/US/2023-07-27.txt (exe3/chunked-text/US/chunk_100.txt),48.8531,2023
soft_decay,us,Was the official position in the last quarter of 2023 supportive of the State of Israel?,recency,5,BM25,fixed,exe3/clean-text/US/2024-11-05.txt (exe3/chunked-text/US/chunk_1502.txt),40.9405,2024
soft_decay,us,Was the official position in the last quarter of 2023 supportive of the State of Israel?,recency,5,BM25,fixed,exe3/clean-text/US/2024-09-17.txt (exe3/chunked-text/US/chunk_1350.txt),37.4912,2024
soft_decay,us,Was the official position in the last quarter of 2023 supportive of the State of Israel?,recency,5,BM25,fixed,exe3/clean-text/US/2024-06-14.txt (exe3/chunked-text/US/chunk_1058.txt),37.198,2024
soft_decay,us,Was the official position in the last quarter of 2023 supportive of the State of Israel?,recency,5,BM25,fixed,exe3/clean-text/US/2024-09-25.txt (exe3/chunked-text/US/chunk_1403.txt),35.9805,2024
soft_decay,us,Was the official position in the last quarter of 2023 supportive of Hamas/Gaza?,recency,5,BM25,fixed,exe3/clean-text/US/2024-09-17.txt (exe3/chunked-text/US/chunk_1350.txt),59.8466,2024
soft_decay,us,Was the official position in the last quarter of 2023 supportive of Hamas/Gaza?,recency,5,BM25,fixed,exe3/clean-text/US/2024-11-05.txt (exe3/chunked-text/US/chunk_1502.txt),40.9405,2024
soft_decay,us,Was the official position in the last quarter of 2023 supportive of Hamas/Gaza?,recency,5,BM25,fixed,exe3/clean-text/US/2023-10-12.txt (exe3/chunked-text/US/chunk_310.txt),38.663,2023
soft_decay,us,Was the official position in the last quarter of 2023 supportive of Hamas/Gaza?,recency,5,BM25,fixed,exe3/clean-text/US/2024-07-11.txt (exe3/chunked-text/US/chunk_1152.txt),38.1494,2024
soft_decay,us,Was the official position in the last quarter of 2023 supportive of Hamas/Gaza?,recency,5,BM25,fixed,exe3/clean-text/US/2024-06-14.txt (exe3/chunked-text/US/chunk_1058.txt),37.198,2024
soft_decay,us,Has the official position in the last quarter of 2023 changed relative to the official position in the last quarter of 2025?,recency,5,BM25,fixed,exe3/clean-text/US/2024-02-07.txt (exe3/chunked-text/US/chunk_576.txt),41.935,2024
soft_decay,us,Has the official position in the last quarter of 2023 changed relative to the official position in the last quarter of 2025?,recency,5,BM25,fixed,exe3/clean-text/US/2024-09-25.txt (exe3/chunked-text/US/chunk_1403.txt),40.7703,2024
soft_decay,us,Has the official position in the last quarter of 2023 changed relative to the official position in the last quarter of 2025?,recency,5,BM25,fixed,exe3/clean-text/US/2025-04-08.txt (exe3/chunked-text/US/chunk_1745.txt),39.6848,2025
soft_decay,us,Has the official position in the last quarter of 2023 changed relative to the official position in the last quarter of 2025?,recency,5,BM25,fixed,exe3/clean-text/US/2023-08-15.txt (exe3/chunked-text/US/chunk_147.txt),35.8959,2023
soft_decay,us,Has the official position in the last quarter of 2023 changed relative to the official position in the last quarter of 2025?,recency,5,BM25,fixed,exe3/clean-text/US/2024-09-18.txt (exe3/chunked-text/US/chunk_1355.txt),35.3499,2024
soft_decay,us,What is the latest official position regarding legislation on the protection of veterans?,recency,5,BM25,fixed,exe3/clean-text/US/2025-10-20.txt (exe3/chunked-text/US/chunk_2335.txt),49.1346,2025
soft_decay,us,What is the latest official position regarding legislation on the protection of veterans?,recency,5,BM25,fixed,exe3/clean-text/US/2025-10-06.txt (exe3/chunked-text/US/chunk_2302.txt),47.3529,2025
soft_decay,us,What is the latest official position regarding legislation on the protection of veterans?,recency,5,BM25,fixed,exe3/clean-text/US/2025-07-28.txt (exe3/chunked-text/US/chunk_2110.txt),46.3685,2025
soft_decay,us,What is the latest official position regarding legislation on the protection of veterans?,recency,5,BM25,fixed,exe3/clean-text/US/2025-10-08.txt (exe3/chunked-text/US/chunk_2309.txt),44.1877,2025
soft_decay,us,What is the latest official position regarding legislation on the protection of veterans?,recency,5,BM25,fixed,exe3/clean-text/US/2025-07-29.txt (exe3/chunked-text/US/chunk_2119.txt),43.4109,2025
soft_decay,us,how did the prime minister/president's rhetoric regarding the war between israel and hamas/gaza change between his first and last speech?,evolution,5,BM25,fixed,exe3/clean-text/US/2024-07-11.txt (exe3/chunked-text/US/chunk_1152.txt),78.6482,2024
soft_decay,us,how did the prime minister/president's rhetoric regarding the war between israel and hamas/gaza change between his first and last speech?,evolution,5,BM25,fixed,exe3/clean-text/US/2024-09-17.txt (exe3/chunked-text/US/chunk_1350.txt),77.7924,2024
soft_decay,us,how did the prime minister/president's rhetoric regarding the war between israel and hamas/gaza change between his first and last speech?,evolution,5,BM25,fixed,exe3/clean-text/US/2023-10-12.txt (exe3/chunked-text/US/chunk_310.txt),66.0533,2023
soft_decay,us,how did the prime minister/president's rhetoric regarding the war between israel and hamas/gaza change between his first and last speech?,evolution,5,BM25,fixed,exe3/clean-text/US/2025-05-05.txt (exe3/chunked-text/US/chunk_1822.txt),62.8394,2025
soft_decay,us,how did the prime minister/president's rhetoric regarding the war between israel and hamas/gaza change between his first and last speech?,evolution,5,BM25,fixed,exe3/clean-text/US/2024-09-17.txt (exe3/chunked-text/US/chunk_1351.txt),62.5839,2024
soft_decay,us,How has the approach to the restoration and maintenance of local and community infrastructure changed between late 2023 and late 2024?,evolution,5,BM25,fixed,exe3/clean-text/US/2023-10-26.txt (exe3/chunked-text/US/chunk_376.txt),65.3315,2023
soft_decay,us,How has the approach to the restoration and maintenance of local and community infrastructure changed between late 2023 and late 2024?,evolution,5,BM25,fixed,exe3/clean-text/US/2024-02-26.txt (exe3/chunked-text/US/chunk_642.txt),55.7784,2024
soft_decay,us,How has the approach to the restoration and maintenance of local and community infrastructure changed between late 2023 and late 2024?,evolution,5,BM25,fixed,exe3/clean-text/US/2025-08-01.txt (exe3/chunked-text/US/chunk_2127.txt),46.1621,2025
soft_decay,us,How has the approach to the restoration and maintenance of local and community infrastructure changed between late 2023 and late 2024?,evolution,5,BM25,fixed,exe3/clean-text/US/2024-08-20.txt (exe3/chunked-text/US/chunk_1253.txt),44.7904,2024
soft_decay,us,How has the approach to the restoration and maintenance of local and community infrastructure changed between late 2023 and late 2024?,evolution,5,BM25,fixed,exe3/clean-text/US/2024-06-04.txt (exe3/chunked-text/US/chunk_1013.txt),43.9572,2024
soft_decay,us,who is the minister of defense/secretary of defense?,ambiguity,5,BM25,fixed,exe3/clean-text/US/2024-05-01.txt (exe3/chunked-text/US/chunk_894.txt),38.3096,2024
soft_decay,us,who is the minister of defense/secretary of defense?,ambiguity,5,BM25,fixed,exe3/clean-text/US/2024-12-09.txt (exe3/chunked-text/US/chunk_1627.txt),37.7088,2024
soft_decay,us,who is the minister of defense/secretary of defense?,ambiguity,5,BM25,fixed,exe3/clean-text/US/2025-06-30.txt (exe3/chunked-text/US/chunk_2031.txt),37.6165,2025
soft_decay,us,who is the minister of defense/secretary of defense?,ambiguity,5,BM25,fixed,exe3/clean-text/US/2025-04-03.txt (exe3/chunked-text/US/chunk_1735.txt),36.7912,2025
soft_decay,us,who is the minister of defense/secretary of defense?,ambiguity,5,BM25,fixed,exe3/clean-text/US/2024-04-15.txt (exe3/chunked-text/US/chunk_827.txt),36.3185,2024
soft_decay,us,Who holds the position responsible for Rural Development?,ambiguity,5,BM25,fixed,exe3/clean-text/US/2024-02-28.txt (exe3/chunked-text/US/chunk_656.txt),50.2661,2024
soft_decay,us,Who holds the position responsible for Rural Development?,ambiguity,5,BM25,fixed,exe3/clean-text/US/2025-09-03.txt (exe3/chunked-text/US/chunk_2195.txt),50.2328,2025
soft_decay,us,Who holds the position responsible for Rural Development?,ambiguity,5,BM25,fixed,exe3/clean-text/US/2024-09-09.txt (exe3/chunked-text/US/chunk_1300.txt),41.0037,2024
soft_decay,us,Who holds the position responsible for Rural Development?,ambiguity,5,BM25,fixed,exe3/clean-text/US/2025-06-17.txt (exe3/chunked-text/US/chunk_1976.txt),39.5204,2025
soft_decay,us,Who holds the position responsible for Rural Development?,ambiguity,5,BM25,fixed,exe3/clean-text/US/2025-10-21.txt (exe3/chunked-text/US/chunk_2339.txt),36.9757,2025
soft_decay,us,what was the specific budget allocated to security in 2024?,hard_filter,5,BM25,parentSon,exe3/clean-text/US/2024-12-09.txt (exe3/parent-child-chunked-text/US/children/child_chunk_3606.txt),36.8342,2024
soft_decay,us,what was the specific budget allocated to security in 2024?,hard_filter,5,BM25,parentSon,exe3/clean-text/US/2024-05-15.txt (exe3/parent-child-chunked-text/US/children/child_chunk_2085.txt),30.9018,2024
soft_decay,us,what was the specific budget allocated to security in 2024?,hard_filter,5,BM25,parentSon,exe3/clean-text/US/2023-10-02.txt (exe3/parent-child-chunked-text/US/children/child_chunk_620.txt),29.4233,2023
soft_decay,us,what was the specific budget allocated to security in 2024?,hard_filter,5,BM25,parentSon,exe3/clean-text/US/2024-04-15.txt (exe3/parent-child-chunked-text/US/children/child_chunk_1845.txt),28.9687,2024
soft_decay,us,what was the specific budget allocated to security in 2024?,hard_filter,5,BM25,parentSon,exe3/clean-text/US/2024-04-10.txt (exe3/parent-child-chunked-text/US/children/child_chunk_1789.txt),27.087,2024
soft_decay,us,What was the specific amount allocated to support the public sector for National Insurance costs in 2025?,hard_filter,5,BM25,parentSon,exe3/clean-text/US/2025-05-20.txt (exe3/parent-child-chunked-text/US/children/child_chunk_4164.txt),42.7247,2025
soft_decay,us,What was the specific amount allocated to support the public sector for National Insurance costs in 2025?,hard_filter,5,BM25,parentSon,exe3/clean-text/US/2024-08-13.txt (exe3/parent-child-chunked-text/US/children/child_chunk_2746.txt),38.1898,2024
soft_decay,us,What was the specific amount allocated to support the public sector for National Insurance costs in 2025?,hard_filter,5,BM25,parentSon,exe3/clean-text/US/2024-12-09.txt (exe3/parent-child-chunked-text/US/children/child_chunk_3606.txt),35.9517,2024
soft_decay,us,What was the specific amount allocated to support the public sector for National Insurance costs in 2025?,hard_filter,5,BM25,parentSon,exe3/clean-text/US/2024-07-08.txt (exe3/parent-child-chunked-text/US/children/child_chunk_2511.txt),34.8856,2024
soft_decay,us,What was the specific amount allocated to support the public sector for National Insurance costs in 2025?,hard_filter,5,BM25,parentSon,exe3/clean-text/US/2024-05-01.txt (exe3/parent-child-chunked-text/US/children/child_chunk_1989.txt),34.6432,2024
soft_decay,us,What is the current official position regarding the State of Israel?,recency,5,BM25,parentSon,exe3/clean-text/US/2023-08-15.txt (exe3/parent-child-chunked-text/US/children/child_chunk_326.txt),51.0258,2023
soft_decay,us,What is the current official position regarding the State of Israel?,recency,5,BM25,parentSon,exe3/clean-text/US/2025-10-20.txt (exe3/parent-child-chunked-text/US/children/child_chunk_5144.txt),45.5132,2025
soft_decay,us,What is the current official position regarding the State of Israel?,recency,5,BM25,parentSon,exe3/clean-text/US/2025-10-06.txt (exe3/parent-child-chunked-text/US/children/child_chunk_5070.txt),44.4989,2025
soft_decay,us,What is the current official position regarding the State of Israel?,recency,5,BM25,parentSon,exe3/clean-text/US/2025-10-08.txt (exe3/parent-child-chunked-text/US/children/child_chunk_5086.txt),43.1354,2025
soft_decay,us,What is the current official position regarding the State of Israel?,recency,5,BM25,parentSon,exe3/clean-text/US/2025-10-15.txt (exe3/parent-child-chunked-text/US/children/child_chunk_5119.txt),43.0395,2025
soft_decay,us,What is the current official position regarding Hamas/Gaza?,recency,5,BM25,parentSon,exe3/clean-text/US/2024-09-17.txt (exe3/parent-child-chunked-text/US/children/child_chunk_2988.txt),51.9213,2024
soft_decay,us,What is the current official position regarding Hamas/Gaza?,recency,5,BM25,parentSon,exe3/clean-text/US/2023-08-15.txt (exe3/parent-child-chunked-text/US/children/child_chunk_326.txt),51.0258,2023
soft_decay,us,What is the current official position regarding Hamas/Gaza?,recency,5,BM25,parentSon,exe3/clean-text/US/2024-09-17.txt (exe3/parent-child-chunked-text/US/children/child_chunk_2989.txt),50.0347,2024
soft_decay,us,What is the current official position regarding Hamas/Gaza?,recency,5,BM25,parentSon,exe3/clean-text/US/2024-07-11.txt (exe3/parent-child-chunked-text/US/children/child_chunk_2562.txt),44.7456,2024
soft_decay,us,What is the current official position regarding Hamas/Gaza?,recency,5,BM25,parentSon,exe3/clean-text/US/2025-10-06.txt (exe3/parent-child-chunked-text/US/children/child_chunk_5070.txt),44.4989,2025
soft_decay,us,Was the official position in the last quarter of 2023 supportive of the State of Israel?,recency,5,BM25,parentSon,exe3/clean-text/US/2023-07-27.txt (exe3/parent-child-chunked-text/US/children/child_chunk_220.txt),59.8931,2023
soft_decay,us,Was the official position in the last quarter of 2023 supportive of the State of Israel?,recency,5,BM25,parentSon,exe3/clean-text/US/2024-09-17.txt (exe3/parent-child-chunked-text/US/children/child_chunk_2987.txt),49.4139,2024
soft_decay,us,Was the official position in the last quarter of 2023 supportive of the State of Israel?,recency,5,BM25,parentSon,exe3/clean-text/US/2024-11-05.txt (exe3/parent-child-chunked-text/US/children/child_chunk_3329.txt),44.2285,2024
soft_decay,us,Was the official position in the last quarter of 2023 supportive of the State of Israel?,recency,5,BM25,parentSon,exe3/clean-text/US/2024-06-14.txt (exe3/parent-child-chunked-text/US/children/child_chunk_2357.txt),43.6493,2024
soft_decay,us,Was the official position in the last quarter of 2023 supportive of the State of Israel?,recency,5,BM25,parentSon,exe3/clean-text/US/2024-06-04.txt (exe3/parent-child-chunked-text/US/children/child_chunk_2264.txt),42.3522,2024
soft_decay,us,Was the official position in the last quarter of 2023 supportive of Hamas/Gaza?,recency,5,BM25,parentSon,exe3/clean-text/US/2024-09-17.txt (exe3/parent-child-chunked-text/US/children/child_chunk_2988.txt),64.5521,2024
soft_decay,us,Was the official position in the last quarter of 2023 supportive of Hamas/Gaza?,recency,5,BM25,parentSon,exe3/clean-text/US/2024-09-17.txt (exe3/parent-child-chunked-text/US/children/child_chunk_2987.txt),51.9269,2024
soft_decay,us,Was the official position in the last quarter of 2023 supportive of Hamas/Gaza?,recency,5,BM25,parentSon,exe3/clean-text/US/2024-09-17.txt (exe3/parent-child-chunked-text/US/children/child_chunk_2989.txt),49.7428,2024
soft_decay,us,Was the official position in the last quarter of 2023 supportive of Hamas/Gaza?,recency,5,BM25,parentSon,exe3/clean-text/US/2024-07-11.txt (exe3/parent-child-chunked-text/US/children/child_chunk_2562.txt),44.4846,2024
soft_decay,us,Was the official position in the last quarter of 2023 supportive of Hamas/Gaza?,recency,5,BM25,parentSon,exe3/clean-text/US/2024-11-05.txt (exe3/parent-child-chunked-text/US/children/child_chunk_3329.txt),44.2285,2024
soft_decay,us,Has the official position in the last quarter of 2023 changed relative to the official position in the last quarter of 2025?,recency,5,BM25,parentSon,exe3/clean-text/US/2024-05-28.txt (exe3/parent-child-chunked-text/US/children/child_chunk_2192.txt),56.0397,2024
soft_decay,us,Has the official position in the last quarter of 2023 changed relative to the official position in the last quarter of 2025?,recency,5,BM25,parentSon,exe3/clean-text/US/2024-06-04.txt (exe3/parent-child-chunked-text/US/children/child_chunk_2264.txt),47.6896,2024
soft_decay,us,Has the official position in the last quarter of 2023 changed relative to the official position in the last quarter of 2025?,recency,5,BM25,parentSon,exe3/clean-text/US/2023-12-11.txt (exe3/parent-child-chunked-text/US/children/child_chunk_1143.txt),44.4788,2023
soft_decay,us,Has the official position in the last quarter of 2023 changed relative to the official position in the last quarter of 2025?,recency,5,BM25,parentSon,exe3/clean-text/US/2023-09-30.txt (exe3/parent-child-chunked-text/US/children/child_chunk_618.txt),42.7876,2023
soft_decay,us,Has the official position in the last quarter of 2023 changed relative to the official position in the last quarter of 2025?,recency,5,BM25,parentSon,exe3/clean-text/US/2023-12-05.txt (exe3/parent-child-chunked-text/US/children/child_chunk_1100.txt),41.5099,2023
soft_decay,us,What is the latest official position regarding legislation on the protection of veterans?,recency,5,BM25,parentSon,exe3/clean-text/US/2025-10-20.txt (exe3/parent-child-chunked-text/US/children/child_chunk_5144.txt),55.8405,2025
soft_decay,us,What is the latest official position regarding legislation on the protection of veterans?,recency,5,BM25,parentSon,exe3/clean-text/US/2025-10-08.txt (exe3/parent-child-chunked-text/US/children/child_chunk_5086.txt),52.8133,2025
soft_decay,us,What is the latest official position regarding legislation on the protection of veterans?,recency,5,BM25,parentSon,exe3/clean-text/US/2025-10-15.txt (exe3/parent-child-chunked-text/US/children/child_chunk_5119.txt),52.6898,2025
soft_decay,us,What is the latest official position regarding legislation on the protection of veterans?,recency,5,BM25,parentSon,exe3/clean-text/US/2025-05-19.txt (exe3/parent-child-chunked-text/US/children/child_chunk_4160.txt),51.9235,2025
soft_decay,us,What is the latest official position regarding legislation on the protection of veterans?,recency,5,BM25,parentSon,exe3/clean-text/US/2024-03-26.txt (exe3/parent-child-chunked-text/US/children/child_chunk_1695.txt),51.1371,2024
soft_decay,us,how did the prime minister/president's rhetoric regarding the war between israel and hamas/gaza change between his first and last speech?,evolution,5,BM25,parentSon,exe3/clean-text/US/2024-09-17.txt (exe3/parent-child-chunked-text/US/children/child_chunk_2988.txt),97.2492,2024
soft_decay,us,how did the prime minister/president's rhetoric regarding the war between israel and hamas/gaza change between his first and last speech?,evolution,5,BM25,parentSon,exe3/clean-text/US/2024-09-17.txt (exe3/parent-child-chunked-text/US/children/child_chunk_2989.txt),82.7326,2024
soft_decay,us,how did the prime minister/president's rhetoric regarding the war between israel and hamas/gaza change between his first and last speech?,evolution,5,BM25,parentSon,exe3/clean-text/US/2024-07-11.txt (exe3/parent-child-chunked-text/US/children/child_chunk_2563.txt),80.5139,2024
soft_decay,us,how did the prime minister/president's rhetoric regarding the war between israel and hamas/gaza change between his first and last speech?,evolution,5,BM25,parentSon,exe3/clean-text/US/2024-07-11.txt (exe3/parent-child-chunked-text/US/children/child_chunk_2562.txt),74.3272,2024
soft_decay,us,how did the prime minister/president's rhetoric regarding the war between israel and hamas/gaza change between his first and last speech?,evolution,5,BM25,parentSon,exe3/clean-text/US/2024-09-17.txt (exe3/parent-child-chunked-text/US/children/child_chunk_2990.txt),68.0749,2024
soft_decay,us,How has the approach to the restoration and maintenance of local and community infrastructure changed between late 2023 and late 2024?,evolution,5,BM25,parentSon,exe3/clean-text/US/2023-10-26.txt (exe3/parent-child-chunked-text/US/children/child_chunk_841.txt),66.8063,2023
soft_decay,us,How has the approach to the restoration and maintenance of local and community infrastructure changed between late 2023 and late 2024?,evolution,5,BM25,parentSon,exe3/clean-text/US/2024-02-26.txt (exe3/parent-child-chunked-text/US/children/child_chunk_1433.txt),63.041,2024
soft_decay,us,How has the approach to the restoration and maintenance of local and community infrastructure changed between late 2023 and late 2024?,evolution,5,BM25,parentSon,exe3/clean-text/US/2023-10-26.txt (exe3/parent-child-chunked-text/US/children/child_chunk_840.txt),62.4972,2023
soft_decay,us,How has the approach to the restoration and maintenance of local and community infrastructure changed between late 2023 and late 2024?,evolution,5,BM25,parentSon,exe3/clean-text/US/2024-05-23.txt (exe3/parent-child-chunked-text/US/children/child_chunk_2168.txt),57.3065,2024
soft_decay,us,How has the approach to the restoration and maintenance of local and community infrastructure changed between late 2023 and late 2024?,evolution,5,BM25,parentSon,exe3/clean-text/US/2025-08-01.txt (exe3/parent-child-chunked-text/US/children/child_chunk_4691.txt),56.6018,2025
soft_decay,us,who is the minister of defense/secretary of defense?,ambiguity,5,BM25,parentSon,exe3/clean-text/US/2024-04-15.txt (exe3/parent-child-chunked-text/US/children/child_chunk_1849.txt),51.937,2024
soft_decay,us,who is the minister of defense/secretary of defense?,ambiguity,5,BM25,parentSon,exe3/clean-text/US/2024-12-09.txt (exe3/parent-child-chunked-text/US/children/child_chunk_3606.txt),51.2572,2024
soft_decay,us,who is the minister of defense/secretary of defense?,ambiguity,5,BM25,parentSon,exe3/clean-text/US/2024-05-01.txt (exe3/parent-child-chunked-text/US/children/child_chunk_1990.txt),50.286,2024
soft_decay,us,who is the minister of defense/secretary of defense?,ambiguity,5,BM25,parentSon,exe3/clean-text/US/2025-06-25.txt (exe3/parent-child-chunked-text/US/children/child_chunk_4446.txt),48.3409,2025
soft_decay,us,who is the minister of defense/secretary of defense?,ambiguity,5,BM25,parentSon,exe3/clean-text/US/2025-06-30.txt (exe3/parent-child-chunked-text/US/children/child_chunk_4486.txt),48.3146,2025
soft_decay,us,Who holds the position responsible for Rural Development?,ambiguity,5,BM25,parentSon,exe3/clean-text/US/2025-06-17.txt (exe3/parent-child-chunked-text/US/children/child_chunk_4366.txt),56.5632,2025
soft_decay,us,Who holds the position responsible for Rural Development?,ambiguity,5,BM25,parentSon,exe3/clean-text/US/2024-09-09.txt (exe3/parent-child-chunked-text/US/children/child_chunk_2876.txt),53.1819,2024
soft_decay,us,Who holds the position responsible for Rural Development?,ambiguity,5,BM25,parentSon,exe3/clean-text/US/2024-02-28.txt (exe3/parent-child-chunked-text/US/children/child_chunk_1464.txt),51.9611,2024
soft_decay,us,Who holds the position responsible for Rural Development?,ambiguity,5,BM25,parentSon,exe3/clean-text/US/2025-09-03.txt (exe3/parent-child-chunked-text/US/children/child_chunk_4838.txt),51.1031,2025
soft_decay,us,Who holds the position responsible for Rural Development?,ambiguity,5,BM25,parentSon,exe3/clean-text/US/2025-10-21.txt (exe3/parent-child-chunked-text/US/children/child_chunk_5152.txt),50.3853,2025
soft_decay,us,what was the specific budget allocated to security in 2024?,hard_filter,8,DENSE,fixed,exe3/clean-text/US/2024-11-13.txt (exe3/chunked-text/US/chunk_1532.txt),0.9129,2024
soft_decay,us,what was the specific budget allocated to security in 2024?,hard_filter,8,DENSE,fixed,exe3/clean-text/US/2025-05-12.txt (exe3/chunked-text/US/chunk_1850.txt),0.9102,2025
soft_decay,us,what was the specific budget allocated to security in 2024?,hard_filter,8,DENSE,fixed,exe3/clean-text/US/2025-06-09.txt (exe3/chunked-text/US/chunk_1944.txt),0.9064,2025
soft_decay,us,what was the specific budget allocated to security in 2024?,hard_filter,8,DENSE,fixed,exe3/clean-text/US/2024-09-19.txt (exe3/chunked-text/US/chunk_1362.txt),0.9052,2024
soft_decay,us,what was the specific budget allocated to security in 2024?,hard_filter,8,DENSE,fixed,exe3/clean-text/US/2024-09-23.txt (exe3/chunked-text/US/chunk_1384.txt),0.9051,2024
soft_decay,us,what was the specific budget allocated to security in 2024?,hard_filter,8,DENSE,fixed,exe3/clean-text/US/2025-05-14.txt (exe3/chunked-text/US/chunk_1861.txt),0.9042,2025
soft_decay,us,what was the specific budget allocated to security in 2024?,hard_filter,8,DENSE,fixed,exe3/clean-text/US/2024-08-06.txt (exe3/chunked-text/US/chunk_1220.txt),0.9037,2024
soft_decay,us,what was the specific budget allocated to security in 2024?,hard_filter,8,DENSE,fixed,exe3/clean-text/US/2025-06-23.txt (exe3/chunked-text/US/chunk_1996.txt),0.9032,2025
soft_decay,us,What was the specific amount allocated to support the public sector for National Insurance costs in 2025?,hard_filter,8,DENSE,fixed,exe3/clean-text/US/2025-10-28.txt (exe3/chunked-text/US/chunk_2357.txt),0.7021,2025
soft_decay,us,What was the specific amount allocated to support the public sector for National Insurance costs in 2025?,hard_filter,8,DENSE,fixed,exe3/clean-text/US/2025-10-21.txt (exe3/chunked-text/US/chunk_2339.txt),0.6988,2025
soft_decay,us,What was the specific amount allocated to support the public sector for National Insurance costs in 2025?,hard_filter,8,DENSE,fixed,exe3/clean-text/US/2025-10-29.txt (exe3/chunked-text/US/chunk_2361.txt),0.6954,2025
soft_decay,us,What was the specific amount allocated to support the public sector for National Insurance costs in 2025?,hard_filter,8,DENSE,fixed,exe3/clean-text/US/2025-10-31.txt (exe3/chunked-text/US/chunk_2363.txt),0.695,2025
soft_decay,us,What was the specific amount allocated to support the public sector for National Insurance costs in 2025?,hard_filter,8,DENSE,fixed,exe3/clean-text/US/2025-10-31.txt (exe3/chunked-text/US/chunk_2369.txt),0.6949,2025
soft_decay,us,What was the specific amount allocated to support the public sector for National Insurance costs in 2025?,hard_filter,8,DENSE,fixed,exe3/clean-text/US/2025-10-31.txt (exe3/chunked-text/US/chunk_2364.txt),0.6948,2025
soft_decay,us,What was the specific amount allocated to support the public sector for National Insurance costs in 2025?,hard_filter,8,DENSE,fixed,exe3/clean-text/US/2025-10-27.txt (exe3/chunked-text/US/chunk_2352.txt),0.6947,2025
soft_decay,us,What was the specific amount allocated to support the public sector for National Insurance costs in 2025?,hard_filter,8,DENSE,fixed,exe3/clean-text/US/2025-10-24.txt (exe3/chunked-text/US/chunk_2350.txt),0.6936,2025
soft_decay,us,What is the current official position regarding the State of Israel?,recency,8,DENSE,fixed,exe3/clean-text/US/2025-10-31.txt (exe3/chunked-text/US/chunk_2368.txt),0.7138,2025
soft_decay,us,What is the current official position regarding the State of Israel?,recency,8,DENSE,fixed,exe3/clean-text/US/2025-10-28.txt (exe3/chunked-text/US/chunk_2358.txt),0.7128,2025
soft_decay,us,What is the current official position regarding the State of Israel?,recency,8,DENSE,fixed,exe3/clean-text/US/2025-10-29.txt (exe3/chunked-text/US/chunk_2361.txt),0.7123,2025
soft_decay,us,What is the current official position regarding the State of Israel?,recency,8,DENSE,fixed,exe3/clean-text/US/2025-10-27.txt (exe3/chunked-text/US/chunk_2352.txt),0.7106,2025
soft_decay,us,What is the current official position regarding the State of Israel?,recency,8,DENSE,fixed,exe3/clean-text/US/2025-10-28.txt (exe3/chunked-text/US/chunk_2357.txt),0.7097,2025
soft_decay,us,What is the current official position regarding the State of Israel?,recency,8,DENSE,fixed,exe3/clean-text/US/2025-10-31.txt (exe3/chunked-text/US/chunk_2369.txt),0.708,2025
soft_decay,us,What is the current official position regarding the State of Israel?,recency,8,DENSE,fixed,exe3/clean-text/US/2025-10-31.txt (exe3/chunked-text/US/chunk_2364.txt),0.706,2025
soft_decay,us,What is the current official position regarding the State of Israel?,recency,8,DENSE,fixed,exe3/clean-text/US/2025-10-31.txt (exe3/chunked-text/US/chunk_2367.txt),0.7054,2025
soft_decay,us,What is the current official position regarding Hamas/Gaza?,recency,8,DENSE,fixed,exe3/clean-text/US/2025-10-31.txt (exe3/chunked-text/US/chunk_2368.txt),0.7307,2025
soft_decay,us,What is the current official position regarding Hamas/Gaza?,recency,8,DENSE,fixed,exe3/clean-text/US/2025-10-31.txt (exe3/chunked-text/US/chunk_2369.txt),0.7288,2025
soft_decay,us,What is the current official position regarding Hamas/Gaza?,recency,8,DENSE,fixed,exe3/clean-text/US/2025-10-28.txt (exe3/chunked-text/US/chunk_2357.txt),0.7285,2025
soft_decay,us,What is the current official position regarding Hamas/Gaza?,recency,8,DENSE,fixed,exe3/clean-text/US/2025-10-28.txt (exe3/chunked-text/US/chunk_2358.txt),0.7283,2025
soft_decay,us,What is the current official position regarding Hamas/Gaza?,recency,8,DENSE,fixed,exe3/clean-text/US/2025-10-24.txt (exe3/chunked-text/US/chunk_2349.txt),0.722,2025
soft_decay,us,What is the current official position regarding Hamas/Gaza?,recency,8,DENSE,fixed,exe3/clean-text/US/2025-10-31.txt (exe3/chunked-text/US/chunk_2366.txt),0.7219,2025
soft_decay,us,What is the current official position regarding Hamas/Gaza?,recency,8,DENSE,fixed,exe3/clean-text/US/2025-10-28.txt (exe3/chunked-text/US/chunk_2356.txt),0.7205,2025
soft_decay,us,What is the current official position regarding Hamas/Gaza?,recency,8,DENSE,fixed,exe3/clean-text/US/2025-10-29.txt (exe3/chunked-text/US/chunk_2361.txt),0.7197,2025
soft_decay,us,Was the official position in the last quarter of 2023 supportive of the State of Israel?,recency,8,DENSE,fixed,exe3/clean-text/US/2024-07-11.txt (exe3/chunked-text/US/chunk_1152.txt),0.8892,2024
soft_decay,us,Was the official position in the last quarter of 2023 supportive of the State of Israel?,recency,8,DENSE,fixed,exe3/clean-text/US/2024-04-08.txt (exe3/chunked-text/US/chunk_785.txt),0.8875,2024
soft_decay,us,Was the official position in the last quarter of 2023 supportive of the State of Israel?,recency,8,DENSE,fixed,exe3/clean-text/US/2025-05-05.txt (exe3/chunked-text/US/chunk_1822.txt),0.8868,2025
soft_decay,us,Was the official position in the last quarter of 2023 supportive of the State of Israel?,recency,8,DENSE,fixed,exe3/clean-text/US/2024-04-19.txt (exe3/chunked-text/US/chunk_848.txt),0.8864,2024
soft_decay,us,Was the official position in the last quarter of 2023 supportive of the State of Israel?,recency,8,DENSE,fixed,exe3/clean-text/US/2024-07-25.txt (exe3/chunked-text/US/chunk_1191.txt),0.8853,2024
soft_decay,us,Was the official position in the last quarter of 2023 supportive of the State of Israel?,recency,8,DENSE,fixed,exe3/clean-text/US/2024-08-06.txt (exe3/chunked-text/US/chunk_1220.txt),0.8851,2024
soft_decay,us,Was the official position in the last quarter of 2023 supportive of the State of Israel?,recency,8,DENSE,fixed,exe3/clean-text/US/2024-03-01.txt (exe3/chunked-text/US/chunk_672.txt),0.8849,2024
soft_decay,us,Was the official position in the last quarter of 2023 supportive of the State of Israel?,recency,8,DENSE,fixed,exe3/clean-text/US/2025-05-29.txt (exe3/chunked-text/US/chunk_1899.txt),0.8839,2025
soft_decay,us,Was the official position in the last quarter of 2023 supportive of Hamas/Gaza?,recency,8,DENSE,fixed,exe3/clean-text/US/2024-09-17.txt (exe3/chunked-text/US/chunk_1350.txt),0.8985,2024
soft_decay,us,Was the official position in the last quarter of 2023 supportive of Hamas/Gaza?,recency,8,DENSE,fixed,exe3/clean-text/US/2025-05-05.txt (exe3/chunked-text/US/chunk_1822.txt),0.8943,2025
soft_decay,us,Was the official position in the last quarter of 2023 supportive of Hamas/Gaza?,recency,8,DENSE,fixed,exe3/clean-text/US/2024-07-11.txt (exe3/chunked-text/US/chunk_1152.txt),0.8931,2024
soft_decay,us,Was the official position in the last quarter of 2023 supportive of Hamas/Gaza?,recency,8,DENSE,fixed,exe3/clean-text/US/2024-09-17.txt (exe3/chunked-text/US/chunk_1349.txt),0.8903,2024
soft_decay,us,Was the official position in the last quarter of 2023 supportive of Hamas/Gaza?,recency,8,DENSE,fixed,exe3/clean-text/US/2024-04-10.txt (exe3/chunked-text/US/chunk_802.txt),0.8884,2024
soft_decay,us,Was the official position in the last quarter of 2023 supportive of Hamas/Gaza?,recency,8,DENSE,fixed,exe3/clean-text/US/2025-05-29.txt (exe3/chunked-text/US/chunk_1899.txt),0.8884,2025
soft_decay,us,Was the official position in the last quarter of 2023 supportive of Hamas/Gaza?,recency,8,DENSE,fixed,exe3/clean-text/US/2024-04-19.txt (exe3/chunked-text/US/chunk_847.txt),0.8883,2024
soft_decay,us,Was the official position in the last quarter of 2023 supportive of Hamas/Gaza?,recency,8,DENSE,fixed,exe3/clean-text/US/2024-09-16.txt (exe3/chunked-text/US/chunk_1336.txt),0.8873,2024
soft_decay,us,Has the official position in the last quarter of 2023 changed relative to the official position in the last quarter of 2025?,recency,8,DENSE,fixed,exe3/clean-text/US/2024-02-28.txt (exe3/chunked-text/US/chunk_653.txt),0.9023,2024
soft_decay,us,Has the official position in the last quarter of 2023 changed relative to the official position in the last quarter of 2025?,recency,8,DENSE,fixed,exe3/clean-text/US/2024-04-10.txt (exe3/chunked-text/US/chunk_802.txt),0.8999,2024
soft_decay,us,Has the official position in the last quarter of 2023 changed relative to the official position in the last quarter of 2025?,recency,8,DENSE,fixed,exe3/clean-text/US/2024-05-21.txt (exe3/chunked-text/US/chunk_956.txt),0.8964,2024
soft_decay,us,Has the official position in the last quarter of 2023 changed relative to the official position in the last quarter of 2025?,recency,8,DENSE,fixed,exe3/clean-text/US/2024-11-13.txt (exe3/chunked-text/US/chunk_1532.txt),0.8956,2024
soft_decay,us,Has the official position in the last quarter of 2023 changed relative to the official position in the last quarter of 2025?,recency,8,DENSE,fixed,exe3/clean-text/US/2025-06-26.txt (exe3/chunked-text/US/chunk_2017.txt),0.8939,2025
soft_decay,us,Has the official position in the last quarter of 2023 changed relative to the official position in the last quarter of 2025?,recency,8,DENSE,fixed,exe3/clean-text/US/2024-06-05.txt (exe3/chunked-text/US/chunk_1023.txt),0.8931,2024
soft_decay,us,Has the official position in the last quarter of 2023 changed relative to the official position in the last quarter of 2025?,recency,8,DENSE,fixed,exe3/clean-text/US/2024-07-23.txt (exe3/chunked-text/US/chunk_1175.txt),0.8926,2024
soft_decay,us,Has the official position in the last quarter of 2023 changed relative to the official position in the last quarter of 2025?,recency,8,DENSE,fixed,exe3/clean-text/US/2024-09-16.txt (exe3/chunked-text/US/chunk_1336.txt),0.8924,2024
soft_decay,us,What is the latest official position regarding legislation on the protection of veterans?,recency,8,DENSE,fixed,exe3/clean-text/US/2025-10-29.txt (exe3/chunked-text/US/chunk_2361.txt),0.7418,2025
soft_decay,us,What is the latest official position regarding legislation on the protection of veterans?,recency,8,DENSE,fixed,exe3/clean-text/US/2025-10-21.txt (exe3/chunked-text/US/chunk_2339.txt),0.7286,2025
soft_decay,us,What is the latest official position regarding legislation on the protection of veterans?,recency,8,DENSE,fixed,exe3/clean-text/US/2025-10-31.txt (exe3/chunked-text/US/chunk_2369.txt),0.7283,2025
soft_decay,us,What is the latest official position regarding legislation on the protection of veterans?,recency,8,DENSE,fixed,exe3/clean-text/US/2025-10-31.txt (exe3/chunked-text/US/chunk_2368.txt),0.7279,2025
soft_decay,us,What is the latest official position regarding legislation on the protection of veterans?,recency,8,DENSE,fixed,exe3/clean-text/US/2025-10-27.txt (exe3/chunked-text/US/chunk_2352.txt),0.7273,2025
soft_decay,us,What is the latest official position regarding legislation on the protection of veterans?,recency,8,DENSE,fixed,exe3/clean-text/US/2025-10-20.txt (exe3/chunked-text/US/chunk_2335.txt),0.7262,2025
soft_decay,us,What is the latest official position regarding legislation on the protection of veterans?,recency,8,DENSE,fixed,exe3/clean-text/US/2025-10-31.txt (exe3/chunked-text/US/chunk_2366.txt),0.7249,2025
soft_decay,us,What is the latest official position regarding legislation on the protection of veterans?,recency,8,DENSE,fixed,exe3/clean-text/US/2025-10-28.txt (exe3/chunked-text/US/chunk_2359.txt),0.7197,2025
soft_decay,us,how did the prime minister/president's rhetoric regarding the war between israel and hamas/gaza change between his first and last speech?,evolution,8,DENSE,fixed,exe3/clean-text/US/2025-10-31.txt (exe3/chunked-text/US/chunk_2369.txt),0.8473,2025
soft_decay,us,how did the prime minister/president's rhetoric regarding the war between israel and hamas/gaza change between his first and last speech?,evolution,8,DENSE,fixed,exe3/clean-text/US/2025-10-31.txt (exe3/chunked-text/US/chunk_2362.txt),0.8397,2025
soft_decay,us,how did the prime minister/president's rhetoric regarding the war between israel and hamas/gaza change between his first and last speech?,evolution,8,DENSE,fixed,exe3/clean-text/US/2025-10-28.txt (exe3/chunked-text/US/chunk_2357.txt),0.8309,2025
soft_decay,us,how did the prime minister/president's rhetoric regarding the war between israel and hamas/gaza change between his first and last speech?,evolution,8,DENSE,fixed,exe3/clean-text/US/2025-10-31.txt (exe3/chunked-text/US/chunk_2368.txt),0.8307,2025
soft_decay,us,how did the prime minister/president's rhetoric regarding the war between israel and hamas/gaza change between his first and last speech?,evolution,8,DENSE,fixed,exe3/clean-text/US/2025-10-28.txt (exe3/chunked-text/US/chunk_2358.txt),0.8284,2025
soft_decay,us,how did the prime minister/president's rhetoric regarding the war between israel and hamas/gaza change between his first and last speech?,evolution,8,DENSE,fixed,exe3/clean-text/US/2025-10-24.txt (exe3/chunked-text/US/chunk_2349.txt),0.8222,2025
soft_decay,us,how did the prime minister/president's rhetoric regarding the war between israel and hamas/gaza change between his first and last speech?,evolution,8,DENSE,fixed,exe3/clean-text/US/2025-10-31.txt (exe3/chunked-text/US/chunk_2370.txt),0.8214,2025
soft_decay,us,how did the prime minister/president's rhetoric regarding the war between israel and hamas/gaza change between his first and last speech?,evolution,8,DENSE,fixed,exe3/clean-text/US/2025-10-31.txt (exe3/chunked-text/US/chunk_2363.txt),0.8196,2025
soft_decay,us,How has the approach to the restoration and maintenance of local and community infrastructure changed between late 2023 and late 2024?,evolution,8,DENSE,fixed,exe3/clean-text/US/2024-02-28.txt (exe3/chunked-text/US/chunk_653.txt),0.8982,2024
soft_decay,us,How has the approach to the restoration and maintenance of local and community infrastructure changed between late 2023 and late 2024?,evolution,8,DENSE,fixed,exe3/clean-text/US/2024-05-16.txt (exe3/chunked-text/US/chunk_943.txt),0.8965,2024
soft_decay,us,How has the approach to the restoration and maintenance of local and community infrastructure changed between late 2023 and late 2024?,evolution,8,DENSE,fixed,exe3/clean-text/US/2025-06-10.txt (exe3/chunked-text/US/chunk_1949.txt),0.8931,2025
soft_decay,us,How has the approach to the restoration and maintenance of local and community infrastructure changed between late 2023 and late 2024?,evolution,8,DENSE,fixed,exe3/clean-text/US/2024-02-13.txt (exe3/chunked-text/US/chunk_597.txt),0.8925,2024
soft_decay,us,How has the approach to the restoration and maintenance of local and community infrastructure changed between late 2023 and late 2024?,evolution,8,DENSE,fixed,exe3/clean-text/US/2024-03-29.txt (exe3/chunked-text/US/chunk_765.txt),0.8909,2024
soft_decay,us,How has the approach to the restoration and maintenance of local and community infrastructure changed between late 2023 and late 2024?,evolution,8,DENSE,fixed,exe3/clean-text/US/2024-03-13.txt (exe3/chunked-text/US/chunk_722.txt),0.8903,2024
soft_decay,us,How has the approach to the restoration and maintenance of local and community infrastructure changed between late 2023 and late 2024?,evolution,8,DENSE,fixed,exe3/clean-text/US/2024-02-13.txt (exe3/chunked-text/US/chunk_598.txt),0.8903,2024
soft_decay,us,How has the approach to the restoration and maintenance of local and community infrastructure changed between late 2023 and late 2024?,evolution,8,DENSE,fixed,exe3/clean-text/US/2024-11-12.txt (exe3/chunked-text/US/chunk_1519.txt),0.8901,2024
soft_decay,us,who is the minister of defense/secretary of defense?,ambiguity,8,DENSE,fixed,exe3/clean-text/US/2025-10-29.txt (exe3/chunked-text/US/chunk_2361.txt),0.8389,2025
soft_decay,us,who is the minister of defense/secretary of defense?,ambiguity,8,DENSE,fixed,exe3/clean-text/US/2025-10-31.txt (exe3/chunked-text/US/chunk_2368.txt),0.8255,2025
soft_decay,us,who is the minister of defense/secretary of defense?,ambiguity,8,DENSE,fixed,exe3/clean-text/US/2025-10-31.txt (exe3/chunked-text/US/chunk_2369.txt),0.8165,2025
soft_decay,us,who is the minister of defense/secretary of defense?,ambiguity,8,DENSE,fixed,exe3/clean-text/US/2025-10-27.txt (exe3/chunked-text/US/chunk_2352.txt),0.8164,2025
soft_decay,us,who is the minister of defense/secretary of defense?,ambiguity,8,DENSE,fixed,exe3/clean-text/US/2025-10-31.txt (exe3/chunked-text/US/chunk_2362.txt),0.8144,2025
soft_decay,us,who is the minister of defense/secretary of defense?,ambiguity,8,DENSE,fixed,exe3/clean-text/US/2025-10-27.txt (exe3/chunked-text/US/chunk_2353.txt),0.8109,2025
soft_decay,us,who is the minister of defense/secretary of defense?,ambiguity,8,DENSE,fixed,exe3/clean-text/US/2025-10-22.txt (exe3/chunked-text/US/chunk_2342.txt),0.8107,2025
soft_decay,us,who is the minister of defense/secretary of defense?,ambiguity,8,DENSE,fixed,exe3/clean-text/US/2025-10-28.txt (exe3/chunked-text/US/chunk_2355.txt),0.81,2025
soft_decay,us,Who holds the position responsible for Rural Development?,ambiguity,8,DENSE,fixed,exe3/clean-text/US/2025-10-31.txt (exe3/chunked-text/US/chunk_2364.txt),0.8131,2025
soft_decay,us,Who holds the position responsible for Rural Development?,ambiguity,8,DENSE,fixed,exe3/clean-text/US/2025-10-31.txt (exe3/chunked-text/US/chunk_2363.txt),0.8027,2025
soft_decay,us,Who holds the position responsible for Rural Development?,ambiguity,8,DENSE,fixed,exe3/clean-text/US/2025-10-31.txt (exe3/chunked-text/US/chunk_2369.txt),0.7979,2025
soft_decay,us,Who holds the position responsible for Rural Development?,ambiguity,8,DENSE,fixed,exe3/clean-text/US/2025-10-29.txt (exe3/chunked-text/US/chunk_2361.txt),0.7921,2025
soft_decay,us,Who holds the position responsible for Rural Development?,ambiguity,8,DENSE,fixed,exe3/clean-text/US/2025-10-31.txt (exe3/chunked-text/US/chunk_2368.txt),0.7908,2025
soft_decay,us,Who holds the position responsible for Rural Development?,ambiguity,8,DENSE,fixed,exe3/clean-text/US/2025-10-31.txt (exe3/chunked-text/US/chunk_2366.txt),0.7877,2025
soft_decay,us,Who holds the position responsible for Rural Development?,ambiguity,8,DENSE,fixed,exe3/clean-text/US/2025-10-31.txt (exe3/chunked-text/US/chunk_2367.txt),0.7873,2025
soft_decay,us,Who holds the position responsible for Rural Development?,ambiguity,8,DENSE,fixed,exe3/clean-text/US/2025-10-28.txt (exe3/chunked-text/US/chunk_2356.txt),0.7863,2025
soft_decay,us,what was the specific budget allocated to security in 2024?,hard_filter,8,DENSE,parentSon,exe3/clean-text/US/2025-08-12.txt (exe3/parent-child-chunked-text/US/children/child_chunk_4729.txt),0.9105,2025
soft_decay,us,what was the specific budget allocated to security in 2024?,hard_filter,8,DENSE,parentSon,exe3/clean-text/US/2024-12-09.txt (exe3/parent-child-chunked-text/US/children/child_chunk_3606.txt),0.9008,2024
soft_decay,us,what was the specific budget allocated to security in 2024?,hard_filter,8,DENSE,parentSon,exe3/clean-text/US/2024-08-09.txt (exe3/parent-child-chunked-text/US/children/child_chunk_2732.txt),0.9001,2024
soft_decay,us,what was the specific budget allocated to security in 2024?,hard_filter,8,DENSE,parentSon,exe3/clean-text/US/2025-05-19.txt (exe3/parent-child-chunked-text/US/children/child_chunk_4158.txt),0.8996,2025
soft_decay,us,what was the specific budget allocated to security in 2024?,hard_filter,8,DENSE,parentSon,exe3/clean-text/US/2025-06-09.txt (exe3/parent-child-chunked-text/US/children/child_chunk_4298.txt),0.8988,2025
soft_decay,us,what was the specific budget allocated to security in 2024?,hard_filter,8,DENSE,parentSon,exe3/clean-text/US/2024-07-18.txt (exe3/parent-child-chunked-text/US/children/child_chunk_2586.txt),0.8979,2024
soft_decay,us,what was the specific budget allocated to security in 2024?,hard_filter,8,DENSE,parentSon,exe3/clean-text/US/2025-06-30.txt (exe3/parent-child-chunked-text/US/children/child_chunk_4485.txt),0.8972,2025
soft_decay,us,what was the specific budget allocated to security in 2024?,hard_filter,8,DENSE,parentSon,exe3/clean-text/US/2024-07-22.txt (exe3/parent-child-chunked-text/US/children/child_chunk_2601.txt),0.8965,2024
soft_decay,us,What was the specific amount allocated to support the public sector for National Insurance costs in 2025?,hard_filter,8,DENSE,parentSon,exe3/clean-text/US/2025-10-28.txt (exe3/parent-child-chunked-text/US/children/child_chunk_5195.txt),0.6904,2025
soft_decay,us,What was the specific amount allocated to support the public sector for National Insurance costs in 2025?,hard_filter,8,DENSE,parentSon,exe3/clean-text/US/2025-10-22.txt (exe3/parent-child-chunked-text/US/children/child_chunk_5158.txt),0.6897,2025
soft_decay,us,What was the specific amount allocated to support the public sector for National Insurance costs in 2025?,hard_filter,8,DENSE,parentSon,exe3/clean-text/US/2025-10-28.txt (exe3/parent-child-chunked-text/US/children/child_chunk_5192.txt),0.6883,2025
soft_decay,us,What was the specific amount allocated to support the public sector for National Insurance costs in 2025?,hard_filter,8,DENSE,parentSon,exe3/clean-text/US/2025-10-31.txt (exe3/parent-child-chunked-text/US/children/child_chunk_5214.txt),0.6881,2025
soft_decay,us,What was the specific amount allocated to support the public sector for National Insurance costs in 2025?,hard_filter,8,DENSE,parentSon,exe3/clean-text/US/2025-10-21.txt (exe3/parent-child-chunked-text/US/children/child_chunk_5153.txt),0.6865,2025
soft_decay,us,What was the specific amount allocated to support the public sector for National Insurance costs in 2025?,hard_filter,8,DENSE,parentSon,exe3/clean-text/US/2025-10-17.txt (exe3/parent-child-chunked-text/US/children/child_chunk_5126.txt),0.6851,2025
soft_decay,us,What was the specific amount allocated to support the public sector for National Insurance costs in 2025?,hard_filter,8,DENSE,parentSon,exe3/clean-text/US/2025-10-31.txt (exe3/parent-child-chunked-text/US/children/child_chunk_5219.txt),0.6843,2025
soft_decay,us,What was the specific amount allocated to support the public sector for National Insurance costs in 2025?,hard_filter,8,DENSE,parentSon,exe3/clean-text/US/2025-10-29.txt (exe3/parent-child-chunked-text/US/children/child_chunk_5202.txt),0.6842,2025
soft_decay,us,What is the current official position regarding the State of Israel?,recency,8,DENSE,parentSon,exe3/clean-text/US/2025-10-28.txt (exe3/parent-child-chunked-text/US/children/child_chunk_5195.txt),0.7143,2025
soft_decay,us,What is the current official position regarding the State of Israel?,recency,8,DENSE,parentSon,exe3/clean-text/US/2025-10-28.txt (exe3/parent-child-chunked-text/US/children/child_chunk_5191.txt),0.7072,2025
soft_decay,us,What is the current official position regarding the State of Israel?,recency,8,DENSE,parentSon,exe3/clean-text/US/2025-10-31.txt (exe3/parent-child-chunked-text/US/children/child_chunk_5219.txt),0.7038,2025
soft_decay,us,What is the current official position regarding the State of Israel?,recency,8,DENSE,parentSon,exe3/clean-text/US/2025-10-29.txt (exe3/parent-child-chunked-text/US/children/child_chunk_5202.txt),0.7035,2025
soft_decay,us,What is the current official position regarding the State of Israel?,recency,8,DENSE,parentSon,exe3/clean-text/US/2025-10-20.txt (exe3/parent-child-chunked-text/US/children/child_chunk_5146.txt),0.7019,2025
soft_decay,us,What is the current official position regarding the State of Israel?,recency,8,DENSE,parentSon,exe3/clean-text/US/2025-10-22.txt (exe3/parent-child-chunked-text/US/children/child_chunk_5158.txt),0.7015,2025
soft_decay,us,What is the current official position regarding the State of Israel?,recency,8,DENSE,parentSon,exe3/clean-text/US/2025-10-27.txt (exe3/parent-child-chunked-text/US/children/child_chunk_5181.txt),0.7003,2025
soft_decay,us,What is the current official position regarding the State of Israel?,recency,8,DENSE,parentSon,exe3/clean-text/US/2025-10-28.txt (exe3/parent-child-chunked-text/US/children/child_chunk_5185.txt),0.7001,2025
soft_decay,us,What is the current official position regarding Hamas/Gaza?,recency,8,DENSE,parentSon,exe3/clean-text/US/2025-10-31.txt (exe3/parent-child-chunked-text/US/children/child_chunk_5219.txt),0.7304,2025
soft_decay,us,What is the current official position regarding Hamas/Gaza?,recency,8,DENSE,parentSon,exe3/clean-text/US/2025-10-28.txt (exe3/parent-child-chunked-text/US/children/child_chunk_5195.txt),0.7282,2025
soft_decay,us,What is the current official position regarding Hamas/Gaza?,recency,8,DENSE,parentSon,exe3/clean-text/US/2025-10-28.txt (exe3/parent-child-chunked-text/US/children/child_chunk_5191.txt),0.7189,2025
soft_decay,us,What is the current official position regarding Hamas/Gaza?,recency,8,DENSE,parentSon,exe3/clean-text/US/2025-10-22.txt (exe3/parent-child-chunked-text/US/children/child_chunk_5158.txt),0.7181,2025
soft_decay,us,What is the current official position regarding Hamas/Gaza?,recency,8,DENSE,parentSon,exe3/clean-text/US/2025-10-28.txt (exe3/parent-child-chunked-text/US/children/child_chunk_5196.txt),0.717,2025
soft_decay,us,What is the current official position regarding Hamas/Gaza?,recency,8,DENSE,parentSon,exe3/clean-text/US/2025-10-28.txt (exe3/parent-child-chunked-text/US/children/child_chunk_5192.txt),0.7159,2025
soft_decay,us,What is the current official position regarding Hamas/Gaza?,recency,8,DENSE,parentSon,exe3/clean-text/US/2025-10-17.txt (exe3/parent-child-chunked-text/US/children/child_chunk_5126.txt),0.7155,2025
soft_decay,us,What is the current official position regarding Hamas/Gaza?,recency,8,DENSE,parentSon,exe3/clean-text/US/2025-10-28.txt (exe3/parent-child-chunked-text/US/children/child_chunk_5187.txt),0.7127,2025
soft_decay,us,Was the official position in the last quarter of 2023 supportive of the State of Israel?,recency,8,DENSE,parentSon,exe3/clean-text/US/2024-09-17.txt (exe3/parent-child-chunked-text/US/children/child_chunk_2987.txt),0.8897,2024
soft_decay,us,Was the official position in the last quarter of 2023 supportive of the State of Israel?,recency,8,DENSE,parentSon,exe3/clean-text/US/2025-05-05.txt (exe3/parent-child-chunked-text/US/children/child_chunk_4034.txt),0.8864,2025
soft_decay,us,Was the official position in the last quarter of 2023 supportive of the State of Israel?,recency,8,DENSE,parentSon,exe3/clean-text/US/2024-08-06.txt (exe3/parent-child-chunked-text/US/children/child_chunk_2707.txt),0.8857,2024
soft_decay,us,Was the official position in the last quarter of 2023 supportive of the State of Israel?,recency,8,DENSE,parentSon,exe3/clean-text/US/2024-04-08.txt (exe3/parent-child-chunked-text/US/children/child_chunk_1753.txt),0.8848,2024
soft_decay,us,Was the official position in the last quarter of 2023 supportive of the State of Israel?,recency,8,DENSE,parentSon,exe3/clean-text/US/2024-03-01.txt (exe3/parent-child-chunked-text/US/children/child_chunk_1500.txt),0.8835,2024
soft_decay,us,Was the official position in the last quarter of 2023 supportive of the State of Israel?,recency,8,DENSE,parentSon,exe3/clean-text/US/2024-07-25.txt (exe3/parent-child-chunked-text/US/children/child_chunk_2644.txt),0.883,2024
soft_decay,us,Was the official position in the last quarter of 2023 supportive of the State of Israel?,recency,8,DENSE,parentSon,exe3/clean-text/US/2024-04-19.txt (exe3/parent-child-chunked-text/US/children/child_chunk_1889.txt),0.8827,2024
soft_decay,us,Was the official position in the last quarter of 2023 supportive of the State of Israel?,recency,8,DENSE,parentSon,exe3/clean-text/US/2025-05-29.txt (exe3/parent-child-chunked-text/US/children/child_chunk_4201.txt),0.8822,2025
soft_decay,us,Was the official position in the last quarter of 2023 supportive of Hamas/Gaza?,recency,8,DENSE,parentSon,exe3/clean-text/US/2024-09-17.txt (exe3/parent-child-chunked-text/US/children/child_chunk_2988.txt),0.8989,2024
soft_decay,us,Was the official position in the last quarter of 2023 supportive of Hamas/Gaza?,recency,8,DENSE,parentSon,exe3/clean-text/US/2025-05-05.txt (exe3/parent-child-chunked-text/US/children/child_chunk_4034.txt),0.8932,2025
soft_decay,us,Was the official position in the last quarter of 2023 supportive of Hamas/Gaza?,recency,8,DENSE,parentSon,exe3/clean-text/US/2024-09-17.txt (exe3/parent-child-chunked-text/US/children/child_chunk_2987.txt),0.8924,2024
soft_decay,us,Was the official position in the last quarter of 2023 supportive of Hamas/Gaza?,recency,8,DENSE,parentSon,exe3/clean-text/US/2024-09-17.txt (exe3/parent-child-chunked-text/US/children/child_chunk_2985.txt),0.8912,2024
soft_decay,us,Was the official position in the last quarter of 2023 supportive of Hamas/Gaza?,recency,8,DENSE,parentSon,exe3/clean-text/US/2024-08-06.txt (exe3/parent-child-chunked-text/US/children/child_chunk_2707.txt),0.8866,2024
soft_decay,us,Was the official position in the last quarter of 2023 supportive of Hamas/Gaza?,recency,8,DENSE,parentSon,exe3/clean-text/US/2024-04-08.txt (exe3/parent-child-chunked-text/US/children/child_chunk_1753.txt),0.8862,2024
soft_decay,us,Was the official position in the last quarter of 2023 supportive of Hamas/Gaza?,recency,8,DENSE,parentSon,exe3/clean-text/US/2024-03-01.txt (exe3/parent-child-chunked-text/US/children/child_chunk_1500.txt),0.885,2024
soft_decay,us,Was the official position in the last quarter of 2023 supportive of Hamas/Gaza?,recency,8,DENSE,parentSon,exe3/clean-text/US/2025-05-29.txt (exe3/parent-child-chunked-text/US/children/child_chunk_4201.txt),0.8836,2025
soft_decay,us,Has the official position in the last quarter of 2023 changed relative to the official position in the last quarter of 2025?,recency,8,DENSE,parentSon,exe3/clean-text/US/2024-05-01.txt (exe3/parent-child-chunked-text/US/children/child_chunk_1988.txt),0.8923,2024
soft_decay,us,Has the official position in the last quarter of 2023 changed relative to the official position in the last quarter of 2025?,recency,8,DENSE,parentSon,exe3/clean-text/US/2024-03-08.txt (exe3/parent-child-chunked-text/US/children/child_chunk_1561.txt),0.892,2024
soft_decay,us,Has the official position in the last quarter of 2023 changed relative to the official position in the last quarter of 2025?,recency,8,DENSE,parentSon,exe3/clean-text/US/2024-07-22.txt (exe3/parent-child-chunked-text/US/children/child_chunk_2601.txt),0.8918,2024
soft_decay,us,Has the official position in the last quarter of 2023 changed relative to the official position in the last quarter of 2025?,recency,8,DENSE,parentSon,exe3/clean-text/US/2024-03-01.txt (exe3/parent-child-chunked-text/US/children/child_chunk_1500.txt),0.8917,2024
soft_decay,us,Has the official position in the last quarter of 2023 changed relative to the official position in the last quarter of 2025?,recency,8,DENSE,parentSon,exe3/clean-text/US/2025-08-12.txt (exe3/parent-child-chunked-text/US/children/child_chunk_4729.txt),0.8873,2025
soft_decay,us,Has the official position in the last quarter of 2023 changed relative to the official position in the last quarter of 2025?,recency,8,DENSE,parentSon,exe3/clean-text/US/2024-06-18.txt (exe3/parent-child-chunked-text/US/children/child_chunk_2388.txt),0.8869,2024
soft_decay,us,Has the official position in the last quarter of 2023 changed relative to the official position in the last quarter of 2025?,recency,8,DENSE,parentSon,exe3/clean-text/US/2024-06-05.txt (exe3/parent-child-chunked-text/US/children/child_chunk_2275.txt),0.8868,2024
soft_decay,us,Has the official position in the last quarter of 2023 changed relative to the official position in the last quarter of 2025?,recency,8,DENSE,parentSon,exe3/clean-text/US/2024-07-08.txt (exe3/parent-child-chunked-text/US/children/child_chunk_2511.txt),0.8864,2024
soft_decay,us,What is the latest official position regarding legislation on the protection of veterans?,recency,8,DENSE,parentSon,exe3/clean-text/US/2025-10-29.txt (exe3/parent-child-chunked-text/US/children/child_chunk_5202.txt),0.7371,2025
soft_decay,us,What is the latest official position regarding legislation on the protection of veterans?,recency,8,DENSE,parentSon,exe3/clean-text/US/2025-10-22.txt (exe3/parent-child-chunked-text/US/children/child_chunk_5159.txt),0.7271,2025
soft_decay,us,What is the latest official position regarding legislation on the protection of veterans?,recency,8,DENSE,parentSon,exe3/clean-text/US/2025-10-27.txt (exe3/parent-child-chunked-text/US/children/child_chunk_5183.txt),0.727,2025
soft_decay,us,What is the latest official position regarding legislation on the protection of veterans?,recency,8,DENSE,parentSon,exe3/clean-text/US/2025-10-31.txt (exe3/parent-child-chunked-text/US/children/child_chunk_5219.txt),0.7266,2025
soft_decay,us,What is the latest official position regarding legislation on the protection of veterans?,recency,8,DENSE,parentSon,exe3/clean-text/US/2025-10-27.txt (exe3/parent-child-chunked-text/US/children/child_chunk_5182.txt),0.7181,2025
soft_decay,us,What is the latest official position regarding legislation on the protection of veterans?,recency,8,DENSE,parentSon,exe3/clean-text/US/2025-10-20.txt (exe3/parent-child-chunked-text/US/children/child_chunk_5144.txt),0.7176,2025
soft_decay,us,What is the latest official position regarding legislation on the protection of veterans?,recency,8,DENSE,parentSon,exe3/clean-text/US/2025-10-22.txt (exe3/parent-child-chunked-text/US/children/child_chunk_5158.txt),0.7169,2025
soft_decay,us,What is the latest official position regarding legislation on the protection of veterans?,recency,8,DENSE,parentSon,exe3/clean-text/US/2025-10-31.txt (exe3/parent-child-chunked-text/US/children/child_chunk_5213.txt),0.7152,2025
soft_decay,us,how did the prime minister/president's rhetoric regarding the war between israel and hamas/gaza change between his first and last speech?,evolution,8,DENSE,parentSon,exe3/clean-text/US/2025-10-31.txt (exe3/parent-child-chunked-text/US/children/child_chunk_5203.txt),0.8351,2025
soft_decay,us,how did the prime minister/president's rhetoric regarding the war between israel and hamas/gaza change between his first and last speech?,evolution,8,DENSE,parentSon,exe3/clean-text/US/2025-10-31.txt (exe3/parent-child-chunked-text/US/children/child_chunk_5219.txt),0.8325,2025
soft_decay,us,how did the prime minister/president's rhetoric regarding the war between israel and hamas/gaza change between his first and last speech?,evolution,8,DENSE,parentSon,exe3/clean-text/US/2025-10-28.txt (exe3/parent-child-chunked-text/US/children/child_chunk_5187.txt),0.8248,2025
soft_decay,us,how did the prime minister/president's rhetoric regarding the war between israel and hamas/gaza change between his first and last speech?,evolution,8,DENSE,parentSon,exe3/clean-text/US/2025-10-28.txt (exe3/parent-child-chunked-text/US/children/child_chunk_5185.txt),0.8205,2025
soft_decay,us,how did the prime minister/president's rhetoric regarding the war between israel and hamas/gaza change between his first and last speech?,evolution,8,DENSE,parentSon,exe3/clean-text/US/2025-10-28.txt (exe3/parent-child-chunked-text/US/children/child_chunk_5200.txt),0.8178,2025
soft_decay,us,how did the prime minister/president's rhetoric regarding the war between israel and hamas/gaza change between his first and last speech?,evolution,8,DENSE,parentSon,exe3/clean-text/US/2025-10-31.txt (exe3/parent-child-chunked-text/US/children/child_chunk_5204.txt),0.8172,2025
soft_decay,us,how did the prime minister/president's rhetoric regarding the war between israel and hamas/gaza change between his first and last speech?,evolution,8,DENSE,parentSon,exe3/clean-text/US/2025-10-28.txt (exe3/parent-child-chunked-text/US/children/child_chunk_5194.txt),0.817,2025
soft_decay,us,how did the prime minister/president's rhetoric regarding the war between israel and hamas/gaza change between his first and last speech?,evolution,8,DENSE,parentSon,exe3/clean-text/US/2025-10-28.txt (exe3/parent-child-chunked-text/US/children/child_chunk_5192.txt),0.8148,2025
soft_decay,us,How has the approach to the restoration and maintenance of local and community infrastructure changed between late 2023 and late 2024?,evolution,8,DENSE,parentSon,exe3/clean-text/US/2024-02-28.txt (exe3/parent-child-chunked-text/US/children/child_chunk_1458.txt),0.8866,2024
soft_decay,us,How has the approach to the restoration and maintenance of local and community infrastructure changed between late 2023 and late 2024?,evolution,8,DENSE,parentSon,exe3/clean-text/US/2025-10-17.txt (exe3/parent-child-chunked-text/US/children/child_chunk_5126.txt),0.8851,2025
soft_decay,us,How has the approach to the restoration and maintenance of local and community infrastructure changed between late 2023 and late 2024?,evolution,8,DENSE,parentSon,exe3/clean-text/US/2024-02-26.txt (exe3/parent-child-chunked-text/US/children/child_chunk_1433.txt),0.8846,2024
soft_decay,us,How has the approach to the restoration and maintenance of local and community infrastructure changed between late 2023 and late 2024?,evolution,8,DENSE,parentSon,exe3/clean-text/US/2024-02-05.txt (exe3/parent-child-chunked-text/US/children/child_chunk_1261.txt),0.884,2024
soft_decay,us,How has the approach to the restoration and maintenance of local and community infrastructure changed between late 2023 and late 2024?,evolution,8,DENSE,parentSon,exe3/clean-text/US/2024-02-28.txt (exe3/parent-child-chunked-text/US/children/child_chunk_1463.txt),0.8838,2024
soft_decay,us,How has the approach to the restoration and maintenance of local and community infrastructure changed between late 2023 and late 2024?,evolution,8,DENSE,parentSon,exe3/clean-text/US/2024-02-13.txt (exe3/parent-child-chunked-text/US/children/child_chunk_1333.txt),0.8837,2024
soft_decay,us,How has the approach to the restoration and maintenance of local and community infrastructure changed between late 2023 and late 2024?,evolution,8,DENSE,parentSon,exe3/clean-text/US/2024-05-10.txt (exe3/parent-child-chunked-text/US/children/child_chunk_2063.txt),0.8828,2024
soft_decay,us,How has the approach to the restoration and maintenance of local and community infrastructure changed between late 2023 and late 2024?,evolution,8,DENSE,parentSon,exe3/clean-text/US/2024-02-28.txt (exe3/parent-child-chunked-text/US/children/child_chunk_1459.txt),0.8823,2024
soft_decay,us,who is the minister of defense/secretary of defense?,ambiguity,8,DENSE,parentSon,exe3/clean-text/US/2025-10-29.txt (exe3/parent-child-chunked-text/US/children/child_chunk_5202.txt),0.8305,2025
soft_decay,us,who is the minister of defense/secretary of defense?,ambiguity,8,DENSE,parentSon,exe3/clean-text/US/2025-10-31.txt (exe3/parent-child-chunked-text/US/children/child_chunk_5219.txt),0.8255,2025
soft_decay,us,who is the minister of defense/secretary of defense?,ambiguity,8,DENSE,parentSon,exe3/clean-text/US/2025-10-29.txt (exe3/parent-child-chunked-text/US/children/child_chunk_5201.txt),0.8229,2025
soft_decay,us,who is the minister of defense/secretary of defense?,ambiguity,8,DENSE,parentSon,exe3/clean-text/US/2025-10-28.txt (exe3/parent-child-chunked-text/US/children/child_chunk_5187.txt),0.82,2025
soft_decay,us,who is the minister of defense/secretary of defense?,ambiguity,8,DENSE,parentSon,exe3/clean-text/US/2025-10-22.txt (exe3/parent-child-chunked-text/US/children/child_chunk_5158.txt),0.8161,2025
soft_decay,us,who is the minister of defense/secretary of defense?,ambiguity,8,DENSE,parentSon,exe3/clean-text/US/2025-10-27.txt (exe3/parent-child-chunked-text/US/children/child_chunk_5183.txt),0.8141,2025
soft_decay,us,who is the minister of defense/secretary of defense?,ambiguity,8,DENSE,parentSon,exe3/clean-text/US/2025-10-31.txt (exe3/parent-child-chunked-text/US/children/child_chunk_5218.txt),0.8076,2025
soft_decay,us,who is the minister of defense/secretary of defense?,ambiguity,8,DENSE,parentSon,exe3/clean-text/US/2025-10-28.txt (exe3/parent-child-chunked-text/US/children/child_chunk_5185.txt),0.8069,2025
soft_decay,us,Who holds the position responsible for Rural Development?,ambiguity,8,DENSE,parentSon,exe3/clean-text/US/2025-10-31.txt (exe3/parent-child-chunked-text/US/children/child_chunk_5208.txt),0.8027,2025
soft_decay,us,Who holds the position responsible for Rural Development?,ambiguity,8,DENSE,parentSon,exe3/clean-text/US/2025-10-31.txt (exe3/parent-child-chunked-text/US/children/child_chunk_5207.txt),0.8022,2025
soft_decay,us,Who holds the position responsible for Rural Development?,ambiguity,8,DENSE,parentSon,exe3/clean-text/US/2025-10-31.txt (exe3/parent-child-chunked-text/US/children/child_chunk_5214.txt),0.7911,2025
soft_decay,us,Who holds the position responsible for Rural Development?,ambiguity,8,DENSE,parentSon,exe3/clean-text/US/2025-10-28.txt (exe3/parent-child-chunked-text/US/children/child_chunk_5185.txt),0.7892,2025
soft_decay,us,Who holds the position responsible for Rural Development?,ambiguity,8,DENSE,parentSon,exe3/clean-text/US/2025-10-31.txt (exe3/parent-child-chunked-text/US/children/child_chunk_5210.txt),0.7845,2025
soft_decay,us,Who holds the position responsible for Rural Development?,ambiguity,8,DENSE,parentSon,exe3/clean-text/US/2025-10-31.txt (exe3/parent-child-chunked-text/US/children/child_chunk_5219.txt),0.7827,2025
soft_decay,us,Who holds the position responsible for Rural Development?,ambiguity,8,DENSE,parentSon,exe3/clean-text/US/2025-10-31.txt (exe3/parent-child-chunked-text/US/children/child_chunk_5206.txt),0.7823,2025
soft_decay,us,Who holds the position responsible for Rural Development?,ambiguity,8,DENSE,parentSon,exe3/clean-text/US/2025-10-31.txt (exe3/parent-child-chunked-text/US/children/child_chunk_5205.txt),0.7818,2025
soft_decay,us,what was the specific budget allocated to security in 2024?,hard_filter,8,BM25,fixed,exe3/clean-text/US/2024-12-09.txt (exe3/chunked-text/US/chunk_1627.txt),24.8637,2024
soft_decay,us,what was the specific budget allocated to security in 2024?,hard_filter,8,BM25,fixed,exe3/clean-text/US/2023-10-02.txt (exe3/chunked-text/US/chunk_277.txt),21.8874,2023
soft_decay,us,what was the specific budget allocated to security in 2024?,hard_filter,8,BM25,fixed,exe3/clean-text/US/2024-05-15.txt (exe3/chunked-text/US/chunk_936.txt),21.3131,2024
soft_decay,us,what was the specific budget allocated to security in 2024?,hard_filter,8,BM25,fixed,exe3/clean-text/US/2024-05-20.txt (exe3/chunked-text/US/chunk_952.txt),20.2962,2024
soft_decay,us,what was the specific budget allocated to security in 2024?,hard_filter,8,BM25,fixed,exe3/clean-text/US/2024-04-10.txt (exe3/chunked-text/US/chunk_802.txt),19.3301,2024
soft_decay,us,what was the specific budget allocated to security in 2024?,hard_filter,8,BM25,fixed,exe3/clean-text/US/2024-09-24.txt (exe3/chunked-text/US/chunk_1393.txt),18.9365,2024
soft_decay,us,what was the specific budget allocated to security in 2024?,hard_filter,8,BM25,fixed,exe3/clean-text/US/2024-02-28.txt (exe3/chunked-text/US/chunk_654.txt),18.2576,2024
soft_decay,us,what was the specific budget allocated to security in 2024?,hard_filter,8,BM25,fixed,exe3/clean-text/US/2024-05-23.txt (exe3/chunked-text/US/chunk_974.txt),17.9147,2024
soft_decay,us,What was the specific amount allocated to support the public sector for National Insurance costs in 2025?,hard_filter,8,BM25,fixed,exe3/clean-text/US/2025-05-20.txt (exe3/chunked-text/US/chunk_1882.txt),29.1097,2025
soft_decay,us,What was the specific amount allocated to support the public sector for National Insurance costs in 2025?,hard_filter,8,BM25,fixed,exe3/clean-text/US/2024-12-09.txt (exe3/chunked-text/US/chunk_1627.txt),25.4044,2024
soft_decay,us,What was the specific amount allocated to support the public sector for National Insurance costs in 2025?,hard_filter,8,BM25,fixed,exe3/clean-text/US/2024-08-13.txt (exe3/chunked-text/US/chunk_1239.txt),24.5765,2024
soft_decay,us,What was the specific amount allocated to support the public sector for National Insurance costs in 2025?,hard_filter,8,BM25,fixed,exe3/clean-text/US/2024-05-15.txt (exe3/chunked-text/US/chunk_940.txt),23.4817,2024
soft_decay,us,What was the specific amount allocated to support the public sector for National Insurance costs in 2025?,hard_filter,8,BM25,fixed,exe3/clean-text/US/2025-05-07.txt (exe3/chunked-text/US/chunk_1834.txt),23.4132,2025
soft_decay,us,What was the specific amount allocated to support the public sector for National Insurance costs in 2025?,hard_filter,8,BM25,fixed,exe3/clean-text/US/2024-07-08.txt (exe3/chunked-text/US/chunk_1128.txt),23.1939,2024
soft_decay,us,What was the specific amount allocated to support the public sector for National Insurance costs in 2025?,hard_filter,8,BM25,fixed,exe3/clean-text/US/2025-09-30.txt (exe3/chunked-text/US/chunk_2280.txt),22.3134,2025
soft_decay,us,What was the specific amount allocated to support the public sector for National Insurance costs in 2025?,hard_filter,8,BM25,fixed,exe3/clean-text/US/2025-07-02.txt (exe3/chunked-text/US/chunk_2039.txt),21.4351,2025
soft_decay,us,What is the current official position regarding the State of Israel?,recency,8,BM25,fixed,exe3/clean-text/US/2023-08-15.txt (exe3/chunked-text/US/chunk_147.txt),40.385,2023
soft_decay,us,What is the current official position regarding the State of Israel?,recency,8,BM25,fixed,exe3/clean-text/US/2025-10-06.txt (exe3/chunked-text/US/chunk_2302.txt),37.3361,2025
soft_decay,us,What is the current official position regarding the State of Israel?,recency,8,BM25,fixed,exe3/clean-text/US/2025-10-08.txt (exe3/chunked-text/US/chunk_2309.txt),35.591,2025
soft_decay,us,What is the current official position regarding the State of Israel?,recency,8,BM25,fixed,exe3/clean-text/US/2025-10-15.txt (exe3/chunked-text/US/chunk_2324.txt),33.0297,2025
soft_decay,us,What is the current official position regarding the State of Israel?,recency,8,BM25,fixed,exe3/clean-text/US/2024-09-17.txt (exe3/chunked-text/US/chunk_1349.txt),32.9266,2024
soft_decay,us,What is the current official position regarding the State of Israel?,recency,8,BM25,fixed,exe3/clean-text/US/2024-10-22.txt (exe3/chunked-text/US/chunk_1465.txt),31.669,2024
soft_decay,us,What is the current official position regarding the State of Israel?,recency,8,BM25,fixed,exe3/clean-text/US/2023-12-01.txt (exe3/chunked-text/US/chunk_481.txt),30.7025,2023
soft_decay,us,What is the current official position regarding the State of Israel?,recency,8,BM25,fixed,exe3/clean-text/US/2023-07-12.txt (exe3/chunked-text/US/chunk_32.txt),30.646,2023
soft_decay,us,What is the current official position regarding Hamas/Gaza?,recency,8,BM25,fixed,exe3/clean-text/US/2024-09-17.txt (exe3/chunked-text/US/chunk_1350.txt),52.2107,2024
soft_decay,us,What is the current official position regarding Hamas/Gaza?,recency,8,BM25,fixed,exe3/clean-text/US/2023-08-15.txt (exe3/chunked-text/US/chunk_147.txt),40.385,2023
soft_decay,us,What is the current official position regarding Hamas/Gaza?,recency,8,BM25,fixed,exe3/clean-text/US/2023-10-12.txt (exe3/chunked-text/US/chunk_310.txt),39.3374,2023
soft_decay,us,What is the current official position regarding Hamas/Gaza?,recency,8,BM25,fixed,exe3/clean-text/US/2024-07-11.txt (exe3/chunked-text/US/chunk_1152.txt),38.2529,2024
soft_decay,us,What is the current official position regarding Hamas/Gaza?,recency,8,BM25,fixed,exe3/clean-text/US/2025-10-06.txt (exe3/chunked-text/US/chunk_2302.txt),37.3361,2025
soft_decay,us,What is the current official position regarding Hamas/Gaza?,recency,8,BM25,fixed,exe3/clean-text/US/2024-09-17.txt (exe3/chunked-text/US/chunk_1351.txt),36.4653,2024
soft_decay,us,What is the current official position regarding Hamas/Gaza?,recency,8,BM25,fixed,exe3/clean-text/US/2025-10-08.txt (exe3/chunked-text/US/chunk_2309.txt),34.9821,2025
soft_decay,us,What is the current official position regarding Hamas/Gaza?,recency,8,BM25,fixed,exe3/clean-text/US/2025-05-05.txt (exe3/chunked-text/US/chunk_1822.txt),34.5712,2025
soft_decay,us,Was the official position in the last quarter of 2023 supportive of the State of Israel?,recency,8,BM25,fixed,exe3/clean-text/US/2023-07-27.txt (exe3/chunked-text/US/chunk_100.txt),48.9103,2023
soft_decay,us,Was the official position in the last quarter of 2023 supportive of the State of Israel?,recency,8,BM25,fixed,exe3/clean-text/US/2024-11-05.txt (exe3/chunked-text/US/chunk_1502.txt),41.209,2024
soft_decay,us,Was the official position in the last quarter of 2023 supportive of the State of Israel?,recency,8,BM25,fixed,exe3/clean-text/US/2024-09-17.txt (exe3/chunked-text/US/chunk_1350.txt),37.7627,2024
soft_decay,us,Was the official position in the last quarter of 2023 supportive of the State of Israel?,recency,8,BM25,fixed,exe3/clean-text/US/2024-06-14.txt (exe3/chunked-text/US/chunk_1058.txt),37.4738,2024
soft_decay,us,Was the official position in the last quarter of 2023 supportive of the State of Israel?,recency,8,BM25,fixed,exe3/clean-text/US/2024-09-25.txt (exe3/chunked-text/US/chunk_1403.txt),36.2515,2024
soft_decay,us,Was the official position in the last quarter of 2023 supportive of the State of Israel?,recency,8,BM25,fixed,exe3/clean-text/US/2024-06-14.txt (exe3/chunked-text/US/chunk_1059.txt),32.9294,2024
soft_decay,us,Was the official position in the last quarter of 2023 supportive of the State of Israel?,recency,8,BM25,fixed,exe3/clean-text/US/2024-11-05.txt (exe3/chunked-text/US/chunk_1503.txt),32.787,2024
soft_decay,us,Was the official position in the last quarter of 2023 supportive of the State of Israel?,recency,8,BM25,fixed,exe3/clean-text/US/2024-10-22.txt (exe3/chunked-text/US/chunk_1465.txt),31.852,2024
soft_decay,us,Was the official position in the last quarter of 2023 supportive of Hamas/Gaza?,recency,8,BM25,fixed,exe3/clean-text/US/2024-09-17.txt (exe3/chunked-text/US/chunk_1350.txt),60.118,2024
soft_decay,us,Was the official position in the last quarter of 2023 supportive of Hamas/Gaza?,recency,8,BM25,fixed,exe3/clean-text/US/2024-11-05.txt (exe3/chunked-text/US/chunk_1502.txt),41.209,2024
soft_decay,us,Was the official position in the last quarter of 2023 supportive of Hamas/Gaza?,recency,8,BM25,fixed,exe3/clean-text/US/2023-10-12.txt (exe3/chunked-text/US/chunk_310.txt),38.7629,2023
soft_decay,us,Was the official position in the last quarter of 2023 supportive of Hamas/Gaza?,recency,8,BM25,fixed,exe3/clean-text/US/2024-07-11.txt (exe3/chunked-text/US/chunk_1152.txt),38.4241,2024
soft_decay,us,Was the official position in the last quarter of 2023 supportive of Hamas/Gaza?,recency,8,BM25,fixed,exe3/clean-text/US/2024-06-14.txt (exe3/chunked-text/US/chunk_1058.txt),37.4738,2024
soft_decay,us,Was the official position in the last quarter of 2023 supportive of Hamas/Gaza?,recency,8,BM25,fixed,exe3/clean-text/US/2024-09-17.txt (exe3/chunked-text/US/chunk_1351.txt),36.6377,2024
soft_decay,us,Was the official position in the last quarter of 2023 supportive of Hamas/Gaza?,recency,8,BM25,fixed,exe3/clean-text/US/2024-09-25.txt (exe3/chunked-text/US/chunk_1403.txt),36.2515,2024
soft_decay,us,Was the official position in the last quarter of 2023 supportive of Hamas/Gaza?,recency,8,BM25,fixed,exe3/clean-text/US/2025-05-05.txt (exe3/chunked-text/US/chunk_1822.txt),34.1403,2025
soft_decay,us,Has the official position in the last quarter of 2023 changed relative to the official position in the last quarter of 2025?,recency,8,BM25,fixed,exe3/clean-text/US/2024-02-07.txt (exe3/chunked-text/US/chunk_576.txt),42.2149,2024
soft_decay,us,Has the official position in the last quarter of 2023 changed relative to the official position in the last quarter of 2025?,recency,8,BM25,fixed,exe3/clean-text/US/2024-09-25.txt (exe3/chunked-text/US/chunk_1403.txt),41.0413,2024
soft_decay,us,Has the official position in the last quarter of 2023 changed relative to the official position in the last quarter of 2025?,recency,8,BM25,fixed,exe3/clean-text/US/2025-04-08.txt (exe3/chunked-text/US/chunk_1745.txt),39.9382,2025
soft_decay,us,Has the official position in the last quarter of 2023 changed relative to the official position in the last quarter of 2025?,recency,8,BM25,fixed,exe3/clean-text/US/2023-08-15.txt (exe3/chunked-text/US/chunk_147.txt),35.9604,2023
soft_decay,us,Has the official position in the last quarter of 2023 changed relative to the official position in the last quarter of 2025?,recency,8,BM25,fixed,exe3/clean-text/US/2024-09-18.txt (exe3/chunked-text/US/chunk_1355.txt),35.6212,2024
soft_decay,us,Has the official position in the last quarter of 2023 changed relative to the official position in the last quarter of 2025?,recency,8,BM25,fixed,exe3/clean-text/US/2025-05-29.txt (exe3/chunked-text/US/chunk_1905.txt),34.8751,2025
soft_decay,us,Has the official position in the last quarter of 2023 changed relative to the official position in the last quarter of 2025?,recency,8,BM25,fixed,exe3/clean-text/US/2023-12-11.txt (exe3/chunked-text/US/chunk_511.txt),34.0307,2023
soft_decay,us,Has the official position in the last quarter of 2023 changed relative to the official position in the last quarter of 2025?,recency,8,BM25,fixed,exe3/clean-text/US/2024-06-04.txt (exe3/chunked-text/US/chunk_1018.txt),34.0221,2024
soft_decay,us,What is the latest official position regarding legislation on the protection of veterans?,recency,8,BM25,fixed,exe3/clean-text/US/2025-10-20.txt (exe3/chunked-text/US/chunk_2335.txt),49.165,2025
soft_decay,us,What is the latest official position regarding legislation on the protection of veterans?,recency,8,BM25,fixed,exe3/clean-text/US/2025-10-06.txt (exe3/chunked-text/US/chunk_2302.txt),47.377,2025
soft_decay,us,What is the latest official position regarding legislation on the protection of veterans?,recency,8,BM25,fixed,exe3/clean-text/US/2025-07-28.txt (exe3/chunked-text/US/chunk_2110.txt),46.3785,2025
soft_decay,us,What is the latest official position regarding legislation on the protection of veterans?,recency,8,BM25,fixed,exe3/clean-text/US/2025-10-08.txt (exe3/chunked-text/US/chunk_2309.txt),44.2125,2025
soft_decay,us,What is the latest official position regarding legislation on the protection of veterans?,recency,8,BM25,fixed,exe3/clean-text/US/2025-07-29.txt (exe3/chunked-text/US/chunk_2119.txt),43.421,2025
soft_decay,us,What is the latest official position regarding legislation on the protection of veterans?,recency,8,BM25,fixed,exe3/clean-text/US/2025-05-19.txt (exe3/chunked-text/US/chunk_1880.txt),41.0728,2025
soft_decay,us,What is the latest official position regarding legislation on the protection of veterans?,recency,8,BM25,fixed,exe3/clean-text/US/2025-10-15.txt (exe3/chunked-text/US/chunk_2324.txt),40.8701,2025
soft_decay,us,What is the latest official position regarding legislation on the protection of veterans?,recency,8,BM25,fixed,exe3/clean-text/US/2025-05-14.txt (exe3/chunked-text/US/chunk_1863.txt),39.3031,2025
soft_decay,us,how did the prime minister/president's rhetoric regarding the war between israel and hamas/gaza change between his first and last speech?,evolution,8,BM25,fixed,exe3/clean-text/US/2024-07-11.txt (exe3/chunked-text/US/chunk_1152.txt),78.6509,2024
soft_decay,us,how did the prime minister/president's rhetoric regarding the war between israel and hamas/gaza change between his first and last speech?,evolution,8,BM25,fixed,exe3/clean-text/US/2024-09-17.txt (exe3/chunked-text/US/chunk_1350.txt),77.7958,2024
soft_decay,us,how did the prime minister/president's rhetoric regarding the war between israel and hamas/gaza change between his first and last speech?,evolution,8,BM25,fixed,exe3/clean-text/US/2023-10-12.txt (exe3/chunked-text/US/chunk_310.txt),66.0545,2023
soft_decay,us,how did the prime minister/president's rhetoric regarding the war between israel and hamas/gaza change between his first and last speech?,evolution,8,BM25,fixed,exe3/clean-text/US/2025-05-05.txt (exe3/chunked-text/US/chunk_1822.txt),62.8514,2025
soft_decay,us,how did the prime minister/president's rhetoric regarding the war between israel and hamas/gaza change between his first and last speech?,evolution,8,BM25,fixed,exe3/clean-text/US/2024-09-17.txt (exe3/chunked-text/US/chunk_1351.txt),62.5874,2024
soft_decay,us,how did the prime minister/president's rhetoric regarding the war between israel and hamas/gaza change between his first and last speech?,evolution,8,BM25,fixed,exe3/clean-text/US/2024-07-11.txt (exe3/chunked-text/US/chunk_1151.txt),56.2745,2024
soft_decay,us,how did the prime minister/president's rhetoric regarding the war between israel and hamas/gaza change between his first and last speech?,evolution,8,BM25,fixed,exe3/clean-text/US/2024-09-17.txt (exe3/chunked-text/US/chunk_1349.txt),51.3491,2024
soft_decay,us,how did the prime minister/president's rhetoric regarding the war between israel and hamas/gaza change between his first and last speech?,evolution,8,BM25,fixed,exe3/clean-text/US/2024-08-06.txt (exe3/chunked-text/US/chunk_1220.txt),49.0341,2024
soft_decay,us,How has the approach to the restoration and maintenance of local and community infrastructure changed between late 2023 and late 2024?,evolution,8,BM25,fixed,exe3/clean-text/US/2023-10-26.txt (exe3/chunked-text/US/chunk_376.txt),65.4454,2023
soft_decay,us,How has the approach to the restoration and maintenance of local and community infrastructure changed between late 2023 and late 2024?,evolution,8,BM25,fixed,exe3/clean-text/US/2024-02-26.txt (exe3/chunked-text/US/chunk_642.txt),56.0578,2024
soft_decay,us,How has the approach to the restoration and maintenance of local and community infrastructure changed between late 2023 and late 2024?,evolution,8,BM25,fixed,exe3/clean-text/US/2025-08-01.txt (exe3/chunked-text/US/chunk_2127.txt),46.3897,2025
soft_decay,us,How has the approach to the restoration and maintenance of local and community infrastructure changed between late 2023 and late 2024?,evolution,8,BM25,fixed,exe3/clean-text/US/2024-08-20.txt (exe3/chunked-text/US/chunk_1253.txt),45.0632,2024
soft_decay,us,How has the approach to the restoration and maintenance of local and community infrastructure changed between late 2023 and late 2024?,evolution,8,BM25,fixed,exe3/clean-text/US/2024-06-04.txt (exe3/chunked-text/US/chunk_1013.txt),44.2334,2024
soft_decay,us,How has the approach to the restoration and maintenance of local and community infrastructure changed between late 2023 and late 2024?,evolution,8,BM25,fixed,exe3/clean-text/US/2025-04-17.txt (exe3/chunked-text/US/chunk_1769.txt),43.9785,2025
soft_decay,us,How has the approach to the restoration and maintenance of local and community infrastructure changed between late 2023 and late 2024?,evolution,8,BM25,fixed,exe3/clean-text/US/2024-04-17.txt (exe3/chunked-text/US/chunk_838.txt),43.5271,2024
soft_decay,us,How has the approach to the restoration and maintenance of local and community infrastructure changed between late 2023 and late 2024?,evolution,8,BM25,fixed,exe3/clean-text/US/2023-11-29.txt (exe3/chunked-text/US/chunk_470.txt),43.4259,2023
soft_decay,us,who is the minister of defense/secretary of defense?,ambiguity,8,BM25,fixed,exe3/clean-text/US/2024-05-01.txt (exe3/chunked-text/US/chunk_894.txt),38.3117,2024
soft_decay,us,who is the minister of defense/secretary of defense?,ambiguity,8,BM25,fixed,exe3/clean-text/US/2024-12-09.txt (exe3/chunked-text/US/chunk_1627.txt),37.7138,2024
soft_decay,us,who is the minister of defense/secretary of defense?,ambiguity,8,BM25,fixed,exe3/clean-text/US/2025-06-30.txt (exe3/chunked-text/US/chunk_2031.txt),37.6357,2025
soft_decay,us,who is the minister of defense/secretary of defense?,ambiguity,8,BM25,fixed,exe3/clean-text/US/2025-04-03.txt (exe3/chunked-text/US/chunk_1735.txt),36.8006,2025
soft_decay,us,who is the minister of defense/secretary of defense?,ambiguity,8,BM25,fixed,exe3/clean-text/US/2024-04-15.txt (exe3/chunked-text/US/chunk_827.txt),36.3205,2024
soft_decay,us,who is the minister of defense/secretary of defense?,ambiguity,8,BM25,fixed,exe3/clean-text/US/2025-06-25.txt (exe3/chunked-text/US/chunk_2013.txt),35.9943,2025
soft_decay,us,who is the minister of defense/secretary of defense?,ambiguity,8,BM25,fixed,exe3/clean-text/US/2024-06-03.txt (exe3/chunked-text/US/chunk_1010.txt),35.1014,2024
soft_decay,us,who is the minister of defense/secretary of defense?,ambiguity,8,BM25,fixed,exe3/clean-text/US/2025-06-26.txt (exe3/chunked-text/US/chunk_2018.txt),34.7839,2025
soft_decay,us,Who holds the position responsible for Rural Development?,ambiguity,8,BM25,fixed,exe3/clean-text/US/2025-09-03.txt (exe3/chunked-text/US/chunk_2195.txt),50.2738,2025
soft_decay,us,Who holds the position responsible for Rural Development?,ambiguity,8,BM25,fixed,exe3/clean-text/US/2024-02-28.txt (exe3/chunked-text/US/chunk_656.txt),50.2679,2024
soft_decay,us,Who holds the position responsible for Rural Development?,ambiguity,8,BM25,fixed,exe3/clean-text/US/2024-09-09.txt (exe3/chunked-text/US/chunk_1300.txt),41.007,2024
soft_decay,us,Who holds the position responsible for Rural Development?,ambiguity,8,BM25,fixed,exe3/clean-text/US/2025-06-17.txt (exe3/chunked-text/US/chunk_1976.txt),39.5374,2025
soft_decay,us,Who holds the position responsible for Rural Development?,ambiguity,8,BM25,fixed,exe3/clean-text/US/2025-10-21.txt (exe3/chunked-text/US/chunk_2339.txt),37.0709,2025
soft_decay,us,Who holds the position responsible for Rural Development?,ambiguity,8,BM25,fixed,exe3/clean-text/US/2025-07-21.txt (exe3/chunked-text/US/chunk_2079.txt),36.0846,2025
soft_decay,us,Who holds the position responsible for Rural Development?,ambiguity,8,BM25,fixed,exe3/clean-text/US/2025-06-17.txt (exe3/chunked-text/US/chunk_1975.txt),34.1519,2025
soft_decay,us,Who holds the position responsible for Rural Development?,ambiguity,8,BM25,fixed,exe3/clean-text/US/2025-08-19.txt (exe3/chunked-text/US/chunk_2163.txt),32.664,2025
soft_decay,us,what was the specific budget allocated to security in 2024?,hard_filter,8,BM25,parentSon,exe3/clean-text/US/2024-12-09.txt (exe3/parent-child-chunked-text/US/children/child_chunk_3606.txt),37.1002,2024
soft_decay,us,what was the specific budget allocated to security in 2024?,hard_filter,8,BM25,parentSon,exe3/clean-text/US/2024-05-15.txt (exe3/parent-child-chunked-text/US/children/child_chunk_2085.txt),31.035,2024
soft_decay,us,what was the specific budget allocated to security in 2024?,hard_filter,8,BM25,parentSon,exe3/clean-text/US/2023-10-02.txt (exe3/parent-child-chunked-text/US/children/child_chunk_620.txt),29.4528,2023
soft_decay,us,what was the specific budget allocated to security in 2024?,hard_filter,8,BM25,parentSon,exe3/clean-text/US/2024-04-15.txt (exe3/parent-child-chunked-text/US/children/child_chunk_1845.txt),29.0657,2024
soft_decay,us,what was the specific budget allocated to security in 2024?,hard_filter,8,BM25,parentSon,exe3/clean-text/US/2024-04-10.txt (exe3/parent-child-chunked-text/US/children/child_chunk_1789.txt),27.1797,2024
soft_decay,us,what was the specific budget allocated to security in 2024?,hard_filter,8,BM25,parentSon,exe3/clean-text/US/2024-05-20.txt (exe3/parent-child-chunked-text/US/children/child_chunk_2119.txt),27.0395,2024
soft_decay,us,what was the specific budget allocated to security in 2024?,hard_filter,8,BM25,parentSon,exe3/clean-text/US/2024-05-08.txt (exe3/parent-child-chunked-text/US/children/child_chunk_2042.txt),26.8124,2024
soft_decay,us,what was the specific budget allocated to security in 2024?,hard_filter,8,BM25,parentSon,exe3/clean-text/US/2024-05-08.txt (exe3/parent-child-chunked-text/US/children/child_chunk_2037.txt),26.5884,2024
soft_decay,us,What was the specific amount allocated to support the public sector for National Insurance costs in 2025?,hard_filter,8,BM25,parentSon,exe3/clean-text/US/2025-05-20.txt (exe3/parent-child-chunked-text/US/children/child_chunk_4164.txt),42.7261,2025
soft_decay,us,What was the specific amount allocated to support the public sector for National Insurance costs in 2025?,hard_filter,8,BM25,parentSon,exe3/clean-text/US/2024-08-13.txt (exe3/parent-child-chunked-text/US/children/child_chunk_2746.txt),38.1901,2024
soft_decay,us,What was the specific amount allocated to support the public sector for National Insurance costs in 2025?,hard_filter,8,BM25,parentSon,exe3/clean-text/US/2024-12-09.txt (exe3/parent-child-chunked-text/US/children/child_chunk_3606.txt),35.9522,2024
soft_decay,us,What was the specific amount allocated to support the public sector for National Insurance costs in 2025?,hard_filter,8,BM25,parentSon,exe3/clean-text/US/2024-07-08.txt (exe3/parent-child-chunked-text/US/children/child_chunk_2511.txt),34.8859,2024
soft_decay,us,What was the specific amount allocated to support the public sector for National Insurance costs in 2025?,hard_filter,8,BM25,parentSon,exe3/clean-text/US/2024-05-01.txt (exe3/parent-child-chunked-text/US/children/child_chunk_1989.txt),34.6435,2024
soft_decay,us,What was the specific amount allocated to support the public sector for National Insurance costs in 2025?,hard_filter,8,BM25,parentSon,exe3/clean-text/US/2024-05-08.txt (exe3/parent-child-chunked-text/US/children/child_chunk_2037.txt),32.6097,2024
soft_decay,us,What was the specific amount allocated to support the public sector for National Insurance costs in 2025?,hard_filter,8,BM25,parentSon,exe3/clean-text/US/2024-08-06.txt (exe3/parent-child-chunked-text/US/children/child_chunk_2705.txt),32.3752,2024
soft_decay,us,What was the specific amount allocated to support the public sector for National Insurance costs in 2025?,hard_filter,8,BM25,parentSon,exe3/clean-text/US/2025-05-01.txt (exe3/parent-child-chunked-text/US/children/child_chunk_4016.txt),31.9455,2025
soft_decay,us,What is the current official position regarding the State of Israel?,recency,8,BM25,parentSon,exe3/clean-text/US/2023-08-15.txt (exe3/parent-child-chunked-text/US/children/child_chunk_326.txt),51.0263,2023
soft_decay,us,What is the current official position regarding the State of Israel?,recency,8,BM25,parentSon,exe3/clean-text/US/2025-10-20.txt (exe3/parent-child-chunked-text/US/children/child_chunk_5144.txt),45.5436,2025
soft_decay,us,What is the current official position regarding the State of Israel?,recency,8,BM25,parentSon,exe3/clean-text/US/2025-10-06.txt (exe3/parent-child-chunked-text/US/children/child_chunk_5070.txt),44.5229,2025
soft_decay,us,What is the current official position regarding the State of Israel?,recency,8,BM25,parentSon,exe3/clean-text/US/2025-10-08.txt (exe3/parent-child-chunked-text/US/children/child_chunk_5086.txt),43.1603,2025
soft_decay,us,What is the current official position regarding the State of Israel?,recency,8,BM25,parentSon,exe3/clean-text/US/2025-10-15.txt (exe3/parent-child-chunked-text/US/children/child_chunk_5119.txt),43.0674,2025
soft_decay,us,What is the current official position regarding the State of Israel?,recency,8,BM25,parentSon,exe3/clean-text/US/2024-09-17.txt (exe3/parent-child-chunked-text/US/children/child_chunk_2986.txt),42.3111,2024
soft_decay,us,What is the current official position regarding the State of Israel?,recency,8,BM25,parentSon,exe3/clean-text/US/2024-09-10.txt (exe3/parent-child-chunked-text/US/children/child_chunk_2903.txt),40.4374,2024
soft_decay,us,What is the current official position regarding the State of Israel?,recency,8,BM25,parentSon,exe3/clean-text/US/2023-12-01.txt (exe3/parent-child-chunked-text/US/children/child_chunk_1073.txt),40.3707,2023
soft_decay,us,What is the current official position regarding Hamas/Gaza?,recency,8,BM25,parentSon,exe3/clean-text/US/2024-09-17.txt (exe3/parent-child-chunked-text/US/children/child_chunk_2988.txt),51.9228,2024
soft_decay,us,What is the current official position regarding Hamas/Gaza?,recency,8,BM25,parentSon,exe3/clean-text/US/2023-08-15.txt (exe3/parent-child-chunked-text/US/children/child_chunk_326.txt),51.0263,2023
soft_decay,us,What is the current official position regarding Hamas/Gaza?,recency,8,BM25,parentSon,exe3/clean-text/US/2024-09-17.txt (exe3/parent-child-chunked-text/US/children/child_chunk_2989.txt),50.0362,2024
soft_decay,us,What is the current official position regarding Hamas/Gaza?,recency,8,BM25,parentSon,exe3/clean-text/US/2024-07-11.txt (exe3/parent-child-chunked-text/US/children/child_chunk_2562.txt),44.7468,2024
soft_decay,us,What is the current official position regarding Hamas/Gaza?,recency,8,BM25,parentSon,exe3/clean-text/US/2025-10-06.txt (exe3/parent-child-chunked-text/US/children/child_chunk_5070.txt),44.5229,2025
soft_decay,us,What is the current official position regarding Hamas/Gaza?,recency,8,BM25,parentSon,exe3/clean-text/US/2025-10-20.txt (exe3/parent-child-chunked-text/US/children/child_chunk_5144.txt),44.0994,2025
soft_decay,us,What is the current official position regarding Hamas/Gaza?,recency,8,BM25,parentSon,exe3/clean-text/US/2025-10-08.txt (exe3/parent-child-chunked-text/US/children/child_chunk_5086.txt),41.8065,2025
soft_decay,us,What is the current official position regarding Hamas/Gaza?,recency,8,BM25,parentSon,exe3/clean-text/US/2025-10-15.txt (exe3/parent-child-chunked-text/US/children/child_chunk_5119.txt),41.7175,2025
soft_decay,us,Was the official position in the last quarter of 2023 supportive of the State of Israel?,recency,8,BM25,parentSon,exe3/clean-text/US/2023-07-27.txt (exe3/parent-child-chunked-text/US/children/child_chunk_220.txt),59.9503,2023
soft_decay,us,Was the official position in the last quarter of 2023 supportive of the State of Israel?,recency,8,BM25,parentSon,exe3/clean-text/US/2024-09-17.txt (exe3/parent-child-chunked-text/US/children/child_chunk_2987.txt),49.6853,2024
soft_decay,us,Was the official position in the last quarter of 2023 supportive of the State of Israel?,recency,8,BM25,parentSon,exe3/clean-text/US/2024-11-05.txt (exe3/parent-child-chunked-text/US/children/child_chunk_3329.txt),44.497,2024
soft_decay,us,Was the official position in the last quarter of 2023 supportive of the State of Israel?,recency,8,BM25,parentSon,exe3/clean-text/US/2024-06-14.txt (exe3/parent-child-chunked-text/US/children/child_chunk_2357.txt),43.9251,2024
soft_decay,us,Was the official position in the last quarter of 2023 supportive of the State of Israel?,recency,8,BM25,parentSon,exe3/clean-text/US/2024-06-04.txt (exe3/parent-child-chunked-text/US/children/child_chunk_2264.txt),42.6284,2024
soft_decay,us,Was the official position in the last quarter of 2023 supportive of the State of Israel?,recency,8,BM25,parentSon,exe3/clean-text/US/2024-11-05.txt (exe3/parent-child-chunked-text/US/children/child_chunk_3330.txt),41.5773,2024
soft_decay,us,Was the official position in the last quarter of 2023 supportive of the State of Israel?,recency,8,BM25,parentSon,exe3/clean-text/US/2023-11-21.txt (exe3/parent-child-chunked-text/US/children/child_chunk_1013.txt),40.397,2023
soft_decay,us,Was the official position in the last quarter of 2023 supportive of the State of Israel?,recency,8,BM25,parentSon,exe3/clean-text/US/2023-12-11.txt (exe3/parent-child-chunked-text/US/children/child_chunk_1143.txt),39.6965,2023
soft_decay,us,Was the official position in the last quarter of 2023 supportive of Hamas/Gaza?,recency,8,BM25,parentSon,exe3/clean-text/US/2024-09-17.txt (exe3/parent-child-chunked-text/US/children/child_chunk_2988.txt),64.8235,2024
soft_decay,us,Was the official position in the last quarter of 2023 supportive of Hamas/Gaza?,recency,8,BM25,parentSon,exe3/clean-text/US/2024-09-17.txt (exe3/parent-child-chunked-text/US/children/child_chunk_2987.txt),52.1983,2024
soft_decay,us,Was the official position in the last quarter of 2023 supportive of Hamas/Gaza?,recency,8,BM25,parentSon,exe3/clean-text/US/2024-09-17.txt (exe3/parent-child-chunked-text/US/children/child_chunk_2989.txt),50.0142,2024
soft_decay,us,Was the official position in the last quarter of 2023 supportive of Hamas/Gaza?,recency,8,BM25,parentSon,exe3/clean-text/US/2024-07-11.txt (exe3/parent-child-chunked-text/US/children/child_chunk_2562.txt),44.7593,2024
soft_decay,us,Was the official position in the last quarter of 2023 supportive of Hamas/Gaza?,recency,8,BM25,parentSon,exe3/clean-text/US/2024-11-05.txt (exe3/parent-child-chunked-text/US/children/child_chunk_3329.txt),44.497,2024
soft_decay,us,Was the official position in the last quarter of 2023 supportive of Hamas/Gaza?,recency,8,BM25,parentSon,exe3/clean-text/US/2024-06-14.txt (exe3/parent-child-chunked-text/US/children/child_chunk_2357.txt),43.9251,2024
soft_decay,us,Was the official position in the last quarter of 2023 supportive of Hamas/Gaza?,recency,8,BM25,parentSon,exe3/clean-text/US/2024-11-05.txt (exe3/parent-child-chunked-text/US/children/child_chunk_3330.txt),41.5773,2024
soft_decay,us,Was the official position in the last quarter of 2023 supportive of Hamas/Gaza?,recency,8,BM25,parentSon,exe3/clean-text/US/2024-06-04.txt (exe3/parent-child-chunked-text/US/children/child_chunk_2264.txt),41.175,2024
soft_decay,us,Has the official position in the last quarter of 2023 changed relative to the official position in the last quarter of 2025?,recency,8,BM25,parentSon,exe3/clean-text/US/2024-05-28.txt (exe3/parent-child-chunked-text/US/children/child_chunk_2192.txt),56.3162,2024
soft_decay,us,Has the official position in the last quarter of 2023 changed relative to the official position in the last quarter of 2025?,recency,8,BM25,parentSon,exe3/clean-text/US/2024-06-04.txt (exe3/parent-child-chunked-text/US/children/child_chunk_2264.txt),47.9658,2024
soft_decay,us,Has the official position in the last quarter of 2023 changed relative to the official position in the last quarter of 2025?,recency,8,BM25,parentSon,exe3/clean-text/US/2023-12-11.txt (exe3/parent-child-chunked-text/US/children/child_chunk_1143.txt),44.6808,2023
soft_decay,us,Has the official position in the last quarter of 2023 changed relative to the official position in the last quarter of 2025?,recency,8,BM25,parentSon,exe3/clean-text/US/2023-09-30.txt (exe3/parent-child-chunked-text/US/children/child_chunk_618.txt),42.8777,2023
soft_decay,us,Has the official position in the last quarter of 2023 changed relative to the official position in the last quarter of 2025?,recency,8,BM25,parentSon,exe3/clean-text/US/2023-12-05.txt (exe3/parent-child-chunked-text/US/children/child_chunk_1100.txt),41.6942,2023
soft_decay,us,Has the official position in the last quarter of 2023 changed relative to the official position in the last quarter of 2025?,recency,8,BM25,parentSon,exe3/clean-text/US/2025-04-08.txt (exe3/parent-child-chunked-text/US/children/child_chunk_3864.txt),41.6855,2025
soft_decay,us,Has the official position in the last quarter of 2023 changed relative to the official position in the last quarter of 2025?,recency,8,BM25,parentSon,exe3/clean-text/US/2023-07-03.txt (exe3/parent-child-chunked-text/US/children/child_chunk_2.txt),41.3224,2023
soft_decay,us,Has the official position in the last quarter of 2023 changed relative to the official position in the last quarter of 2025?,recency,8,BM25,parentSon,exe3/clean-text/US/2023-12-05.txt (exe3/parent-child-chunked-text/US/children/child_chunk_1099.txt),41.1019,2023
soft_decay,us,What is the latest official position regarding legislation on the protection of veterans?,recency,8,BM25,parentSon,exe3/clean-text/US/2025-10-20.txt (exe3/parent-child-chunked-text/US/children/child_chunk_5144.txt),55.8709,2025
soft_decay,us,What is the latest official position regarding legislation on the protection of veterans?,recency,8,BM25,parentSon,exe3/clean-text/US/2025-10-08.txt (exe3/parent-child-chunked-text/US/children/child_chunk_5086.txt),52.8381,2025
soft_decay,us,What is the latest official position regarding legislation on the protection of veterans?,recency,8,BM25,parentSon,exe3/clean-text/US/2025-10-15.txt (exe3/parent-child-chunked-text/US/children/child_chunk_5119.txt),52.7176,2025
soft_decay,us,What is the latest official position regarding legislation on the protection of veterans?,recency,8,BM25,parentSon,exe3/clean-text/US/2025-05-19.txt (exe3/parent-child-chunked-text/US/children/child_chunk_4160.txt),51.929,2025
soft_decay,us,What is the latest official position regarding legislation on the protection of veterans?,recency,8,BM25,parentSon,exe3/clean-text/US/2024-03-26.txt (exe3/parent-child-chunked-text/US/children/child_chunk_1695.txt),51.1379,2024
soft_decay,us,What is the latest official position regarding legislation on the protection of veterans?,recency,8,BM25,parentSon,exe3/clean-text/US/2024-04-15.txt (exe3/parent-child-chunked-text/US/children/child_chunk_1847.txt),50.7573,2024
soft_decay,us,What is the latest official position regarding legislation on the protection of veterans?,recency,8,BM25,parentSon,exe3/clean-text/US/2025-05-14.txt (exe3/parent-child-chunked-text/US/children/child_chunk_4124.txt),50.3838,2025
soft_decay,us,What is the latest official position regarding legislation on the protection of veterans?,recency,8,BM25,parentSon,exe3/clean-text/US/2025-07-28.txt (exe3/parent-child-chunked-text/US/children/child_chunk_4658.txt),49.8446,2025
soft_decay,us,how did the prime minister/president's rhetoric regarding the war between israel and hamas/gaza change between his first and last speech?,evolution,8,BM25,parentSon,exe3/clean-text/US/2024-09-17.txt (exe3/parent-child-chunked-text/US/children/child_chunk_2988.txt),97.2526,2024
soft_decay,us,how did the prime minister/president's rhetoric regarding the war between israel and hamas/gaza change between his first and last speech?,evolution,8,BM25,parentSon,exe3/clean-text/US/2024-09-17.txt (exe3/parent-child-chunked-text/US/children/child_chunk_2989.txt),82.736,2024
soft_decay,us,how did the prime minister/president's rhetoric regarding the war between israel and hamas/gaza change between his first and last speech?,evolution,8,BM25,parentSon,exe3/clean-text/US/2024-07-11.txt (exe3/parent-child-chunked-text/US/children/child_chunk_2563.txt),80.5165,2024
soft_decay,us,how did the prime minister/president's rhetoric regarding the war between israel and hamas/gaza change between his first and last speech?,evolution,8,BM25,parentSon,exe3/clean-text/US/2024-07-11.txt (exe3/parent-child-chunked-text/US/children/child_chunk_2562.txt),74.3299,2024
soft_decay,us,how did the prime minister/president's rhetoric regarding the war between israel and hamas/gaza change between his first and last speech?,evolution,8,BM25,parentSon,exe3/clean-text/US/2024-09-17.txt (exe3/parent-child-chunked-text/US/children/child_chunk_2990.txt),68.0783,2024
soft_decay,us,how did the prime minister/president's rhetoric regarding the war between israel and hamas/gaza change between his first and last speech?,evolution,8,BM25,parentSon,exe3/clean-text/US/2025-05-05.txt (exe3/parent-child-chunked-text/US/children/child_chunk_4034.txt),65.2882,2025
soft_decay,us,how did the prime minister/president's rhetoric regarding the war between israel and hamas/gaza change between his first and last speech?,evolution,8,BM25,parentSon,exe3/clean-text/US/2024-08-06.txt (exe3/parent-child-chunked-text/US/children/child_chunk_2706.txt),63.9044,2024
soft_decay,us,how did the prime minister/president's rhetoric regarding the war between israel and hamas/gaza change between his first and last speech?,evolution,8,BM25,parentSon,exe3/clean-text/US/2024-09-17.txt (exe3/parent-child-chunked-text/US/children/child_chunk_2987.txt),63.8241,2024
soft_decay,us,How has the approach to the restoration and maintenance of local and community infrastructure changed between late 2023 and late 2024?,evolution,8,BM25,parentSon,exe3/clean-text/US/2023-10-26.txt (exe3/parent-child-chunked-text/US/children/child_chunk_841.txt),66.9203,2023
soft_decay,us,How has the approach to the restoration and maintenance of local and community infrastructure changed between late 2023 and late 2024?,evolution,8,BM25,parentSon,exe3/clean-text/US/2024-02-26.txt (exe3/parent-child-chunked-text/US/children/child_chunk_1433.txt),63.3205,2024
soft_decay,us,How has the approach to the restoration and maintenance of local and community infrastructure changed between late 2023 and late 2024?,evolution,8,BM25,parentSon,exe3/clean-text/US/2023-10-26.txt (exe3/parent-child-chunked-text/US/children/child_chunk_840.txt),62.6111,2023
soft_decay,us,How has the approach to the restoration and maintenance of local and community infrastructure changed between late 2023 and late 2024?,evolution,8,BM25,parentSon,exe3/clean-text/US/2024-05-23.txt (exe3/parent-child-chunked-text/US/children/child_chunk_2168.txt),57.5831,2024
soft_decay,us,How has the approach to the restoration and maintenance of local and community infrastructure changed between late 2023 and late 2024?,evolution,8,BM25,parentSon,exe3/clean-text/US/2025-08-01.txt (exe3/parent-child-chunked-text/US/children/child_chunk_4691.txt),56.8293,2025
soft_decay,us,How has the approach to the restoration and maintenance of local and community infrastructure changed between late 2023 and late 2024?,evolution,8,BM25,parentSon,exe3/clean-text/US/2024-08-20.txt (exe3/parent-child-chunked-text/US/children/child_chunk_2776.txt),56.7995,2024
soft_decay,us,How has the approach to the restoration and maintenance of local and community infrastructure changed between late 2023 and late 2024?,evolution,8,BM25,parentSon,exe3/clean-text/US/2024-11-12.txt (exe3/parent-child-chunked-text/US/children/child_chunk_3364.txt),53.3027,2024
soft_decay,us,How has the approach to the restoration and maintenance of local and community infrastructure changed between late 2023 and late 2024?,evolution,8,BM25,parentSon,exe3/clean-text/US/2025-04-17.txt (exe3/parent-child-chunked-text/US/children/child_chunk_3917.txt),51.6853,2025
soft_decay,us,who is the minister of defense/secretary of defense?,ambiguity,8,BM25,parentSon,exe3/clean-text/US/2024-04-15.txt (exe3/parent-child-chunked-text/US/children/child_chunk_1849.txt),51.939,2024
soft_decay,us,who is the minister of defense/secretary of defense?,ambiguity,8,BM25,parentSon,exe3/clean-text/US/2024-12-09.txt (exe3/parent-child-chunked-text/US/children/child_chunk_3606.txt),51.2621,2024
soft_decay,us,who is the minister of defense/secretary of defense?,ambiguity,8,BM25,parentSon,exe3/clean-text/US/2024-05-01.txt (exe3/parent-child-chunked-text/US/children/child_chunk_1990.txt),50.2881,2024
soft_decay,us,who is the minister of defense/secretary of defense?,ambiguity,8,BM25,parentSon,exe3/clean-text/US/2025-06-25.txt (exe3/parent-child-chunked-text/US/children/child_chunk_4446.txt),48.3592,2025
soft_decay,us,who is the minister of defense/secretary of defense?,ambiguity,8,BM25,parentSon,exe3/clean-text/US/2025-06-30.txt (exe3/parent-child-chunked-text/US/children/child_chunk_4486.txt),48.3338,2025
soft_decay,us,who is the minister of defense/secretary of defense?,ambiguity,8,BM25,parentSon,exe3/clean-text/US/2025-05-07.txt (exe3/parent-child-chunked-text/US/children/child_chunk_4059.txt),47.8859,2025
soft_decay,us,who is the minister of defense/secretary of defense?,ambiguity,8,BM25,parentSon,exe3/clean-text/US/2023-07-06.txt (exe3/parent-child-chunked-text/US/children/child_chunk_13.txt),47.8624,2023
soft_decay,us,who is the minister of defense/secretary of defense?,ambiguity,8,BM25,parentSon,exe3/clean-text/US/2025-04-03.txt (exe3/parent-child-chunked-text/US/children/child_chunk_3842.txt),47.8094,2025
soft_decay,us,Who holds the position responsible for Rural Development?,ambiguity,8,BM25,parentSon,exe3/clean-text/US/2025-06-17.txt (exe3/parent-child-chunked-text/US/children/child_chunk_4366.txt),56.5802,2025
soft_decay,us,Who holds the position responsible for Rural Development?,ambiguity,8,BM25,parentSon,exe3/clean-text/US/2024-09-09.txt (exe3/parent-child-chunked-text/US/children/child_chunk_2876.txt),53.1852,2024
soft_decay,us,Who holds the position responsible for Rural Development?,ambiguity,8,BM25,parentSon,exe3/clean-text/US/2024-02-28.txt (exe3/parent-child-chunked-text/US/children/child_chunk_1464.txt),51.9628,2024
soft_decay,us,Who holds the position responsible for Rural Development?,ambiguity,8,BM25,parentSon,exe3/clean-text/US/2025-09-03.txt (exe3/parent-child-chunked-text/US/children/child_chunk_4838.txt),51.144,2025
soft_decay,us,Who holds the position responsible for Rural Development?,ambiguity,8,BM25,parentSon,exe3/clean-text/US/2025-10-21.txt (exe3/parent-child-chunked-text/US/children/child_chunk_5152.txt),50.4805,2025
soft_decay,us,Who holds the position responsible for Rural Development?,ambiguity,8,BM25,parentSon,exe3/clean-text/US/2025-05-08.txt (exe3/parent-child-chunked-text/US/children/child_chunk_4083.txt),46.0662,2025
soft_decay,us,Who holds the position responsible for Rural Development?,ambiguity,8,BM25,parentSon,exe3/clean-text/US/2025-07-02.txt (exe3/parent-child-chunked-text/US/children/child_chunk_4492.txt),43.7472,2025
soft_decay,us,Who holds the position responsible for Rural Development?,ambiguity,8,BM25,parentSon,exe3/clean-text/US/2024-02-28.txt (exe3/parent-child-chunked-text/US/children/child_chunk_1465.txt),43.5832,2024
